id,name,phone,website,rating,reviews,address,industry,distance,ownerOperated,score,status,notes
410192b3-512b-4572-b66d-d2d8e0d12ce8,Lynch Landscaping LLC,(203) 605-8359,https://www.lynchlandscapingllc.com/,4.9,18,"835 Sherman Ave, Hamden, CT 06514, USA",All,~15mi zone,True,95,Fairway,Left info with reception
6b19c917-29cc-42b4-9db4-418990e7198f,Pitch Pines Landscaping LLC,(203) 687-3734,https://www.pitchpineslandscaping1.com/,4.8,20,"319 Washington Ave Ste 4, North Haven, CT 06473, USA",All,~15mi zone,True,95,Fairway,
26a45798-f5ab-4348-9bef-f70926c731dc,Landscaping Works LLC,(860) 839-9048,http://landscapingworksct.com/,5.0,29,"684 W Center St, Southington, CT 06489, USA",All,~15mi zone,True,95,Hazard,guy called back but i missed his call
94401fc0-d962-47b8-93e6-b1031d1d4b31,DIBS LANDSCAPING,(203) 915-5441,https://www.dibslandscapingct.com/,5.0,31,"350 Chestnut St, Cheshire, CT 06410, USA",All,~15mi zone,True,95,Fairway,
9a71864a-ca12-4d6c-9d72-70b0f8d74fd1,Trusted Landscaping Llc,(203) 819-1121,https://trustedlandscapingllc.net/,4.9,44,"25 Fairview St, Waterbury, CT 06710, USA",All,~15mi zone,True,95,Green,call luis 2039280395
6998055d-eca1-40d6-9f52-a8a1cc989a80,Capasso Landscaping & Tree Removal,(203) 430-1555,https://www.capassolandscaping.com/,4.8,135,"256 Amity Rd, Bethany, CT 06524, USA",All,~15mi zone,True,95,Fairway,reception. they called back and i missed the call 
bc6e4543-b3a8-4fc9-a664-9b18c6f97ae1,DiTullio Landscaping LLC,(203) 843-5149,http://ditulliollc.com/,5.0,10,"31 Bradley St, North Haven, CT 06473, USA",All,~15mi zone,True,95,Green,emailed rocco
3ec01561-1532-4768-8bcd-63a5f6971ae4,Stone Hill Landscape - Excavation,(203) 877-9324,http://stonehilllandscape.com/,4.8,40,"229 Seymour Rd, Woodbridge, CT 06525, USA",All,~15mi zone,True,95,Hazard,
f89b4ddf-a2eb-443a-ad8b-8161889e1065,Blossom View Landscaping,(203) 272-2001,https://ronnpk.wixsite.com/website?fbclid=lwAR3l7FVJrNHEAlFscllM5JUXzdbgtCcb_p13lk1rmgSPZoatzF4WyzLKOs,4.3,24,"108 Blacks Rd, Cheshire, CT 06410, USA",All,~15mi zone,True,95,Fairway,
ea854394-1bb3-40dc-98bb-dc1686630b9b,Ferraris landscaping & home improvement LLC,(475) 234-9908,http://ferraricontractor.com/,4.8,18,"82 Conrad St, Naugatuck, CT 06770, USA",All,~15mi zone,True,95,Hazard,
670fe5e5-818b-4966-ad94-c7f660d513e5,Garcí’s tree service & landscaping LLC,(203) 922-2506,http://www.garcistree.com/,4.8,37,"628 New Haven Rd, Naugatuck, CT 06770, USA",All,~15mi zone,True,95,Fairway,guy said he would call back 
e117172e-9181-4766-993a-827ea480ad81,Ali's Nursery & Landscaping,(860) 621-6506,http://alisnursery.com/,4.3,165,"421 Buckland St, Plantsville, CT 06479, USA",All,~15mi zone,True,95,Hazard,
b66d926f-0d87-4426-b9e2-9b494091978e,Alpha Hardscapes,(475) 227-6896,http://www.alphahardscapes.com/,5.0,59,"1813 Peck Ln, Cheshire, CT 06410, USA",All,~15mi zone,True,95,Hazard,
c0c30617-5587-4816-bd5f-e82b3fa143ab,EverGreen Lawn & Landscape,(203) 941-6308,https://www.evergreenlawnandlandscape.com/,4.9,41,"1101 Main St, Watertown, CT 06795, USA",All,~15mi zone,True,95,Hazard,
647b06ca-66e2-433a-a3e8-70c951292c02,AJP Landscaping LLC,(860) 478-7162,http://ajplandscapingllc.com/,4.9,71,"33 Jr Rd, Farmington, CT 06032, USA",All,~15mi zone,True,95,Fairway,
67d1c5b5-d526-4424-82cc-91317564900f,HQ Landscaping LLC,(860) 329-6616,https://hqlandscaping.com/,4.7,20,"136 Curtiss St, Southington, CT 06489, USA",All,~15mi zone,True,95,Hazard,
0c8bab66-b2f8-41a8-ae06-85771cbd86b0,Paramount Professional Landscaping LLC,(860) 422-5625,http://www.paramountproservice.com/,4.8,29,"59 Strawberry Hill Rd, Bristol, CT 06010, USA",All,~15mi zone,True,95,Fairway,
b9f82df4-42e0-4684-b9a3-a1136f677c06,Ahlgren Landscaping,(860) 748-0780,https://ahlgrenlandscaping.com/?utm_source=LOCAL&utm_medium=ORGANIC&utm_campaign=GMB,4.3,28,"230 S Washington St UNIT 24, Plainville, CT 06062, USA",All,~15mi zone,True,95,Fairway,
5cdf9372-e2e4-4a02-8e49-b5d038a4c578,Costello Landscaping,(860) 747-1771,http://www.costellolandscaping.com/,4.7,16,"20 Wooster Ct, Bristol, CT 06010, USA",All,~15mi zone,True,95,Flagstick,texted with tim. 
0f2e91ab-a53d-4893-bd56-29043b3ecc32,J V Landscaping LLC,(860) 585-1321,http://www.jvlandscapingllc.com/,4.5,8,"55 Stafford Ave, Bristol, CT 06010, USA",All,~15mi zone,True,95,Fairway,
2dbdeaa5-42e8-40dd-b080-70a32fe48ab7,Landscapes Unlimited,(860) 621-7820,http://www.lsunlimited.com/,4.5,24,"173 Gannet Dr, Southington, CT 06489, USA",All,~15mi zone,True,95,Hazard,
50368612-a676-4b41-86d8-f94ac584b567,Affinity Landscaping,(860) 276-7872,http://affinitylandscapingct.com/,4.4,28,"39 Smith St APT 39, Terryville, CT 06786, USA",All,~15mi zone,True,95,Do Not Call,
bff46358-b1ae-4712-af12-e9afbeda92f0,Winterberry Gardens,(860) 378-0071,http://winterberrygarden.com/,4.3,156,"2070 West St, Southington, CT 06489, USA",All,~15mi zone,True,95,Do Not Call,
20e93483-75b7-47e5-a99a-5698f4d7470f,"Luis & Son, LLC",(203) 709-1170,https://www.lawnservicescompany.com/,4.6,11,"120 Anderson Ave, Waterbury, CT 06708, USA",All,~15mi zone,True,95,Hazard,
c1422255-fc10-4fe0-ba86-3b876067aa3c,Cocchiola Landscaping LLC,(203) 910-7431,https://www.facebook.com/profile.php?id=100063464684193&mibextid=LQQJ4d,5.0,3,"1133 Wolcott Rd, Wolcott, CT 06716, USA",All,~15mi zone,True,95,Fairway,
3dd3ee30-90d5-4ba2-aee8-d9c1b7c21ae6,Thomas-Hill Lawncare & Landscaping LLC,(860) 747-6761,http://www.thlawncare.com/,4.6,7,"230 S Washington St UNIT 9, Plainville, CT 06062, USA",All,~15mi zone,True,95,Fairway,receiption
ce06d956-293f-41f4-846d-b1fe3a059407,SLS Landscaping Supplies,(203) 419-0000,http://slslandscapingsupplies.com/,4.5,32,"40 Falls Ave, Waterbury, CT 06708, USA",All,~15mi zone,True,95,Fairway,
2a48f35e-45d7-4b19-97d1-d2f695dff08c,Custom Grounds Landscaping,(860) 583-6550,http://customgroundslandscape.com/,3.9,9,"111 Mines Rd, Bristol, CT 06010, USA",All,~15mi zone,True,95,Hazard,
db39cf51-4bba-4601-8478-6c439d04c07b,John's Lawn Care & Landscaping,(203) 879-9471,,4.4,5,"580 Wolcott Rd UNIT 2, Wolcott, CT 06716, USA",All,~15mi zone,True,95,Fairway,
e186a5a9-df76-4128-bf6b-2fbb2ea6e595,Country Gardens of Bristol,(860) 584-8997,http://www.countrygardensbristol.com/,4.5,15,"600 Middle St, Bristol, CT 06011, USA",All,~15mi zone,True,95,Bunker,
1f0fa0e3-9b98-49bd-8e37-841fa0142f61,Martin Landscaping & Horticultural Services LLC,(860) 585-6570,http://www.martinservicesllc.com/,4.3,19,"53 Mines Rd, Bristol, CT 06010, USA",All,~15mi zone,True,95,Fairway,
898214d4-9aea-4633-b5f2-b8ed0c892d2d,O & G Landscaping & Masonry,(860) 202-1601,,5.0,2,"1095 E Main St, Waterbury, CT 06705, USA",All,~15mi zone,True,95,Do Not Call,
28d76127-0c07-4994-a5af-be1f3acb82c2,Aiken landscaping llc,(203) 887-5667,http://aikenlandscaping.com/,5.0,38,"550 Island Ln, West Haven, CT 06516, USA",All,~15mi zone,True,95,Fairway,
3cec67a9-1be2-4ca4-bffe-a0e73b917a33,LORENZO'S LANDSCAPING & TREE SERVICE LLC,(203) 893-2714,http://lorenzoslandscapingtreeservice.com/,4.9,159,"50 Pine River Rd, North Haven, CT 06473, USA",All,~15mi zone,True,95,Hazard,
de94da55-14b9-4e93-8515-a88e04d47c8a,Professional Master Landscaping LLC,(203) 393-5673,https://professionalmasterlandscapingllc.com/,4.9,42,"40 Knox St, West Haven, CT 06516, USA",All,~15mi zone,True,95,Bunker,
d893ddf8-4dab-4cc8-86c7-0bac11b72ad2,CM Landscaping And Snow Removal,(203) 809-9395,http://www.cmlandscapings.com/,4.9,41,"107 Hoffman St, West Haven, CT 06516, USA",All,~15mi zone,True,95,Fairway,
5fdad67b-b66f-4c02-8717-2c46ccb1731f,J&M Landscaping,(203) 795-3953,http://www.jmlandscapingofct.com/,4.7,26,"85 Norman St, Orange, CT 06477, USA",All,~15mi zone,True,95,Do Not Call,
1721f8ea-aeb5-4f6b-a1c9-6c09feafbd8f,"JJBM Landscaping & Tree Removal, LLC",(203) 751-9576,http://jjbmct.com/,4.6,129,"230 Wakelee Ave, Ansonia, CT 06401, USA",All,~15mi zone,True,95,Fairway,
4677316c-f157-49e0-b582-f0a7eb6aba33,Ivy League Landscaping LLC,(203) 931-7445,http://ivyleaguelandscaping.com/,5.0,4,"50 Industry Dr, West Haven, CT 06516, USA",All,~15mi zone,True,95,Do Not Call,
e7a47d21-e0b8-4f15-b4de-4b28c337ea96,Avalanche Tree and Landscaping LLC,(203) 800-3010,https://avalanchelc.com/,4.7,51,"502 Orchard St, New Haven, CT 06511, USA",All,~15mi zone,True,95,Fairway,
a5c7f122-e0a0-4e33-ba8f-d51c5543b52a,Centi's Landscaping LLC & Tree Removal Services,(203) 507-9306,https://centislandscapingllc.com/,4.1,22,"418 Davenport Ave, New Haven, CT 06519, USA",All,~15mi zone,True,95,Fairway,
7686a90a-c1f5-4846-bb58-9781650b3761,V&V Landscaping LLC in CT Serving Fairfield Bridgeport Trumbull Stratford Shelton Seymour Derby Ansonia Hamden Woodbridge,(475) 306-1682,,4.5,26,"237 Main St, Ansonia, CT 06401, USA",All,~15mi zone,True,95,Tee Box,
9dc5ef00-4dec-4a99-a08a-86c779705d89,Amorales landscaping services llc & tree removal,(475) 343-9865,http://www.amoraleslandscapingservice.com/,5.0,11,"80 Shelton Ave, New Haven, CT 06511, USA",All,~15mi zone,True,95,Tee Box,
ae781c3a-7069-4a72-93d5-d08b121502dc,elephant ears landscaping,(203) 627-0064,https://elephantearslandscaping.com/,5.0,12,"14 Mill St, New Haven, CT 06513, USA",All,~15mi zone,True,95,Fairway,
c3b1cc5d-b364-45d4-a2aa-3ca5b7b4bef6,Executive Landscaping,(203) 407-8900,http://exec-land.com/,4.2,30,"37 Nettleton Ave, North Haven, CT 06473, USA",All,~15mi zone,True,95,Tee Box,
5b1e50c8-c9fb-43fe-80c9-b4a73fdb7108,Winslow Landscaping,(203) 673-8027,http://www.winslowlandscaping.com/,3.7,24,"139 Water St, Derby, CT 06418, USA",All,~15mi zone,True,95,Do Not Call,
33185928-d1ec-4360-9644-526a13b933c7,"Lucero & Gonzalez Landscaping in CT, Connecticut",(203) 885-9303,http://luceroandglandscapingllc.com/,5.0,9,"161 Highland Ave, East Haven, CT 06513, USA",All,~15mi zone,True,95,Tee Box,
d2675e19-b76e-4167-a2e3-721516c20fe1,Hands on Landscaping,(203) 937-2150,https://www.handsonlandscapingllc.com/,4.4,14,"115 Hood Terrace, West Haven, CT 06516, USA",All,~15mi zone,True,95,Tee Box,
998ec846-996e-451b-8a3d-ccc174c88762,Green Landscaping LLC,(203) 430-1037,https://landscaping-green.com/,5.0,6,"493 Dogwood Rd, Orange, CT 06477, USA",All,~15mi zone,True,95,Tee Box,
35c8199f-8fcd-4469-9b47-4042b44c3bcf,Sarango Landscaping & Construction Llc,(203) 430-8650,https://sarangolandscaping.com/,4.5,8,"161 Lexington Ave, New Haven, CT 06513, USA",All,~15mi zone,True,95,Tee Box,
63dd8993-a12d-4414-9c36-0429043285c3,Y&B Landscaping Tree Services LLC,(203) 721-2517,https://yandbtreeservices.com/,5.0,60,"96 High St, Ansonia, CT 06401, USA",All,~15mi zone,True,95,Tee Box,
359b87ea-4680-447a-872f-0bdcd6a744da,Barretta Gardens & Landscape,(203) 876-8123,https://barrettas.com/,4.1,31,"23 Factory St, Derby, CT 06418, USA",All,~15mi zone,True,95,Fairway,call at 11 for jenna
90cff2b5-d5c1-4ef1-be38-c8cdd228fc7f,All Area Landscaping LLC,(203) 288-2953,http://www.allarealandscaping.com/,4.3,12,"18 Crestway, Hamden, CT 06514, USA",All,~15mi zone,True,95,Fairway,
bf52123c-96dd-46eb-b719-196e840088e3,Mag Landscaping Llc,(203) 906-8259,https://www.maglandscapingllc.com/,5.0,3,"86 Springside Ave, New Haven, CT 06515, USA",All,~15mi zone,True,95,Fairway,
c3ee2aca-6ccc-40f8-a38c-ef1907c473e9,Matt's Meticulous Landscaping,(203) 584-0272,http://www.meticulousyard.com/,3.7,3,"249 Oliver Rd, New Haven, CT 06515, USA",All,~15mi zone,True,95,Fairway,
305bfb70-cbba-4eb5-8f94-9678fd91bafe,J and H Landscaping CT,(203) 619-3192,https://jandhlandscapingct.com/,4.9,99,"159 b N Colony Rd, Wallingford, CT 06492, USA",All,~15mi zone,True,95,Do Not Call,
c0fb0888-cdad-4b40-aad4-d9e88439d196,CT Master Lawn & Services LLC,(860) 306-7380,http://www.ctmasterlawn.com/,5.0,90,"32 Meadow Rd, Cromwell, CT 06416, USA",All,~15mi zone,True,95,Do Not Call,
c5b8176d-136b-4cf6-b0b3-c1c6f679e081,"Lawrence Landscaping, LLC",(860) 518-4876,https://lawrencelandscapingct.com/,5.0,8,"65 Stockings Brook Rd, Kensington, CT 06037, USA",All,~15mi zone,True,95,Green,
838f5676-0284-4d76-a416-4a756d66aabe,Bear Rock Landscaping llc,(860) 250-7285,http://bearrocklandscaping.com/,4.8,20,"169 Bear Rock Rd, Durham, CT 06422, USA",All,~15mi zone,True,95,Tee Box,
0b946149-db66-4881-a47b-09ded78c1bc0,Delgado's Landscaping LLC.,(203) 715-9663,http://www.delgadoslandscapingllc.com/,4.6,9,"Reynolds Dr, Meriden, CT 06450, USA",All,~15mi zone,True,95,Tee Box,
9f4b14c6-5f80-419a-8d4d-2de25a5beda5,Hardscapes Landscaping LLC,(203) 234-1915,http://hardscapeslandscaping.com/,4.2,27,"47D N Plains Industrial Rd, Wallingford, CT 06492, USA",All,~15mi zone,True,95,Fairway,
d6b2f7a6-85c9-43e1-ad95-5ac15f7fe6f1,Christensen Landscape Services LLC,(203) 484-0424,https://www.christensenlandscape.com/,4.5,15,"325 Reeds Gap Rd, Northford, CT 06472, USA",All,~15mi zone,True,95,Tee Box,
fcd4cd7b-13dd-46bd-9f36-8f9b878ab796,Sunrise Pro Landscape Supply,(203) 252-4000,https://www.sunriseprolandscapesupply.com/,5.0,22,"210 Main St, Wallingford, CT 06492, USA",All,~15mi zone,True,95,Tee Box,
70b2a8b6-b889-4ce1-9cf8-7c4e11930568,Scovill's Landscape Contractors,(860) 635-2639,http://scovillslandscapecontractors.com/,5.0,38,"18 Hillside Rd, Cromwell, CT 06416, USA",All,~15mi zone,True,95,Tee Box,
0d3087c6-2a0f-4cdc-887e-6cff5c6a65d4,Lion's Creek Outdoor,(203) 824-7564,https://www.lionscreekconstruction.com/,5.0,39,"1054 Clintonville Rd, Wallingford, CT 06492, USA",All,~15mi zone,True,95,Tee Box,
8ba01755-adf4-482e-a58d-bba23e73f452,Torrison Stone & Garden,(860) 349-0119,https://www.torrisonstone.com/,4.4,113,"422 Main St, Durham, CT 06422, USA",All,~15mi zone,True,95,Tee Box,
6916b209-18c3-4315-97e9-a665c2d02be4,FPO Landscaping LLC,(860) 759-7955,https://fpolandscaping.com/,4.9,9,"Gina Dr, Durham, CT 06422, USA",All,~15mi zone,True,95,Fairway,
7fe85b14-66f9-44e7-bd8e-9d2cf22691e4,Wallingford Lawn Care LLC,(203) 208-9899,https://wallingfordlawncare.com/,5.0,25,"St, Wallingford, CT 06492, USA",All,~15mi zone,True,95,Fairway,
b53e50d6-b12d-439d-933b-0c7996a2e33b,Newtown Landscaping Pro,(203) 580-4323,http://www.newtownlandscapingpro.com/,4.8,48,"23 Commerce Rd #5, Newtown, CT 06470, USA",All,~15mi zone,True,95,Fairway,
74b4b145-9307-45bf-a82d-cf96f4be3a02,Landscaping Unlimited,(203) 426-0208,http://www.landunlim.com/,4.7,24,"2 Bridge End Farm Ln, Sandy Hook, CT 06482, USA",All,~15mi zone,True,95,Tee Box,
67a872a0-d95c-457f-8405-9638cf795b4f,"Giglio Landscape Services, LLC",(203) 270-4585,https://gigliolandscape.com/,4.9,66,"71 S Main St Unit 7, Newtown, CT 06470, USA",All,~15mi zone,True,95,Fairway,
f29a5718-5cb7-48d2-a345-bc0eb814c67e,Pro Landscaping of Southbury,(203) 275-0311,http://www.prolandscapingsouthbury.com/,4.7,30,"400 Main St S, Southbury, CT 06488, USA",All,~15mi zone,True,95,Tee Box,
108ebbb0-83b3-4793-b884-39defa1f5051,A.T.P. Landscaping,(203) 264-7771,https://atplandscaping.com/,4.8,25,"265 Horse Fence Hill Rd, Southbury, CT 06488, USA",All,~15mi zone,True,95,Tee Box,
642b8f6c-f9c6-4575-99dc-69cec6271b80,J & M Landscape Design,(203) 264-1109,https://www.jandmlandscapedesign.com/,5.0,8,"85 Fox Rd, Woodbury, CT 06798, USA",All,~15mi zone,True,95,Tee Box,
dd160b53-0435-4354-b7ee-dec87463b4cc,Rooster's Landscape & Garden Supply Llc,(203) 308-6682,http://roosterslgs.com/,4.5,77,"20 New Haven Rd, Seymour, CT 06483, USA",All,~15mi zone,True,95,Tee Box,
e0ce332f-1baa-4fa7-a047-7ad1b969dfcf,Keith's Advanced Landscaping,(860) 250-6549,https://www.keithsadvancedlandscaping.com/,5.0,30,"16 Clifford St, Newington, CT 06111, USA",All,~15mi zone,True,95,Tee Box,
9bee9607-94b7-44c5-b8f7-d377d9adf649,"M&G Landscaping, LLC",(860) 516-0866,http://www.mnglandscaping.com/,4.6,66,"310R Newington Rd, West Hartford, CT 06110, USA",All,~15mi zone,True,95,Tee Box,
49b29177-0203-488c-ba13-bd4aa1406ec6,Lentini Landscaping LLC,(860) 921-2549,https://lentinilandscaping.jobbersites.com/,4.8,18,"105 Ashland Ave, Newington, CT 06111, USA",All,~15mi zone,True,95,Tee Box,
22724402-553c-4764-ba3c-f279a9625ff7,Temo Landscaping & Tree Service,(860) 883-8197,http://temolandscaping.com/,5.0,16,"44 Sherbrooke Ave, Hartford, CT 06106, USA",All,~15mi zone,True,95,Tee Box,
61c31d7d-2a18-4064-bc3b-7eeb562dd21c,"Plummer All Season Landscaping, LLC",(860) 632-0007,http://plummerlandscaping.com/,4.4,21,"224 Shunpike Rd, Cromwell, CT 06416, USA",All,~15mi zone,True,95,Tee Box,
129b950e-cd1b-401b-8c36-0ac2600f4fcc,Simply Landscaping LLC,(860) 402-2168,https://simplylandscapingct.com/,5.0,3,"115 Augusta Dr, Newington, CT 06111, USA",All,~15mi zone,True,95,Tee Box,
5ca351fa-2290-4987-8057-403362681499,Five Star Lawn & Landscape LLC,(860) 539-2469,https://www.fivestarlawnlandscaping.com/,4.8,42,"105 Pane Rd Unit C, Newington, CT 06111, USA",All,~15mi zone,True,95,Tee Box,
1d3a2c90-fed7-4143-84ea-dd24b63362e6,Dirt and Stone Landscaping,(860) 680-6401,http://www.dirtandstonelandscaping.com/,5.0,4,"95 Foster St, Newington, CT 06111, USA",All,~15mi zone,True,95,Tee Box,
1fdefe21-9bff-46e9-82a6-f3474fd4c131,Hillside Landscaping Co.,(860) 828-8929,https://www.hillsidescapes.com/,4.4,13,"162 Burnham St, Berlin, CT 06037, USA",All,~15mi zone,True,95,Tee Box,
27fd2658-6680-48fd-b53b-199085ef37d8,Bellingrath Bros. Landscape & Design,(860) 490-2817,https://bbroslandscaping.com/,4.7,27,"45 Spring St, Newington, CT 06111, USA",All,~15mi zone,True,95,Tee Box,
e87812d6-2885-4ef5-9c3f-189d4212674b,Al's Landscaping & Nursery,(860) 667-1822,http://www.alslandscaping.com/,4.8,30,"204 Kelsey St, Newington, CT 06111, USA",All,~15mi zone,True,95,Tee Box,
9ab84378-67fa-4d43-9b57-3134ef21683f,Olive Creek Landscaping LLC,(860) 804-0558,http://www.olivecreeklandscapingllc.com/,4.9,13,"54 Belmont St, New Britain, CT 06053, USA",All,~15mi zone,True,95,Tee Box,
6b975727-42c1-402c-b9eb-7d9a45d31400,A H Hutchinson Landscaping Llc,(860) 563-5801,http://ahhland.com/,4.1,10,"451 Maple St, Wethersfield, CT 06109, USA",All,~15mi zone,True,95,Tee Box,
19bce4e0-f7d1-4b6f-ab96-3a0e83988e9e,Dill Landscaping & Fence Company,(860) 966-2281,https://dillandscaping.com/,5.0,13,"624 Wethersfield Ave, Hartford, CT 06114, USA",All,~15mi zone,True,95,Tee Box,
42e1fc76-e865-45ed-b4ad-b20348baca24,Trout Brook Arborists - Landscaping & Tree Services,(860) 888-8472,https://troutbrooktree.com/,4.9,227,"69 Talcott Rd, West Hartford, CT 06110, USA",All,~15mi zone,True,95,Tee Box,
3b287d46-8ab3-43e9-8464-9f1f1231315c,Stonehedge Ldscpg And Garden Center,(860) 667-1158,http://www.stonehedgelandscapingco.com/,4.6,235,"1616 Willard Ave, Newington, CT 06111, USA",All,~15mi zone,True,95,Tee Box,
010483d4-e6df-4cd7-bd0b-5bf0075d51c6,American Landscaping (Tree Service),(860) 983-1377,https://american-landscaping.com/,4.7,80,"69 Talcott Rd, West Hartford, CT 06110, USA",All,~15mi zone,True,95,Tee Box,
e9103e63-e425-406c-b003-95a76815dbcf,Donnellan & Sons Landscaping,(860) 953-2824,https://www.donnellanlandscaping.com/,4.0,8,"121 Styles Ave, Newington, CT 06111, USA",All,~15mi zone,True,95,Tee Box,
c17009ab-5917-438a-859d-db0aed806c48,Brooks Landscaping LLC,(203) 266-6363,http://www.brookslandscapingct.com/,4.4,38,"321 Main St S, Bethlehem, CT 06751, USA",All,~15mi zone,True,95,Tee Box,
8332d8d5-75fb-459a-a62a-765e48098545,Oak Hills Landscaping,(860) 307-5841,http://www.oakhillslandscaping.com/,5.0,6,"161 Watertown Rd, Morris, CT 06763, USA",All,~15mi zone,True,95,Tee Box,
73a3e95c-02dd-41e8-853e-525e1393554b,Clean Cut Landscaping,(203) 481-5680,http://www.cleancutlandscapingct.com/,4.5,35,"190 Totoket Rd, North Branford, CT 06471, USA",All,~15mi zone,True,95,Tee Box,
1ea6801a-22a4-4d9a-964c-748eb3c13f30,Shorehaven Landscape,(203) 244-8988,https://www.shorehavenlandscape.com/,5.0,47,"497 E Main St, Branford, CT 06405, USA",All,~15mi zone,True,95,Tee Box,
7a35f8a1-f91f-4a64-ab1e-ea57a5bfbbac,Landscaping with Hart LLC. ®️,(203) 915-8763,http://www.landscapingwithhartllc.com/,5.0,4,"178 Race Hill Rd, Guilford, CT 06437, USA",All,~15mi zone,True,95,Tee Box,
71c17a39-98b3-412f-ae92-ba72d077525b,DeiesoLandscaping LLC,(203) 500-3524,http://www.deiesolandscaping.com/,5.0,27,"32 Wilson St, East Haven, CT 06512, USA",All,~15mi zone,True,95,Tee Box,
f0c3add7-d824-4aa2-a8e3-9e62d6138d7b,Sachem Landscaping,(203) 458-6389,http://sachemlandscaping.com/,4.4,14,"44 Norton Ave, Guilford, CT 06437, USA",All,~15mi zone,True,95,Tee Box,
02d3df72-976a-46ed-ab6b-6c77241568e2,Perfect Landscaping LLC,(203) 239-2382,http://www.perfectlandscapingct.com/,3.5,8,"80 Salvatore Dr, North Haven, CT 06473, USA",All,~15mi zone,True,95,Tee Box,
2b172c9d-e5b9-4c24-8213-ba909a668979,Demar's Landscaping,(203) 483-5252,http://www.demarslandscapingct.com/,4.0,10,"454 E Main St, Branford, CT 06405, USA",All,~15mi zone,True,95,Tee Box,
3f213614-e3fe-4d1b-9e1f-0ac165d803e3,Team Landscaping Services,(203) 488-3645,https://www.teamlandscaping.net/,5.0,3,"42 Tabor Dr #4, Branford, CT 06405, USA",All,~15mi zone,True,95,Tee Box,
57bbf8ee-0e9a-4807-84a5-5d39f652654c,Rocko's Landscaping,(475) 201-4656,https://rockoslandscaping.com/,5.0,2,"83 Elliot St, New Haven, CT 06519, USA",All,~15mi zone,True,95,Tee Box,
c1874c69-071c-416f-811f-05f2b1d3af40,Affordable Landscaping & Tree Service LLC,(203) 214-9216,http://www.affordablelandscapingandtreellc.com/,3.9,8,"120 Church St, Hamden, CT 06514, USA",All,~15mi zone,True,95,Tee Box,
2b18d091-879a-4208-883e-9b1de8c3abc8,Cutting Edge Landscape & Lawncare LLC,(203) 685-6011,https://www.cuttingedgelandscapect.com/,5.0,38,"31 Doris St, Trumbull, CT 06611, USA",All,~15mi zone,True,95,Tee Box,
93490bcc-b51a-4788-bc11-960f6028e69b,Russ' Landscape Service LLC,(203) 650-4288,https://www.russlandscape.com/,5.0,12,"7 Ledgewood Rd, Shelton, CT 06484, USA",All,~15mi zone,True,95,Tee Box,
423bdb11-17eb-4468-bb32-aaf936b66ce4,Silverhill Landscaping,(203) 428-8011,http://www.silverhilllandscaping.com/,5.0,14,"6 Old Teller Rd, Trumbull, CT 06611, USA",All,~15mi zone,True,95,Tee Box,
4f18204c-dfbf-400d-ab9c-5a03144a92b0,Ace Landscaping LLC,(203) 205-9422,https://acelandscapingllc.com/,4.6,32,"88 Scenic Hill Rd, Trumbull, CT 06611, USA",All,~15mi zone,True,95,Tee Box,
b089b489-c3e3-4699-8bee-7ad5e74d34a8,PJ's Landscape & Design LLC,(203) 545-9126,http://pjlandscape.com/,5.0,10,"494 Bridgeport Ave Suite 101-386, Shelton, CT 06484, USA",All,~15mi zone,True,95,Tee Box,
8bc57ea3-5e8d-4849-b64f-082be6384f7a,RE/MAX RISE,(203) 714-6479,http://remaxrisect.com/,4.8,52,"175 Church St, Naugatuck, CT 06770, USA",All,~15mi zone,True,95,Tee Box,
bc35b912-3918-4682-9634-8619490cb585,Advise Realty Services,(203) 996-1506,http://adviserealtyservices.com/,5.0,81,"Advise Realty Services, 35 N Main St Suite 2H, Southington, CT 06489, USA",All,~15mi zone,True,95,Tee Box,
c9e8805e-e5cb-403f-a755-742c5ed97875,Toledo Realty CT,(203) 808-9724,https://toledorealtyct.com/,4.9,80,"39 Meriden Rd, Waterbury, CT 06705, USA",All,~15mi zone,True,95,Tee Box,
0ca37d10-f184-4ed4-b486-8cb7c71f9521,Brass Moon Realty,(203) 945-1000,http://brassmoonrealty.com/,4.7,43,"2 Lakewood Rd, Waterbury, CT 06704, USA",All,~15mi zone,True,95,Tee Box,
d1d1c048-f5b7-4d2d-a00c-5889abcf90a9,Calcagni Real Estate,(203) 272-1821,http://www.calcagni.com/,4.9,152,"975 S Main St, Cheshire, CT 06410, USA",All,~15mi zone,True,95,Tee Box,
9c4178a6-873c-4e25-b426-c67c25e8c034,Better Living Realty LLC,(203) 756-2520,http://www.betterlivingrealtyllc.com/,4.8,28,"348 Frost Rd UNIT 1, Waterbury, CT 06705, USA",All,~15mi zone,True,95,Tee Box,
4ac00fb3-2980-42b8-a410-229a26abd5df,Best Real Estate Brokerage LLC,(860) 255-4112,https://bestrealestatect.com/,5.0,43,"40 N Main St, Southington, CT 06489, USA",All,~15mi zone,True,95,Tee Box,
0101d6bc-b56d-4b0e-85ec-457226149e74,Realty 3 CT,(860) 621-7323,http://www.realty3ct.com/,4.8,128,"276 N Main St, Southington, CT 06489, USA",All,~15mi zone,True,95,Tee Box,
76a465b8-0530-4d23-81d2-1fd27eaae3c9,"Pavlik Real Estate, LLC",(203) 758-4416,http://www.pavlikctrealestate.com/,4.7,28,"3 Union City Rd, Prospect, CT 06712, USA",All,~15mi zone,True,95,Tee Box,
6e2e19d3-4c36-4c71-a5e4-5e11058c9e8f,Century 21 AllPoints Realty,(860) 621-8378,http://www.century21allpointsrealty.com/,3.7,37,"117 N Main St, Southington, CT 06489, USA",All,~15mi zone,True,95,Tee Box,
0dacc58d-fe81-4f3a-8fab-4a985935a67b,Dorrance Realty,(203) 718-3305,https://dorrancerealty.com/contact-us/,4.0,16,"609 W Johnson Ave, Cheshire, CT 06410, USA",All,~15mi zone,True,95,Tee Box,
d9858c4f-5857-441a-bea7-fe45baf74740,"Coldwell Banker Realty 2000 LLC, Connecticut",(203) 706-1222,http://www.cbrealty2000.com/,4.9,7,"185 Meadow St, Naugatuck, CT 06770, USA",All,~15mi zone,True,95,Tee Box,
9eb4c8c1-0257-496f-8b0a-03efade9da90,Gary Brummett Real Estate,(860) 539-3067,http://garybrummett.exprealty.com/,5.0,31,"238 Budding Ridge Rd, Southington, CT 06489, USA",All,~15mi zone,True,95,Tee Box,
8956e9bd-cdd5-4014-a3e7-cc296ba9ebee,"Lamacchia Realty - Southington, CT",(860) 426-6886,https://www.lamacchiarealty.com/southington-office/,5.0,128,"1210 Meriden-Waterbury Turnpike Suite 2, Plantsville, CT 06479, USA",All,~15mi zone,True,95,Tee Box,
c0e8737e-b3f0-45dc-9419-eba6fef6620d,Joe Cafasso Real Estate Professional,(203) 444-0964,http://www.thecafassogroup.com/,5.0,19,"21 Perkins Rd, Bethany, CT 06524, USA",All,~15mi zone,True,95,Tee Box,
cb4764fb-5b9b-4411-81e7-7d1efd323d52,Monica Palmerie Real Estate Agent - RE/MAX Rise,(203) 217-8804,https://monicapalmerie.remax.com/,4.9,53,"1079 S Main St, Cheshire, CT 06410, USA",All,~15mi zone,True,95,Tee Box,
5d7130b3-20c6-42e2-96b5-3706ece7c1f1,Fiorelli Realty Connecticut,(203) 881-6296,http://www.fiorellirealty.com/,5.0,47,"297 Oxford Rd, Oxford, CT 06478, USA",All,~15mi zone,True,95,Tee Box,
9da03aa2-dd9d-4b19-b5bc-8afa77117b48,First Choice Real Estate LLC,(203) 288-6330,https://firstchoicehamden.com/,4.6,11,"2969 Whitney Ave #2, Hamden, CT 06518, USA",All,~15mi zone,True,95,Tee Box,
c4dce8db-c3b5-4c8d-ad7c-0fb264148262,West View Properties,(860) 274-7838,https://westviewprop.com/,5.0,29,"1400 Main St #3, Watertown, CT 06795, USA",All,~15mi zone,True,95,Tee Box,
04ea1d43-10c3-4ed8-8a8d-5c4ec97d45af,"Mark Tavares Realty, LLC",(203) 720-7172,http://marktavaresrealty.com/,3.4,5,"305 Church St Suite 12, Naugatuck, CT 06770, USA",All,~15mi zone,True,95,Tee Box,
b685380c-2e16-47ab-8419-3d476aa57460,Mapleridge Realty,(203) 528-3872,https://mapleridgerealtyllc.com/contact/,4.9,19,"911-913 Meriden Rd, Waterbury, CT 06705, USA",All,~15mi zone,True,95,Tee Box,
f13454ea-6898-4ed3-8c84-6ba2ffa3ec30,ERA Treanor Real Estate,(860) 810-6210,http://www.allcthomes.com/,4.7,15,"31 Liberty St Suite 109, Southington, CT 06489, USA",All,~15mi zone,True,95,Tee Box,
7211c9e9-1424-4663-991c-7bde1807a0d7,CTproperties at Keller Williams Realty,(203) 996-8360,http://www.ctproperties.net/,4.4,36,"Personal Office, 325 S Main St, Cheshire, CT 06410, USA",All,~15mi zone,True,95,Tee Box,
31809fb7-bba9-4210-b74b-290f0188bd1f,Lana Ogrodnik Real Estate Broker,(203) 910-4538,https://showcasect.com/agents/lana-ogrodnik/,4.7,26,"1810 Meriden Rd, Wolcott, CT 06716, USA",All,~15mi zone,True,95,Tee Box,
abbcdcb5-ca2a-442d-9d19-7112c6f6e018,Greater CT Real Estate,(203) 800-0646,http://www.greaterctrealestate.com/,5.0,10,"847 S Main St #697, Plantsville, CT 06479, USA",All,~15mi zone,True,95,Tee Box,
2d7eb885-c49a-44d3-91c1-bfeb3050024d,Linda Mayfield realtor,(203) 490-9394,https://linda-mayfield.remax.com/,5.0,63,"175 Church St, Naugatuck, CT 06770, USA",All,~15mi zone,True,95,Tee Box,
b8393fee-2fca-4ada-ae98-0d7c797837b4,Seigel Team At RE/MAX Rise,(203) 494-3888,http://www.seigelteam.com/,5.0,95,"1079 S Main St, Cheshire, CT 06410, USA",All,~15mi zone,True,95,Tee Box,
201a9b66-49c8-4cd1-b3ff-35932a5d8092,"Kathleen Maloney, Coldwell Banker Realty",(203) 213-9198,https://www.kathleenmaloneyrealty.com/,5.0,29,"680 S Main St, Cheshire, CT 06410, USA",All,~15mi zone,True,95,Tee Box,
779fd686-01e1-4827-97d8-4d281f4cbd53,Perrella Realty,(860) 621-7130,https://www.perrellarealty.com/,5.0,4,"894 S Main St, Plantsville, CT 06479, USA",All,~15mi zone,True,95,Tee Box,
c5e6aec1-462e-4120-bbb6-25f0365d9b46,Coldwell Banker Realty - Cheshire Office,(203) 272-1633,https://www.coldwellbankerhomes.com/ct/cheshire/office/cheshire-office/oid_469/?utm_source=google&utm_medium=organic&utm_campaign=gmb&utm_content=CT_Chesire,4.5,17,"680 S Main St #101, Cheshire, CT 06410, USA",All,~15mi zone,True,95,Tee Box,
ad11ecc0-55fc-4880-8a4a-887a9e3027c7,Don Orsini Realty LLC,(203) 525-5134,http://donorsinirealty.com/,5.0,20,"62 Mapleridge Dr, Waterbury, CT 06705, USA",All,~15mi zone,True,95,Tee Box,
6d985295-9807-4dc5-88ae-f19ac14736ad,Better Homes and Gardens Real Estate Bannon & Hebert,(203) 758-1300,https://www.bhgre.com/better-homes-and-gardens-real-estate-bannon-&-hebert-7421c/middlebury-office-224067d?src=brk-hp-office&utm_source=google&utm_medium=local&utm_campaign=localmaps&utm_content=1400154,5.0,6,"590 Middlebury Rd Suite E, Middlebury, CT 06762, USA",All,~15mi zone,True,95,Tee Box,
ec4f0ff6-9a39-4dc8-af01-db915b5e9435,William Raveis Real Estate - Cheshire,(203) 272-0001,https://www.raveis.com/Office/CT/Cheshire/2?utm_source=google-my-business&utm_medium=organic&utm_campaign=CheshireCT,4.6,11,"465 S Main St, Cheshire, CT 06410, USA",All,~15mi zone,True,95,Tee Box,
f8e670d1-1262-4fa6-b233-02a6043d6d38,"Stuart Sullivan, RE/MAX Rise Real Estate",(475) 333-2988,https://www.remax.com/real-estate-agents/stuart-sullivan-naugatuck-ct/102213291,5.0,6,"175 Church St, Naugatuck, CT 06770, USA",All,~15mi zone,True,95,Tee Box,
e51b33ea-be59-46df-9c7c-0095dd753400,"Alex LaRosa, Calcagni Real Estate",(203) 592-8433,https://www.calcagni.com/a-few-new-calcagni-agents/,4.9,47,"330 S Main St, Cheshire, CT 06410, USA",All,~15mi zone,True,95,Tee Box,
64a81cfb-9158-4a50-bfcd-4d1b45244991,The Lewis Team at Coldwell Banker Realty,(203) 610-9670,https://www.homesnap.com/Ralph-Lewis-3/gmb2,4.9,74,"330 S Main St, Cheshire, CT 06410, USA",All,~15mi zone,True,95,Tee Box,
8afadf0d-95aa-4a51-ba03-39fdd2cafb9f,"Sharon Kastner, Realty 3 CT - Real Estate Agent Connecticut",(860) 919-4446,https://www.homesnap.com/Sharon-Kastner/gmb,5.0,29,"276 N Main St, Southington, CT 06489, USA",All,~15mi zone,True,95,Tee Box,
63472df4-4bc8-49a4-9f92-86d8f06e353a,"Ken Demirs, Regency Real Estate, LLC",(860) 483-1107,https://www.homesnap.com/Kenneth-Demirs/gmb,5.0,54,"424 Main St, Watertown, CT 06795, USA",All,~15mi zone,True,95,Tee Box,
5202c5c7-f39a-4270-b56d-0a4498a5a8b2,"Stacey DeAngelis, Calcagni Real Estate",(203) 494-7068,https://www.homesnap.com/Stacey-Deangelis/gmb,5.0,77,"975 S Main St, Cheshire, CT 06410, USA",All,~15mi zone,True,95,Tee Box,
8a1e2a53-70d9-4891-8e2b-17233d0ae701,Elizabeth Urbanski Real Estate,(860) 518-7445,http://www.elizabethsellsct.com/,5.0,26,"680 S Main St, Cheshire, CT 06410, USA",All,~15mi zone,True,95,Tee Box,
c4c868b1-99f6-486b-b165-5127ab4a5377,Tier 1 Real Estate,(860) 578-2016,https://www.tier1realestate.com/?utm_campaign=gmb,4.8,115,"985 Farmington Ave, Bristol, CT 06010, USA",All,~15mi zone,True,95,Tee Box,
c021c9c0-6b0a-4c89-987b-375ea67822ab,CONNECTICUT REAL ESTATE BROKERAGE,(860) 880-0597,https://connecticutrealestate.online/,5.0,60,"29 Broadview Hts Ext, Thomaston, CT 06787, USA",All,~15mi zone,True,95,Tee Box,
637b16f3-970b-4fb1-9872-4f74e5280a39,Country Manor Realty,(860) 589-2100,http://www.cmrbristol.com/,5.0,26,"508 Farmington Ave, Bristol, CT 06010, USA",All,~15mi zone,True,95,Tee Box,
6e0e9c9e-39c4-4af5-bc6e-62f2969501c8,Stone Crest Realty,(860) 283-2225,http://www.homesbyscr.com/,4.9,28,"13 S Main St, Thomaston, CT 06787, USA",All,~15mi zone,True,95,Tee Box,
9b4e6d99-3ecd-42c9-8cfd-f752314bfe1a,Henri Martin Real Estate,(860) 589-0101,http://henrimartinrealestate.com/,4.4,13,"531 Broad St, Bristol, CT 06010, USA",All,~15mi zone,True,95,Tee Box,
756a60d7-970d-4e54-8dc3-b3a023e129ae,"Stanley Martone, CT Realtor, Broker Associate",(203) 631-4312,http://stanleymartone.com/,5.0,97,"100 Queen St, Southington, CT 06489, USA",All,~15mi zone,True,95,Tee Box,
00340ce2-1e25-4413-b291-dfcc3b94c241,Bottom Line Realty,(860) 585-9047,https://www.bottomlinesold.com/,4.6,27,"54 Pine St, Bristol, CT 06010, USA",All,~15mi zone,True,95,Tee Box,
ca47bd8e-87f0-4d1e-9862-ee1865e0d0b0,Calcagni Real Estate,(860) 621-1821,http://www.calcagni.com/,4.9,48,"100 Queen St suite 6A, Southington, CT 06489, USA",All,~15mi zone,True,95,Tee Box,
dc2f50f3-cb8e-47dc-a128-be2523d7857d,"Putnam Agency Real Estate, LLC",(860) 628-5691,http://www.putnamagencyrealestate.com/,4.2,6,"963 Queen St a, Southington, CT 06489, USA",All,~15mi zone,True,95,Tee Box,
b0d81626-4d55-4b8a-a9ec-7e3130216150,Coldwell Banker Realty,(860) 628-2212,http://www.coldwellbankerpremiere.com/,4.8,12,"142 Queen St, Southington, CT 06489, USA",All,~15mi zone,True,95,Tee Box,
ad7399d6-c9d2-4e78-b442-c55f670c78e3,Select Realty Associates,(860) 583-9977,http://selectrealtyct.com/,5.0,1,"88 Pine St, Bristol, CT 06010, USA",All,~15mi zone,True,95,Tee Box,
4b8c1835-4f4f-4019-b397-aed02ef856bf,"Arlinda Gesner Realty, LLC",(203) 560-0875,https://www.arlindagesner.realtor/,5.0,13,"173 School St, Bristol, CT 06010, USA",All,~15mi zone,True,95,Tee Box,
35b2aaf1-2b58-4c2c-a269-eb87996b417f,"Lisa Rinaldini DeMartin,Real Estate Broker",(860) 810-8444,http://www.lisadrealtor.com/,5.0,25,"142 Queen St, Southington, CT 06489, USA",All,~15mi zone,True,95,Tee Box,
89fc78a1-10af-4dc7-968a-fa9756b7303e,"Raúl De Jesús Jr., Berkshire Hathaway HomeServices New England Properties Real Estate Hartford",(860) 577-2018,http://www.rauldejesusjr.com/,5.0,6,"340 Main St, Farmington, CT 06032, USA",All,~15mi zone,True,95,Tee Box,
12227cc0-83a9-460f-8f8c-940c42c8384f,Morrow Realty LLC,(860) 584-0510,http://www.morrowrealtyllc.com/,4.2,5,"39 Washington St l, Bristol, CT 06010, USA",All,~15mi zone,True,95,Tee Box,
f111e5c7-0ddc-4ab1-8ed9-8fc09c5b2414,"Shelly Meister, Realty 3 CT - Broker",(860) 655-3711,https://www.facebook.com/ShellyMeisterREALTOR/,4.9,60,"276 N Main St, Southington, CT 06489, USA",All,~15mi zone,True,95,Tee Box,
8c5ad959-a565-4f83-b36a-d491879846d3,Coldwell Banker Premiere,(860) 793-0349,https://www.coldwellbankerpremiere.net/,5.0,20,"260 East St, Plainville, CT 06062, USA",All,~15mi zone,True,95,Tee Box,
96102ae0-2bd0-40b6-91dd-dca26f9d2292,Berkshire Hathaway HomeServices New England Properties,(860) 677-4949,https://www.bhhsneproperties.com/office/farmington,4.6,9,"340 Main St, Farmington, CT 06032, USA",All,~15mi zone,True,95,Tee Box,
b9f3eb6f-14e6-43e3-a934-3906d7e6e518,Florian Properties,(860) 276-8208,http://florianproperties.com/,3.6,9,"98 Main St Suite 102, Southington, CT 06489, USA",All,~15mi zone,True,95,Tee Box,
23ef4f80-c7f3-4c3f-9dcf-8cdd0fc273e4,Seabury-Hill Realtors,(203) 562-1220,http://www.seaburyhill.com/,4.9,149,"233 Wooster St Unit 1, New Haven, CT 06511, USA",All,~15mi zone,True,95,Tee Box,
a99ab854-b20c-41a6-92ec-223c39b34732,"GRL and Realtors, LLC",(203) 781-0000,https://www.grlandrealtors.com/,4.9,133,"86 Chestnut St Suite 1, New Haven, CT 06511, USA",All,~15mi zone,True,95,Tee Box,
52fca3d8-cd59-4c04-92fb-5985248a8a57,Pearce Real Estate,(203) 776-1899,https://www.hpearce.com/real-estate-office/new-haven-ct/?utm_source=google&utm_medium=organic-search&utm_campaign=gmb-main,4.0,16,"32 Whitney Ave, New Haven, CT 06510, USA",All,~15mi zone,True,95,Tee Box,
b92041d6-7ad5-4a94-9949-055665c9df6c,Charles Kroopneck Real Estate,(203) 668-4954,http://www.kroopneck.com/,5.0,55,"203 Campbell Ave, West Haven, CT 06516, USA",All,~15mi zone,True,95,Tee Box,
90264bf5-cf5f-447b-95f0-8d2fdf49f0fc,Pearce Real Estate,(203) 281-3400,https://www.hpearce.com/real-estate-office/north-haven-ct/?utm_source=google&utm_medium=organic-search&utm_campaign=gmb-main,4.8,8,"393 State St, North Haven, CT 06473, USA",All,~15mi zone,True,95,Tee Box,
7707d218-42cd-4717-a98c-a35479e883b3,RE/MAX Showcase,(203) 263-1111,https://ctres.homes/,4.5,13,"947 State St, New Haven, CT 06511, USA",All,~15mi zone,True,95,Tee Box,
e223cfea-57ef-478f-a512-eb53abe78a44,"HJL Realty, LLC",(203) 387-5728,https://hjlrealtygroup.com/,5.0,81,"401 Blake St, New Haven, CT 06515, USA",All,~15mi zone,True,95,Tee Box,
e6336e99-d664-4d5f-91b1-1a827d981024,Pulse Realty LLC,(203) 672-4888,http://pulserealty.com/,4.7,10,"817 Grand Ave, New Haven, CT 06511, USA",All,~15mi zone,True,95,Tee Box,
fb7a6ece-b8db-493c-a86c-f1b1c8cb3eef,Five Stars Realty - North Haven Office,(860) 560-1500,https://buy5starsrealty.com/,5.0,25,"101 Quinnipiac Ave, North Haven, CT 06473, USA",All,~15mi zone,True,95,Tee Box,
98533a7d-c316-42ca-ab74-7d0ae808062a,Citi Atlas Real Estate,(855) 560-7653,https://www.citiatlas.com/,4.6,11,"470 James St, New Haven, CT 06513, USA",All,~15mi zone,True,95,Tee Box,
f57311cd-df8f-4dc4-a54f-de9ff207a10a,Dow Della Valle Realtors,(203) 481-0000,http://ddvhome.com/,4.8,19,"2341 Whitney Ave, Hamden, CT 06518, USA",All,~15mi zone,True,95,Tee Box,
f1c5c30d-1638-461d-bed7-971f8a298a22,Coldwell Banker Realty,(203) 795-6000,https://www.coldwellbankerhomes.com/ct/orange/office/orange-post-rd-office/oid_14657/?utm_source=google&utm_medium=organic&utm_campaign=gmb&utm_content=CT_OrangePost,4.8,32,"236 Boston Post Rd, Orange, CT 06477, USA",All,~15mi zone,True,95,Tee Box,
99feb5a0-4289-45e6-b46b-f7f515c1cb4e,Planet Realty,(203) 387-0200,http://www.greaternewhavenhomes.com/,4.6,11,"924 Whalley Ave, New Haven, CT 06515, USA",All,~15mi zone,True,95,Tee Box,
c0075b10-fde4-4f99-b1af-0f6af83ef241,iVision Real Estate,(203) 871-1068,https://ivisionre.com/?utm_source=gbp&utm_medium=organic,4.9,48,"800 Foxon Rd, East Haven, CT 06513, USA",All,~15mi zone,True,95,Tee Box,
1ca48c12-6798-47d1-be86-d56da9c12a7d,Houlihan Lawrence Wareck D'Ostilio - Realtors,(203) 787-7800,http://www.houlihanlawrence.com/,4.8,57,"47 High St, New Haven, CT 06510, USA",All,~15mi zone,True,95,Tee Box,
2368c520-c0b6-470a-9ea6-ff03368ff31d,Jenn D'Amato Homes at REAL Brokerage,(203) 605-7865,https://jenndamatohomes.com/?utm_source=gbp&utm_medium=organic,4.8,28,"79 Trumbull St, New Haven, CT 06511, USA",All,~15mi zone,True,95,Tee Box,
4af96866-91e8-4fbe-8262-4527401b354e,Coldwell Banker Realty,(203) 239-2553,https://www.coldwellbankerhomes.com/ct/north-haven/office/north-haven-office/oid_512/?utm_source=google&utm_medium=organic&utm_campaign=gmb&utm_content=CT_NHaven_Hamden,4.2,16,"24 Washington Ave, North Haven, CT 06473, USA",All,~15mi zone,True,95,Tee Box,
fd596b45-4d2f-49a1-92ad-ffb2001d74bc,Team Powerhouse Coldwell Banker,(203) 671-7062,http://www.teampowerhousesells.com/,4.9,35,"24 Washington Ave, North Haven, CT 06473, USA",All,~15mi zone,True,95,Tee Box,
c19b7152-3349-4907-9b95-18d603a1e548,Tai Moler Real Estate,(203) 687-5321,http://taimoler.com/,5.0,19,"236 Boston Post Rd, Orange, CT 06477, USA",All,~15mi zone,True,95,Tee Box,
2d72c6e7-2e22-4823-958d-ebef7b8b5ece,Dwight Real Estate,(203) 691-9170,https://www.dwight-realestate.com/,3.9,7,"102 Edgewood Ave, New Haven, CT 06511, USA",All,~15mi zone,True,95,Tee Box,
3417ff2c-f0db-45e7-a026-bcb708e07455,Triniyah Real Estate,(203) 200-0933,https://www.triniyah.com/,5.0,14,"60 Connolly Pkwy #17-203, Hamden, CT 06514, USA",All,~15mi zone,True,95,Tee Box,
a1a4e86f-f263-49a5-bf2f-33a79da9de43,"Anna Buono, Realtor",(203) 376-5878,https://realtorannab.com/,5.0,74,"20 Washington Ave, North Haven, CT 06473, USA",All,~15mi zone,True,95,Tee Box,
f6a8afd7-1037-47c4-8e0a-7548618406a0,"Briganti Real Estate, LLC",(203) 466-2595,http://www.brigantirealestate.com/,4.0,4,"140 Thompson St, East Haven, CT 06513, USA",All,~15mi zone,True,95,Tee Box,
b9932b3b-24f2-4972-9085-c700adff7592,Clayton Property Brokers L.L.C.,(203) 467-6676,http://www.clayton-realestate.com/,4.7,12,"75 Main St, East Haven, CT 06512, USA",All,~15mi zone,True,95,Tee Box,
0a8fb560-c920-4238-ae70-cb828fa147f1,"Marie Matta-Isona, Best Real Estate & Mortgage Broker in Connecticut",(203) 871-1068,https://www.ivisionrealestate.com/,5.0,38,"800 Foxon Rd, East Haven, CT 06513, USA",All,~15mi zone,True,95,Tee Box,
cb10470a-6e2c-48bd-9542-e90cfc887dd8,Press/Cuozzo Realtors,(203) 288-1900,http://www.presscuozzo.com/,4.9,8,"2751 Dixwell Ave, Hamden, CT 06518, USA",All,~15mi zone,True,95,Tee Box,
80881aaf-c51c-4e28-b620-6f5394e9251f,Weston Ulbrich - Coldwell Banker - Connecticut Real Estate,(203) 605-6086,http://ctre.co/,5.0,12,"597 Stone Hill Dr, Orange, CT 06477, USA",All,~15mi zone,True,95,Tee Box,
0ae4b828-d258-4ac5-b14e-6ebf33e2d311,Coldwell Banker Realty - Woodbridge Office,(203) 389-0015,https://www.coldwellbankerhomes.com/ct/woodbridge/office/woodbridge-office/oid_655/?utm_source=google&utm_medium=organic&utm_campaign=gmb&utm_content=CT_Woodbridge,3.0,4,"270 Amity Rd, Woodbridge, CT 06525, USA",All,~15mi zone,True,95,Tee Box,
8a793b09-cc6a-43cf-922d-8d45a5da99a0,Holli Shanbrom Realtor,(203) 298-2050,https://hollishanbrom.com/,5.0,46,"236 Boston Post Rd, Orange, CT 06477, USA",All,~15mi zone,True,95,Tee Box,
e801ff85-d38c-48e2-9181-d8f6c14df7c4,Heike Severine| Coldwell Banker| Connecticut| Realtor,(860) 385-6315,https://heikeseverinectrealtor.com/,5.0,122,"236 Boston Post Rd, Orange, CT 06477, USA",All,~15mi zone,True,95,Tee Box,
54d31006-7127-4328-974b-fb6c9ab8f65e,"Brette Stern, Calcagni Real Estate",(203) 272-1821,https://www.calcagni.com/agent/brette-stern/,5.0,40,"975 S Main St, Cheshire, CT 06410, USA",All,~15mi zone,True,95,Tee Box,
87aff565-d7e4-4648-ae66-bc33091a0214,"Katie Dansereau, Preston Gray Real Estate",(203) 556-3526,https://www.homesnap.com/Katie-Dansereau/gmb,5.0,49,"504 Bridgeport Ave #300, Shelton, CT 06484, USA",All,~15mi zone,True,95,Tee Box,
8b613ebe-9649-4be0-bf51-c8795ea2afd8,"Patricia Moreggi, Coldwell Banker Realty",(203) 215-6957,https://patmoreggiteam.com/,5.0,33,"24 Washington Ave, North Haven, CT 06473, USA",All,~15mi zone,True,95,Tee Box,
7867249f-007b-402f-8546-a60ed5bbaf12,"Beth Cantor, Coldwell Banker Realty",(203) 927-6244,https://www.homesnap.com/Beth-Cantor/gmb,5.0,5,"2508 Whitney Ave, Hamden, CT 06518, USA",All,~15mi zone,True,95,Tee Box,
f5d6d022-bec7-4bda-b1eb-ed831404e537,Levey Miller Maretz LLC,(203) 389-5377,http://www.lmmre.com/,4.2,23,"1768 Litchfield Turnpike, Woodbridge, CT 06525, USA",All,~15mi zone,True,95,Tee Box,
fa8bf53a-fb03-403f-a88b-35068729b3c5,Wayne Hugendubel Coldwell Banker homes,(203) 605-2946,https://waynehugendubel.com/,4.9,45,"236 Boston Post Rd, Orange, CT 06477, USA",All,~15mi zone,True,95,Tee Box,
9b356f8e-b004-4db3-9324-43978216e489,Civitella & Associates Real Estate,(203) 736-2484,http://civitellagroup.com/,2.5,13,"253 Roosevelt Dr, Derby, CT 06418, USA",All,~15mi zone,True,95,Tee Box,
366abbe6-329f-4d8f-9898-c2ba6a343d80,Calcagni Real Estate,(203) 265-1821,http://www.calcagni.com/,4.9,88,"36 N Main St, Wallingford, CT 06492, USA",All,~15mi zone,True,95,Tee Box,
6126738a-c2a2-43ca-a046-60bed6d28dac,Pearce Real Estate,(203) 265-4866,https://www.hpearce.com/real-estate-office/wallingford-ct/?utm_source=google&utm_medium=organic-search&utm_campaign=gmb-main,4.8,26,"4 N Main St, Wallingford, CT 06492, USA",All,~15mi zone,True,95,Tee Box,
f4645eac-7128-43aa-b4ab-f5c733786d40,"Margaret Bennett, Margaret Bennett Realty",(203) 605-8083,http://margaretbennettrealty.com/,5.0,21,"88 S Main St, Wallingford, CT 06492, USA",All,~15mi zone,True,95,Tee Box,
59e2fa77-47bf-4564-a397-8c9e6b023192,Innovative Properties,(860) 635-7355,http://www.signandpack.com/,3.6,19,"609 Newfield St, Middletown, CT 06457, USA",All,~15mi zone,True,95,Tee Box,
77fa7c4d-3700-4663-9338-bfd1bdac8c40,Lewis Real Estate Services,(475) 777-4544,http://slewisrealestate.com/,5.0,4,"329 Main St STE 202, Wallingford, CT 06492, USA",All,~15mi zone,True,95,Tee Box,
7f027222-7d99-4fe9-8b84-3276ece12a81,Donna Zona Real Estate Agent for Connecticut,(203) 619-3762,http://www.donnawillsellit.com/,5.0,34,"7C Pilgrim's Harbor, Wallingford, CT 06492, USA",All,~15mi zone,True,95,Tee Box,
a326ac0f-9e19-4318-92af-f08b00d427d9,Maier Real Estate-Realtors,(203) 237-7559,http://www.maierrealestate.com/,3.8,11,"301 S Broad St, Meriden, CT 06450, USA",All,~15mi zone,True,95,Tee Box,
893faefe-2e3b-443f-b307-27900f9f0ac1,Casa Mia Realty,(203) 631-6746,http://casamiarealtyco.com/,5.0,30,"130 N Main St, Wallingford, CT 06492, USA",All,~15mi zone,True,95,Tee Box,
a17039e4-ea25-4a8a-b071-dc66d1b8edc0,"Sara Tufano, Realtor at Real Broker LLC",(203) 623-8402,http://saratufanohomes.com/,5.0,50,"186 Center St, Wallingford, CT 06492, USA",All,~15mi zone,True,95,Tee Box,
fcdf7faa-228f-4ce3-92c2-a96bfcc7cc7e,"Kristin Daly-Murphy, Calcagni Real Estate",(203) 213-8817,https://www.homesnap.com/Kristin-DalyMurphy/gmb,5.0,30,"36 N Main St, Wallingford, CT 06492, USA",All,~15mi zone,True,95,Tee Box,
ed6945e9-5b56-4b9a-9058-e4ac52ea25aa,"DreamView Properties, LLC",(203) 427-8777,https://dreamviewpropertiesllc.com/,4.5,4,"176 Spring St, Meriden, CT 06451, USA",All,~15mi zone,True,95,Tee Box,
f10cd752-871f-40dd-a537-d47b235cce36,"Kevin Green, Berkshire Hathaway NE Prop./ Wallingford, Ct",(203) 213-1093,https://www.kevinwgreen.com/,5.0,150,"186 Center St, Wallingford, CT 06492, USA",All,~15mi zone,True,95,Tee Box,
1114a062-e1a4-48a6-99dc-8c20f4f9559d,"Kalani Ladd, Real Estate Broker with Keller Williams Realty",(860) 933-4853,https://isellct.kw.com/,5.0,22,"866 N Main St, Wallingford, CT 06492, USA",All,~15mi zone,True,95,Tee Box,
c0a8e615-7749-41b9-ad5d-cde69353dd19,CT Property Sisters,(203) 214-3053,http://www.margaretbennettrealty.com/,5.0,42,"88 S Main St Fl 2, Wallingford, CT 06492, USA",All,~15mi zone,True,95,Tee Box,
29156a82-2dc2-4174-a29c-648cf0f3fff5,New England Realty Associates LLC,(203) 774-4800,https://www.newenglandrealtyassociates.com/,4.5,15,"130 N Main St, Wallingford, CT 06492, USA",All,~15mi zone,True,95,Tee Box,
dd57df0b-c82d-4cbe-a752-0a379dfdc078,Berkshire Hathaway HomeServices New England Properties - Wallingford,(203) 294-9114,https://www.bhhsneproperties.com/office/wallingford,5.0,6,"186 Center St, Wallingford, CT 06492, USA",All,~15mi zone,True,95,Tee Box,
75a74da8-1629-4e29-9d85-c1c75fcd9752,Wesley Krombel - Realtor,(203) 427-1882,https://www.wesleykrombel.com/,5.0,48,"4 S Main St #324, Wallingford, CT 06492, USA",All,~15mi zone,True,95,Tee Box,
4225a086-25ca-4e8b-b768-0778b4155c88,Drakeley Real Estate,(203) 263-4336,http://www.drakeley.com/,4.7,36,"256 Main St S, Woodbury, CT 06798, USA",All,~15mi zone,True,95,Tee Box,
d245bec5-40b6-41e1-a872-9cb0ed13c352,"Pamela Dostilio, Coldwell Banker Realty",(860) 585-9381,https://www.pameladostiliocbintouch.com/,4.9,89,"32 Church Hill Rd #106, Newtown, CT 06470, USA",All,~15mi zone,True,95,Tee Box,
8d4eab1c-1019-49a9-9214-108305343e48,"Angelina Valentini, Coldwell Banker Realty - CT, FL & NY",(203) 994-1988,http://thevalentinigroup.com/,5.0,46,"32 Church Hill Rd #106, Newtown, CT 06470, USA",All,~15mi zone,True,95,Tee Box,
596a54ad-dd7e-4101-a434-13fc8666c8e0,"Emily Fitzgerald REALTOR, William Raveis Real Estate",(203) 802-8401,https://linktr.ee/emilyclosesdeals,5.0,17,"141 Main St N, South Britain Historic District, CT 06487, USA",All,~15mi zone,True,95,Tee Box,
65612001-7a57-4baa-bf5c-ebdc218c0dc8,Gina Jacobs Real Estate,(203) 623-1713,http://www.ginajacobs.net/,4.5,8,"224 Main St S, Woodbury, CT 06798, USA",All,~15mi zone,True,95,Tee Box,
5edc8183-d52b-4c86-af04-8606be78683c,"Adam Roy, Better Homes & Gardens Real Estate",(203) 913-4551,http://adamroyhomes.sites.bhgrealestate.com/,5.0,29,"45 S Main St, Newtown, CT 06470, USA",All,~15mi zone,True,95,Tee Box,
c13407f3-73c7-41a8-92b4-ccd7b41a0add,"The Landau Team of RE/MAX Right Choice, Realtors in Newtown and Fairfield County",(203) 948-2703,http://www.thelandaupropertygroup.com/,5.0,46,"43 S Main St Suite 6, Newtown, CT 06470, USA",All,~15mi zone,True,95,Tee Box,
a2992f9c-8d76-45c4-9c22-8a1d1a5dac18,Coldwell Banker Realty - Newtown Office,(203) 426-5679,https://www.coldwellbankerhomes.com/ct/newtown/office/newtown-office/oid_652/?utm_source=google&utm_medium=organic&utm_campaign=gmb&utm_content=CT_Newton,5.0,7,"32 Church Hill Rd #106, Newtown, CT 06470, USA",All,~15mi zone,True,95,Tee Box,
b10d8106-927f-4646-872b-057810334053,Beyond Dream Realty LLC,(203) 723-1270,https://beyonddreamsrealty.com/,3.8,10,"157 Rubber Ave, Naugatuck, CT 06770, USA",All,~15mi zone,True,95,Tee Box,
54c5d5ed-a01e-4d2d-b016-fb5ed4715229,Berkshire Hathaway HomeServices New England Properties,(203) 264-2880,https://www.bhhsneproperties.com/office/southbury,4.0,4,"88 Main St S, Southbury, CT 06488, USA",All,~15mi zone,True,95,Tee Box,
6d4be2d8-7483-42d2-a39b-1e05863132c3,Coldwell Banker Realty - Oxford Regional Office,(203) 888-1845,https://www.coldwellbankerhomes.com/ct/oxford/office/oxford-office/oid_523/?utm_source=google&utm_medium=organic&utm_campaign=gmb&utm_content=CT_Oxford,3.7,6,"276 Oxford Rd, Oxford, CT 06478, USA",All,~15mi zone,True,95,Tee Box,
b95ed665-2906-4a5c-bb41-502b1e553514,Klemm Real Estate,(203) 263-4040,http://www.klemmrealestate.com/,5.0,3,"289 Main St S, Woodbury, CT 06798, USA",All,~15mi zone,True,95,Tee Box,
ba967b49-a5ef-4424-a6d0-1339bff434ac,Matthews Commercial Properties,(203) 753-5800,https://matthewscommercial.com/,5.0,9,"819 Straits Turnpike #3b, Middlebury, CT 06762, USA",All,~15mi zone,True,95,Tee Box,
7e524c44-1fc8-48eb-a753-3aeca44a7f06,Scott Hellriegel Real Estate Agent - Berkshire Hathaway HomeServices New England Properties,(203) 910-8305,https://scotthellriegel.bhhsneproperties.com/,5.0,10,"3A Village Green, Southbury, CT 06488, USA",All,~15mi zone,True,95,Tee Box,
f58f58bd-6637-41af-b4f3-f3d394d17a00,Atherton Real Estate Advisors,(203) 924-9400,https://buyandsellcre.com/,5.0,12,"45 S Main St, Newtown, CT 06470, USA",All,~15mi zone,True,95,Tee Box,
235e03e9-59ee-400b-851f-b89a98101ca7,Alberti Realty Associates,(203) 888-0430,https://www.albertirealty.com/,2.6,5,"369 Oxford Rd, Oxford, CT 06478, USA",All,~15mi zone,True,95,Tee Box,
01c8ff47-6385-44c1-afa6-c5a2db135b80,Godin Property Brokers,(203) 577-2277,http://godinpropertybrokers.com/,4.0,4,"850 Straits Turnpike #204, Middlebury, CT 06762, USA",All,~15mi zone,True,95,Tee Box,
837586be-2d35-40b5-ae94-08693b627c3e,Better Homes and Gardens Real Estate The adVAYANtage Team,(203) 816-7581,http://teamadvayantage.com/,5.0,10,"255 Flag Swamp Rd, Southbury, CT 06488, USA",All,~15mi zone,True,95,Tee Box,
5b5238fe-f449-4786-8676-b831c48ac4ba,Marilyn Elaine Profit,(203) 526-4152,https://marilynelaineprofit.com/?utm_source=gbp&utm_medium=organic,4.9,125,"Cover and service Connecticut, Oxford, CT 06478, USA",All,~15mi zone,True,95,Tee Box,
727f8e26-9007-4ebc-8302-9e8fe42f9246,John Pistorino - Real Estate Agent,(914) 356-5190,https://jpistorino.kw.com/,5.0,12,"175 Church St, Naugatuck, CT 06770, USA",All,~15mi zone,True,95,Tee Box,
b3dd1010-7fe1-46ce-b257-78166f16e53d,Five Stars Realty - Hartford Office,(860) 560-1500,https://buy5starsrealty.com/?utm_source=gbp&utm_medium=organic,4.9,42,"563 Franklin Ave, Hartford, CT 06114, USA",All,~15mi zone,True,95,Tee Box,
8d38b39e-9d9d-4b27-ad91-79235b2682bb,RE/MAX PRECISION REALTY,(860) 808-2000,https://www.ctremax.com/,4.3,19,"2239 Berlin Tpke, Newington, CT 06111, USA",All,~15mi zone,True,95,Tee Box,
f16d72b6-91aa-411a-b02e-489ee3973f6a,Premier Properties of CT,(860) 756-0980,http://premierpropertiesofct.com/,5.0,86,"449 Silas Deane Hwy Suite 201, Wethersfield, CT 06109, USA",All,~15mi zone,True,95,Tee Box,
1f44500b-edcb-4602-850c-f41fb26603c8,Amodio & Co Real Estate,(860) 674-8908,http://amodio.com/,4.8,10,"130 W Main St, New Britain, CT 06052, USA",All,~15mi zone,True,95,Tee Box,
534f6bd0-a0b0-4387-aa79-4865b7d0b6ed,"Rob Rosa, Real Estate Agent",(860) 438-8191,https://robrosa.bhhsnep.com/,5.0,136,"196 Berlin Tpke Suite 5, Berlin, CT 06037, USA",All,~15mi zone,True,95,Tee Box,
bfa000de-14a8-4abd-8a12-74e4a24d093f,Torbello Real Estate Advisors,(860) 266-5757,https://www.torbello.com/,4.9,27,"1939 Broad St, Hartford, CT 06114, USA",All,~15mi zone,True,95,Tee Box,
0ed459d0-ac11-436d-a55a-f6dc190f944c,New Door Realty,(860) 874-5466,https://www.newdoorct.com/,5.0,85,"124 White Oak Dr Suit 2, Berlin, CT 06037, USA",All,~15mi zone,True,95,Tee Box,
7f656c64-aac0-4756-a8f9-86d31dc93983,Joseph J Gustin Real Estate,(860) 225-4613,http://gustinrealestate.com/,4.2,13,"144 W Main St #2, New Britain, CT 06052, USA",All,~15mi zone,True,95,Tee Box,
0036f84e-dcd4-4ea1-a7ee-cec998d76dac,"Chelsea Gonzalez, Vision Real Estate",(860) 712-1741,https://www.homesnap.com/Chelsea-Gonzalez/gmb2,5.0,14,"40 South St, West Hartford, CT 06110, USA",All,~15mi zone,True,95,Tee Box,
af312bfd-f2af-4442-8e1d-f29f57ee0a9b,Joe Snell at Luxe Realty,(860) 839-8331,https://luxerealtyct.com/agent/joseph-snell,5.0,108,"355 Main St, Berlin, CT 06037, USA",All,~15mi zone,True,95,Tee Box,
9e26e952-9216-45d3-aa93-7dbe699a6779,LAZA Properties,(860) 944-3336,https://lazaproperties.com/?utm_source=gbp&utm_medium=organic,5.0,16,"54 Northwood Rd, Newington, CT 06111, USA",All,~15mi zone,True,95,Tee Box,
00b64cf1-35b2-43b5-a021-c6cb8292ba5f,SalCal Real Estate Connections,(860) 893-0093,https://salcal.com/,4.3,10,"185 W Main St, New Britain, CT 06052, USA",All,~15mi zone,True,95,Tee Box,
98f13dd3-7085-4239-8392-b5c387b54fe8,"Mary Jean Agostini, RE/MAX Right Choice",(860) 995-9665,http://www.mjagostini.com/,5.0,60,"1195 Farmington Ave, Berlin, CT 06037, USA",All,~15mi zone,True,95,Tee Box,
c22e8919-78ad-4984-89aa-4e223beab676,Agnes Mroczka Realtor at William Raveis Real Estate,(860) 770-0029,https://www.homeswithagnes.com/,4.6,10,"657 Silas Deane Hwy, Wethersfield, CT 06109, USA",All,~15mi zone,True,95,Tee Box,
78e25a16-aaf0-437b-b3d1-05aba7f20074,William Raveis Real Estate - Wethersfield,(860) 258-6202,https://www.raveis.com/Office/CT/Wethersfield/21711?utm_source=google-my-business&utm_medium=organic&utm_campaign=WethersfieldCT,2.3,6,"657 Silas Deane Hwy, Wethersfield, CT 06109, USA",All,~15mi zone,True,95,Tee Box,
840d8c2d-787b-4cdb-ae52-db072b3a1848,Enrique M. Quintana,(860) 967-7829,https://premierpropertiesofct.com/agents/enrique-quintana/,4.7,25,"449 Silas Deane Hwy Suite 201, Wethersfield, CT 06109, USA",All,~15mi zone,True,95,Tee Box,
a490d769-7a42-40c9-9ddc-548857162b06,William Raveis Real Estate - Farmington,(860) 677-9381,https://www.raveis.com/Office/CT/Farmington/8?utm_source=google-my-business&utm_medium=organic&utm_campaign=FarmingtonCT,3.4,8,"850 Farmington Ave, Farmington, CT 06032, USA",All,~15mi zone,True,95,Tee Box,
3dac4e01-ccf1-4919-9b04-384752c38320,Wollman Realty LLC,(860) 829-0313,https://www.wollmanrealty.net/,4.8,4,"1034 Farmington Ave, Kensington, CT 06037, USA",All,~15mi zone,True,95,Tee Box,
b9e76a34-2935-46fd-8157-e98e7f1174ee,Michele Devanney CT Realtor,(860) 402-9397,http://www.devanneyctrealtor.com/,5.0,34,"66 Cedar St # 202, Newington, CT 06111, USA",All,~15mi zone,True,95,Tee Box,
94f68d56-a928-460b-ac5c-0d4f663fc9f5,"Jason Malagutti Realtor, Regency Real Estate",(203) 808-2084,,5.0,28,"187 Wheeler Farm Rd, Watertown, CT 06795, USA",All,~15mi zone,True,95,Tee Box,
bb8f1fdf-a1f5-41d9-bb30-1f4c8ed155bf,"Amy Lapierre, Realtor®",(203) 903-1950,http://www.amylapierre.com/,5.0,70,"710A Bantam Rd, Bantam, CT 06750, USA",All,~15mi zone,True,95,Tee Box,
72e71563-1ba6-4bfe-9240-978f6d1c1869,Town & Country Real Estate,(860) 283-0124,http://www.townandcountryct.com/,5.0,3,"56 E Main St, Thomaston, CT 06787, USA",All,~15mi zone,True,95,Tee Box,
a461f722-513f-400f-86e3-cab9de96318d,New Haven County Realtor | Laura Russo,(203) 676-8474,https://regencyhomesct.com/agent/laura-russo,5.0,31,"424 Main St, Watertown, CT 06795, USA",All,~15mi zone,True,95,Tee Box,
1e9ea3b0-99f4-4292-8576-cf8ab9c15ff1,"Matthew Egan, Regency Real Estate, LLC",(203) 725-7131,https://www.homesnap.com/Matthew-Egan/gmb,5.0,49,"424 Main St, Watertown, CT 06795, USA",All,~15mi zone,True,95,Tee Box,
4c82a8f0-99a8-43ed-86b8-93f0ce008292,"Arian Hoxha, SERHANT.",(203) 558-4798,http://arianhoxha.com/,5.0,11,"424 Main St, Watertown, CT 06795, USA",All,~15mi zone,True,95,Tee Box,
121680be-7c76-477b-b3c3-bde7dd17409f,"Stephen Schappert, Connecticut Real Estate",(203) 994-3950,http://connecticutrealestate.online/,5.0,6,"157 E Main St, Thomaston, CT 06787, USA",All,~15mi zone,True,95,Tee Box,
0b589320-a524-465f-8b9c-08ed619be8fb,Lynn LaForme,(203) 910-8618,https://lynnlaformerealestate.com/contact,5.0,11,"216 Davis St, Oakville, CT 06779, USA",All,~15mi zone,True,95,Tee Box,
3686e6d1-9dd5-45a4-9f61-868321053acd,"Justine Rebillard, REALTOR FL & CT",(203) 586-9795,https://www.homesnap.com/Justine-Nolletti/gmb,5.0,7,"424 Main St, Watertown, CT 06795, USA",All,~15mi zone,True,95,Tee Box,
2ca896fb-decd-4941-8135-c975bfccaaa6,"Zoe Lora, Full Service Realty LLC",(860) 770-5306,https://www.homesnap.com/Zoe-Lora/gmb,5.0,10,"335 Meriden Rd 1st floor, Waterbury, CT 06705, USA",All,~15mi zone,True,95,Tee Box,
89c5c856-7f31-47f9-b3c9-cb8eaf811e60,"Levi Judqin, Brass Moon Realty",(203) 724-7127,https://www.brassmoonrealty.com/,5.0,3,"2 Lakewood Rd, Waterbury, CT 06704, USA",All,~15mi zone,True,95,Tee Box,
11fc9469-761b-469e-bff0-4ffdeb5eda70,"Mustafa Muaremi, Regency Real Estate, LLC",(860) 877-4682,http://www.cthomerealtors.com/,5.0,33,"424 Main St, Watertown, CT 06795, USA",All,~15mi zone,True,95,Tee Box,
3f0692bb-d322-4d1d-9acd-ba893c022e78,Sunset Creek Realty,(203) 453-2145,http://sunsetcreekrealty.com/,4.9,70,"1100 Boston Post Rd, Guilford, CT 06437, USA",All,~15mi zone,True,95,Tee Box,
8aa59eed-1ee8-45df-a793-a1a519dd0775,Pearce Real Estate,(203) 453-2737,https://www.hpearce.com/real-estate-office/guilford-ct/?utm_source=google&utm_medium=organic-search&utm_campaign=gmb-main,5.0,16,"18 Church St, Guilford, CT 06437, USA",All,~15mi zone,True,95,Tee Box,
ef929128-9082-4e53-9c5c-057a20d2d888,William Raveis Real Estate - Guilford,(203) 453-0391,https://www.raveis.com/Office/CT/Guilford-Main/12?utm_source=google-my-business&utm_medium=organic&utm_campaign=GuilfordCT,4.2,10,"21 Whitfield St, Guilford, CT 06437, USA",All,~15mi zone,True,95,Tee Box,
22f8dd42-3abe-44bd-b82d-729b1b560622,"Re/Max Alliance: Gene Pica, Real Estate Agent",(203) 433-2392,http://genepica.com/,4.9,141,"10 Pine Orchard Rd, Branford, CT 06405, USA",All,~15mi zone,True,95,Tee Box,
8bdb562b-801d-4655-9712-553d15447d07,Cyr Real Estate,(203) 641-7714,http://cyrrealestate.net/,5.0,16,"124 E Main St, Branford, CT 06405, USA",All,~15mi zone,True,95,Tee Box,
9b922b6d-92db-4c32-8f37-1e4c3f7056cb,Ann Marie Vitiello Real Estate Agent,(203) 215-2228,https://www.coldwellbanker.com/ct/branford/agents/ann-marie-vitiello/aid-P00200000GtCCmw9iB8RJbkmjTqItYui6SvPDkAa,4.8,39,"1024 Main St, Branford, CT 06405, USA",All,~15mi zone,True,95,Tee Box,
39358fcf-754c-43b1-b2bf-24a365f31105,Calcagni Real Estate,(203) 458-1821,http://www.calcagni.com/,4.6,14,"25 Boston St, Guilford, CT 06437, USA",All,~15mi zone,True,95,Tee Box,
d2d7d77f-ef4e-40dc-97a6-39da7af4f8b5,"Lorrie Maiorano, Real Estate Broker @ Calcagni Real Estate 🏡 CT Smart Homes",(203) 915-3217,https://ctsmarthomes.com/,5.0,44,"25 Boston St, Guilford, CT 06437, USA",All,~15mi zone,True,95,Tee Box,
d17e6383-d2ee-479b-a789-9f0f1f4aa859,iHeart Homes Real Estate,(203) 433-2007,https://www.ihearthomesre.com/,5.0,3,"1355 Middletown Ave, Northford, CT 06472, USA",All,~15mi zone,True,95,Tee Box,
dde54e9a-9004-46cd-b5bf-c313b1793e49,William Pitt Sotheby's International Realty - Guilford Brokerage,(203) 453-2533,https://www.williampitt.com/real-estate-offices/guilford-ct-19/,5.0,51,"102B Broad St, Guilford, CT 06437, USA",All,~15mi zone,True,95,Tee Box,
a3c80521-dadb-4bb4-b540-39ea0027cffb,"Kelly Whiteman, William Raveis Real Estate",(607) 434-1865,http://kellywhiteman.raveis.com/,5.0,16,"21 Whitfield St, Guilford, CT 06437, USA",All,~15mi zone,True,95,Tee Box,
924ce3f1-7d05-49c2-bb76-61f23f5a4741,Yellowbrick Real Estate,(203) 868-6493,http://ybrealty.com/,4.4,7,"1094 Main St, Branford, CT 06405, USA",All,~15mi zone,True,95,Tee Box,
0796ca2d-36e1-4312-b309-375d97c4a2d8,"Jules G. Etes, Real Estate Agent",,https://guilfordrealtorjules.com/?utm_source=gbp&utm_medium=organic,5.0,50,"102b Broad St #102b, Guilford, CT 06437, USA",All,~15mi zone,True,95,Tee Box,
281b31c3-357a-42f6-879e-04547aec453a,"Linda Barrett, Seabury-Hill REALTORS",(203) 214-4026,https://www.homesnap.com/Linda-Barrett-1/gmb,5.0,44,"233 Wooster St Unit 1, New Haven, CT 06511, USA",All,~15mi zone,True,95,Tee Box,
2b473efd-e850-45a3-ab97-bfb42fa786f4,Preston Gray Real Estate,(203) 331-7043,http://prestongrayre.com/,5.0,15,"6 Huntington St, Shelton, CT 06484, USA",All,~15mi zone,True,95,Tee Box,
f8d35bcc-d230-42fe-8a07-064c218d95e2,Carey & Guarrera Real Estate,(203) 925-0058,https://www.cgre.com/,4.3,25,"59 Old Shelton Rd, Shelton, CT 06484, USA",All,~15mi zone,True,95,Tee Box,
64ddc187-5f56-49dd-b8ce-a6762ae8cb4f,Tiffany Russell Realty,(203) 751-9446,http://tiffanyrussellrealty.com/,5.0,40,"50 Olivia St, Derby, CT 06418, USA",All,~15mi zone,True,95,Tee Box,
3e4af6ba-df76-4e3d-890d-320e003f3605,The Lage Team Real Estate Services,(203) 521-7757,http://www.thelageteam.com/,5.0,17,"2 Corporate Dr, Trumbull, CT 06611, USA",All,~15mi zone,True,95,Tee Box,
42f5e2ff-a230-4994-821a-2d2631a70afa,"Odaine R. Jones, with GLR ESTATES LLC",(203) 590-0479,https://www.homesnap.com/Odaine-Jones/gmb2,5.0,101,"2 Trap Falls Rd Ste 508, Shelton, CT 06484, USA",All,~15mi zone,True,95,Fairway,
30af7ec7-75dc-4c8b-91eb-69599f32e5d9,"Matt Nuzie - Realtor, RE/MAX",(203) 913-3698,https://nuzierealty.com/,5.0,136,"105 Technology Dr, Trumbull, CT 06611, USA",All,~15mi zone,True,95,Fairway,
6aba7d2c-02d0-470f-90f9-8539474fb719,Better Homes and Gardens Real Estate Gaetano Marra Homes,(203) 693-1185,http://www.buyandsellgreen.com/,4.3,11,"588 Monroe Turnpike, Monroe, CT 06468, USA",All,~15mi zone,True,95,Tee Box,
ac0aa3e4-8bcf-4f4b-a1c7-c2a2272fff79,Joe Laucella- Real Estate Agent. Carey & Guarrera Real Estate,(203) 650-6723,https://www.sellmyhomeinct.com/,5.0,3,"59 Old Shelton Rd, Shelton, CT 06484, USA",All,~15mi zone,True,95,Fairway,
47818d64-46f8-4496-b789-1541fdcc7484,"Gina Williams, Preston Gray Real Estate",(203) 856-5942,https://www.homesnap.com/Gina-Williams-1/gmb,5.0,15,"6 Huntington St, Shelton, CT 06484, USA",All,~15mi zone,True,95,Fairway,
a2300d49-432e-4f18-85c7-e62f1059f21a,"Linda Almonte, Berkshire Hathaway HomeServices New England Properties",(203) 218-4076,https://www.lindaalmonte.com/,5.0,18,"6523 Main St, Trumbull, CT 06611, USA",All,~15mi zone,True,95,Fairway,
4e7c46ea-7f94-40ce-8ecd-e17217359b60,"Jane Ferro, Leader, Levinson Ferro Team, Coldwell Banker Realty",(203) 414-6860,https://janeferrohomes.com/,5.0,3,"2 Corporate Dr, Trumbull, CT 06611, USA",All,~15mi zone,True,95,Do Not Call,
acc719d5-13c1-4899-9acb-49421d61bb79,Leslie Figueroa Real Estate,(203) 521-3552,http://www.listwithlesliect.com/,5.0,15,"126 Monroe Turnpike, Trumbull, CT 06611, USA",All,~15mi zone,True,95,Fairway,
1e166266-b30e-486e-a256-6590de01b74c,Coldwell Banker Realty - Trumbull Office,(203) 452-3700,https://www.coldwellbankerhomes.com/ct/trumbull/office/trumbull-office/oid_633/?utm_source=google&utm_medium=organic&utm_campaign=gmb&utm_content=CT_Trumbull,3.1,14,"2 Corporate Dr, Trumbull, CT 06611, USA",All,~15mi zone,True,95,Tee Box,
b2dff60e-a18b-4f2e-8bd7-d973cf2f245c,"Kathleen Turner, REALTOR , SRES , SFR",(203) 767-0363,https://www.kathleenturnerrealestate.com/,4.8,16,"43 Applewood Dr, Shelton, CT 06484, USA",All,~15mi zone,True,95,Do Not Call,
7acebbcf-d720-49b4-9428-2e15457079f2,"John Rodican, All Connecticut Realty",(203) 996-5363,https://www.jrodicanrealestate.com/,5.0,24,"7 Meadow Woods Rd, Seymour, CT 06483, USA",All,~15mi zone,True,95,Fairway,
4c6d0ac2-9faf-4cee-bde1-4f550dc7e993,"Stacie Rich, CT Realtor, Real Estate Two",(203) 650-0836,https://www.realestatetwo.com/,5.0,9,"100 Huntington St, Shelton, CT 06484, USA",All,~15mi zone,True,95,Green,Emailed. she is on vacation so idk but 
542c6c57-3e1c-4a10-ab54-5c60d1b50418,RE/MAX Right Choice,(203) 268-1118,https://www.rightchoicerealestate.com/,4.3,11,"105 Technology Dr, Trumbull, CT 06611, USA",All,~15mi zone,True,95,Tee Box,
f0afecf2-e68a-4b50-928a-ecb662410685,RE/MAX Heritage,(203) 452-7653,http://www.remax.com/realestateofficerealtor/monroe-ct-06468-remaxsuccess-id60381089.html,5.0,6,"458 Monroe Turnpike, Monroe, CT 06468, USA",All,~15mi zone,True,95,Tee Box,
78a4e141-5023-4135-b79d-42f6ff65d0df,"Chris Chaparro, Realtor",(203) 981-3744,https://alphacapitalfunds.com/alpha-capital-realty/,4.9,11,"2 Corporate Dr Ste. 760, Shelton, CT 06484, USA",All,~15mi zone,True,95,Tee Box,
74af5f3b-2e40-47ed-95cd-bee27e9ee39b,Property Choices Real Estate,(203) 767-0432,http://www.propertychoices.net/,5.0,18,"43 Applewood Dr, Shelton, CT 06484, USA",All,~15mi zone,True,95,Tee Box,
b8fd7759-bbd5-4158-b7f0-2d99f8cb96d0,"Lynn Grandchamp, Real Estate Agent",(203) 979-6401,http://lynngrandchamp-connecticut.sites.cbmoxi.com/,5.0,5,"Coldwell Banker, 2 Corporate Dr, Trumbull, CT 06611, USA",All,~15mi zone,True,95,Tee Box,
d5cd117a-29d2-4e74-9fca-30b6e9727312,Coldwell Banker Country to Coast Realty,(203) 929-5279,http://frascatorerealty.com/,4.4,7,"5 Commerce Dr Suite 1, Shelton, CT 06484, USA",All,~15mi zone,True,95,Tee Box,
8c808a29-a045-4cdd-9bec-d58eb874e7f0,Berkshire Hathaway HomeServices New England Properties,(203) 261-2260,https://www.bhhsneproperties.com/office/trumbull,5.0,3,"6523 Main St, Trumbull, CT 06611, USA",All,~15mi zone,True,95,Tee Box,
f5e9a69e-3705-41c6-9949-04c205230030,Nick Jones Real Estate Agent,(203) 988-0959,http://nickjonesrealtor.com/,5.0,6,"Better Homes and Gardens Real Estate Gaetano Marra Homes, 588 Monroe Turnpike, Monroe, CT 06468, USA",All,~15mi zone,True,95,Tee Box,
56cfe3b9-21c2-42e1-a82c-2bd126a32f55,"Lauren Auresto, Realtor Better Homes and Gardens Real Estate",(203) 470-5150,http://www.laurenauresto.com/,5.0,22,"45 S Main St, Newtown, CT 06470, USA",All,~15mi zone,True,95,Tee Box,
8d0bdeed-93e3-4e07-b150-9caeea8d4955,"Katiria Chiluisa, RE/MAX Right Choice",(203) 395-0715,http://kcsoldhomes.com/,4.9,33,"105 Technology Dr # 1A, Trumbull, CT 06611, USA",All,~15mi zone,True,95,Tee Box,
3c13f87e-1ab1-4d4a-8589-eb8c69c21c48,William Raveis Real Estate - Shelton Headquarters,(203) 926-1090,https://www.raveis.com/Office/CT/Shelton-Headquarters/28?utm_source=google-my-business&utm_medium=organic&utm_campaign=SheltonCT,3.7,6,"7 Trap Falls Rd, Shelton, CT 06484, USA",All,~15mi zone,True,95,Tee Box,
b13e2331-54a2-4b8a-8ef6-a7208ae82497,Mike Munley REALTOR - Carey & Guarrera Real Estate,(203) 257-1677,https://www.cgre.com/realestate/agent/mike-munley,5.0,16,"59 Old Shelton Rd, Shelton, CT 06484, USA",All,~15mi zone,True,95,Tee Box,
65a882c4-6ecd-44ca-9b56-4f89934096e5,"Jeff Fulchino - Realtor, Better Homes and Gardens Real Estate",(203) 400-5393,http://jefffulchino-gaetanomarra.sites.bhgrealestate.com/,5.0,31,"588 Monroe Turnpike, Monroe, CT 06468, USA",All,~15mi zone,True,95,Tee Box,
977c4c31-06c2-4587-9300-45ace3dc91f1,"Sam Granata, Realtor",(203) 260-3724,https://www.homesnap.com/Sam-Granata/gmb,5.0,11,"6 Huntington St, Shelton, CT 06484, USA",All,~15mi zone,True,95,Tee Box,
76c5964c-a6fa-4476-8c92-5bc724c70086,Lisa & Associates,(203) 735-9699,http://lisa-associates.com/,3.0,2,"64 Main St, Ansonia, CT 06401, USA",All,~15mi zone,True,95,Tee Box,
8274501b-b970-4d10-8e14-7e1e253594d6,A-1 Pools & Spas,(203) 888-5915,https://a-1poolsandspas.com/,4.2,65,"131 Oxford Rd, Oxford, CT 06478, USA",All,~15mi zone,True,95,Tee Box,
1803843f-d3a7-4b71-a352-53a62816e027,EZ Aqua Blue Sea Pools,(203) 300-2579,http://ezaqua.com/,5.0,84,"727 Rubber Ave, Naugatuck, CT 06770, USA",All,~15mi zone,True,95,Tee Box,
12f40053-8c57-4785-8d48-6280fd205244,Klayton's Pool Decks LLC,(203) 528-6521,https://klaytonspooldecks.com/,5.0,8,"511 N Main St, Naugatuck, CT 06770, USA",All,~15mi zone,True,95,Tee Box,
9f2260c5-8507-46a7-8094-bab16683b2f2,Imperial Pools,(203) 699-1200,https://www.imperialpools.com/,4.8,10,"617 W Johnson Ave, Cheshire, CT 06410, USA",All,~15mi zone,True,95,Tee Box,
01b21820-1660-4111-8d5c-02f4f67b3f16,R&Re Pool Deck Patio & Masonry LLC,(203) 706-8784,https://www.facebook.com/reziconstruction?mibextid=LQQJ4d,4.8,55,"79 Van Orman St, Watertown, CT 06779, USA",All,~15mi zone,True,95,Tee Box,
1c56b028-bf70-4170-b6cf-84ddaee12206,Prospect Pools LLC,(203) 758-0524,http://www.prospectpoolsllc.com/,4.4,71,"52 Waterbury Rd, Prospect, CT 06712, USA",All,~15mi zone,True,95,Tee Box,
1d07dbaa-eed5-4bb9-a144-7468d3474a0e,Tanguay Pools LLC,(860) 628-9919,http://tanguaypools.com/,4.9,34,"40 Grandview Ct, Cheshire, CT 06410, USA",All,~15mi zone,True,95,Tee Box,
04b0fc60-02fa-4256-9bb5-0802ba3e6b31,Aloha Swimming Pools & Spas,(203) 250-7665,http://alohaswimmingpools.com/,4.9,45,"1101 S Main St, Cheshire, CT 06410, USA",All,~15mi zone,True,95,Tee Box,
0b857a05-3af7-4aea-87fb-f956651fb8a2,Reliable Pools & Spas,(203) 723-2001,https://www.reliablepools.com/,3.9,38,"600 Prospect St, Naugatuck, CT 06770, USA",All,~15mi zone,True,95,Tee Box,
7ffc4fe2-cd26-4b69-aee2-76ce599ca9c7,Namco Pools,(860) 628-0988,http://www.namcopool.com/,4.4,224,"235 Queen St, Southington, CT 06489, USA",All,~15mi zone,True,95,Tee Box,
a8403958-61ee-4341-9658-f1b0dccde22e,Paradis Pools LLC,(860) 747-4414,http://www.paradispools.com/,4.4,36,"463 East St, Plainville, CT 06062, USA",All,~15mi zone,True,95,Tee Box,
1015aede-e3db-404e-abb7-d2282f053cf3,Phoenix Pool Products,(860) 589-7502,http://www.phoenixproductsco.com/,4.2,17,"55 Container Dr, Terryville, CT 06786, USA",All,~15mi zone,True,95,Tee Box,
11a9cd83-8e1f-41ef-8e3c-38f1caaa0141,Dolphin Pools & Spas LLC,(860) 283-5444,http://dolphinpoolsandspas.com/,3.9,52,"400 Watertown Rd #4, Thomaston, CT 06787, USA",All,~15mi zone,True,95,Tee Box,
e38b906f-3fb9-4ca1-a4a1-d0c48e795da9,Scarritt Spas & Pools,(860) 585-5977,http://scarritt.com/,4.7,169,"311 Broad St, Bristol, CT 06010, USA",All,~15mi zone,True,95,Tee Box,
94b7201c-3f69-43fa-b493-0251d941944b,Fiore Custom Pools & Spa LLC,(203) 230-4848,http://fiorecustompools.com/,4.0,39,"260 Quinnipiac Ave, North Haven, CT 06473, USA",All,~15mi zone,True,95,Tee Box,
8278bb5e-c394-44ec-91bb-2cc4baabee34,Galvin Pools & Backyard Paradise,(203) 795-5288,https://www.galvinpoolsandbackyardparadise.com/,4.0,59,"334 US-1, Orange, CT 06477, USA",All,~15mi zone,True,95,Tee Box,
d7f777dd-00b8-4a6f-8363-fe70998d7d48,Namco Pools,(203) 795-5295,http://www.namcopool.com/,4.2,214,"326 Boston Post Rd, Orange, CT 06477, USA",All,~15mi zone,True,95,Tee Box,
b4e13369-4346-441e-95bf-73c6fced5a66,"Connecticut Custom Aquatics, LLC",(877) 772-4126,http://www.ctcustomaquatics.com/,4.7,6,"8 Massimo Dr, North Haven, CT 06473, USA",All,~15mi zone,True,95,Tee Box,
24c22aff-b0b1-4be8-af94-846cd76269ee,Superior Pool & Construction,(475) 227-3379,http://superiorpoolconstruction.com/,4.0,16,"1 Hart St, West Haven, CT 06516, USA",All,~15mi zone,True,95,Tee Box,
ab7c8174-3184-4d01-a2ef-452d25660601,Wholesome Pool and Spa,(203) 741-9691,http://www.wholesomepoolandspa.com/,3.8,42,"178 State St, North Haven, CT 06473, USA",All,~15mi zone,True,95,Tee Box,
479f912f-fe06-43ed-a28d-458549d6b8a2,"All Type Pool And Spa Service, Llc",(203) 537-9188,https://www.aquaticsconnect.com/meriden/services-vendors/all-type-pool-and-spa-service-llc,5.0,5,"28 Lakeview St, Meriden, CT 06451, USA",All,~15mi zone,True,95,Tee Box,
70957897-73ca-4dee-b104-f1faa917c97b,Priority Pool Covers LLC,(860) 827-8504,http://prioritypoolcovers.com/,5.0,3,"1865 Orchard Rd, Berlin, CT 06037, USA",All,~15mi zone,True,95,Tee Box,
87917fd3-caf7-4250-b5da-0b4c06c4e0f2,Pools By Murphy LLC,(800) 851-6645,http://www.poolsbymurphy.com/,4.0,112,"21 Ozick Dr, Durham, CT 06422, USA",All,~15mi zone,True,95,Tee Box,
6f08467c-ad0e-4ef5-a9d2-a425846c8a15,The Assembly Room,,http://theassemblyroomct.com/,4.3,240,"222 Main St, New Britain, CT 06051, USA",All,~15mi zone,True,95,Tee Box,
996544ad-f008-453b-be4f-6130afb62912,Rizzo Pools,(860) 666-1531,http://www.rizzopools.com/,3.8,77,"37 Custer St, West Hartford, CT 06110, USA",All,~15mi zone,True,95,Tee Box,
fc29848c-70df-4620-aca6-d8972098bf67,Poolscape Pool & Spa,(203) 481-7665,https://poolscapepool.com/,4.7,24,"1209 Foxon Rd, North Branford, CT 06471, USA",All,~15mi zone,True,95,Tee Box,
011dd59d-2f89-4510-b31a-6c42dc2bbfc4,Pools Plus Ct,(203) 261-7188,http://www.poolsplusct.com/,3.9,30,"401 Monroe Turnpike, Monroe, CT 06468, USA",All,~15mi zone,True,95,Tee Box,
3ab2acd7-3a51-40c0-a243-f80e3cb56a9e,Blue Water Pools of Connecticut,(203) 925-1633,http://www.bluewaterpoolsct.com/,4.9,223,"200 Main St, Monroe, CT 06468, USA",All,~15mi zone,True,95,Tee Box,
baa30cde-9d31-4799-a8b6-1b727a1c3236,Newtown Pools,(203) 270-1733,http://www.newtownpools.com/,3.3,39,"124 S Main St, Newtown, CT 06470, USA",All,~15mi zone,True,95,Tee Box,
90bb1e4e-3332-4fc0-81fa-0d454864c34f,Porch & Patio,(203) 799-2329,https://porchandpatio.net/#utm_source=google&utm_medium=organic&utm_campaign=gmb,4.6,56,"363 Boston Post Rd, Orange, CT 06477, USA",All,~15mi zone,True,95,Tee Box,
ff4b914e-2736-4bd6-af14-8281edea6cad,SPARK MOBILE AUTO DETAILING LLC,(203) 751-5938,https://linktr.ee/byronlop,5.0,55,"23 Beaver St, Ansonia, CT 06401, USA",All,~15mi zone,True,95,Do Not Call,
e085705e-193d-48db-abd8-ca9425995eb6,CT Electrical Contractors | Electrician | Residential Commercial Electrical Contractor | Electrical Install Services,(959) 217-7646,http://ctec-electrical.com/,5.0,29,"125 Main St, Southington, CT 06489, USA",All,~15mi zone,True,95,Fairway,
4eeccea2-15e7-4295-8dc5-87ca6dc4f2cc,Synergy Electrical Contracting,(860) 222-0958,https://www.synergysh.com/,5.0,69,"20 Tuttle Pl Suite 7, Middletown, CT 06457, USA",All,~15mi zone,True,95,Tee Box,
f8591bb2-2a9e-4793-b21a-9ed14b3e9018,EcoSmart Home Services,(860) 828-6626,https://www.ecosmartct.com/,4.2,57,"105A Clark Dr, East Berlin, CT 06023, USA",All,~15mi zone,True,95,Tee Box,
847c78df-4bac-4bd9-94d0-ad0b392e2978,Smart Roofs Energy,(888) 841-3342,http://smartroofssolar.com/,5.0,13,"618 Main St, Monroe, CT 06468, USA",All,~15mi zone,True,95,Tee Box,
cc11b016-1cd7-4196-8468-f9e8b62b7508,"Susan's Pampered Pet Care, LLC",(203) 704-7607,http://susanspamperedpetcare.com/,5.0,75,"Naugatuck, CT 06770, USA",All,~15mi zone,True,95,Tee Box,
0f2bb2fa-a239-43fb-bf57-a0fc6348742e,Sarah's Pet Sitting,(203) 439-0456,https://www.sarahspetsittingonline.com/,4.9,266,"98 Elm St #1, Cheshire, CT 06410, USA",All,~15mi zone,True,95,Fairway,
e2bac6ec-280e-4394-9b3d-61bf54c1b1c5,Petplaynstay,(203) 490-9452,https://www.petplaynstay.com/,5.0,13,"14 Goodyear Ave, Naugatuck, CT 06770, USA",All,~15mi zone,True,95,Fairway,
421cd46a-8798-4819-b530-a6c9cb64085d,Shire Pet Sitting,(203) 699-6442,http://www.shirepetsitting.com/,5.0,42,"15 S Main St, Cheshire, CT 06410, USA",All,~15mi zone,True,95,Tee Box,
dfda42c5-3bb9-4266-95a1-1e7230ba16a1,True Love Pet Care,(203) 691-8416,http://www.truelovepetcarect.com/?utm_source=google&utm_medium=organic&utm_campaign=google_business_profile,4.9,40,"2985 Whitney Ave Suite 6, Hamden, CT 06518, USA",All,~15mi zone,True,95,Tee Box,
d1398b6f-3a9b-4913-a178-acb3a45d955c,For The Love Of Dogs,(203) 996-8068,http://www.fortheloveofdogsct.com/,4.9,28,"Mikayla Ln, Prospect, CT 06712, USA",All,~15mi zone,True,95,Tee Box,
794e61ec-0399-4fa8-ae8b-a13050840599,The Barking Lot,(203) 764-2622,http://www.hamdenbarkinglot.com/,4.7,159,"940 Sherman Ave, Hamden, CT 06514, USA",All,~15mi zone,True,95,Fairway,
7c941832-6ae7-4fec-8407-7785ee260599,Holistic Mobile Pet Care,(860) 384-5455,https://furrypawsmobile.groomore.com/,4.5,50,"Maple Ave, Cheshire, CT 06410, USA",All,~15mi zone,True,95,Tee Box,
f6c6792b-d93b-4e21-9ecf-52b25d1cfa6a,Happy Tails,(203) 706-4045,https://happytailspetsalon.top/,4.9,42,"147 1/2 Quinn St, Naugatuck, CT 06770, USA",All,~15mi zone,True,95,Tee Box,
7f36e589-350c-49f1-8006-a6e218dac16f,Connecticut Canine Services,(203) 393-3647,http://www.ctk9services.com/,3.9,11,"788 Amity Rd, Bethany, CT 06524, USA",All,~15mi zone,True,95,Tee Box,
b16a9a95-d8df-440b-9013-2237b1037995,Bethway Kennels,(203) 223-6987,http://www.bethwaykennels.com/,5.0,21,"84 Bethway Rd, Bethany, CT 06524, USA",All,~15mi zone,True,95,Tee Box,
1e66d81e-579d-4cad-9e96-c06ba9fb3a84,Paw Play,(860) 621-0072,http://pawplay4dogs.com/,4.9,51,"210 Queen St, Southington, CT 06489, USA",All,~15mi zone,True,95,Tee Box,
5c291892-3a0a-4b1d-8128-dfa714d28532,Humble Hounds LLC,(860) 944-1476,http://www.humblehoundsllc.com/,4.9,51,"789 Wolcott St, Bristol, CT 06010, USA",All,~15mi zone,True,95,Tee Box,
1e6ffbc5-3521-4791-b3e6-9261d4d8f7aa,Lynn's Pet Bathing,(860) 485-1195,https://rymaps.xyz/business/lynns-pet-bathing-zjqtmu,4.7,22,"712 Plymouth Rd, Harwinton, CT 06791, USA",All,~15mi zone,True,95,Tee Box,
43b4707f-273d-4f98-ad6f-c330590b412a,The Paw Pad,(860) 880-8114,http://thepawpad.net/,4.8,84,"150 Watertown Rd, Thomaston, CT 06787, USA",All,~15mi zone,True,95,Tee Box,
a2ed1d9c-1a07-45f4-9f39-9b2d3873b2a1,"Woodbridge Pet Sitting Service, LLC",(203) 695-5825,http://www.woodbridgepetsitting.com/,4.9,17,"14 Deepwood Rd, Woodbridge, CT 06525, USA",All,~15mi zone,True,95,Tee Box,
bee2805b-259f-46fa-bf0d-5a28a2a8be3f,Paw Haven,(203) 535-0453,http://www.pawhavenct.com/,4.6,200,"1175 State St Suite 241, New Haven, CT 06511, USA",All,~15mi zone,True,95,Tee Box,
9bfbf0c7-d776-46ae-9877-9fcfcfc78dfb,Paws & Kisses Pet Services,(203) 922-2643,https://www.pawsandkissessitting.com/,4.0,4,"179 Division Ave, Shelton, CT 06484, USA",All,~15mi zone,True,95,Tee Box,
730dedcb-fed9-40a6-a562-027d0b73ff1c,You Lucky Dog,(203) 208-3015,https://www.youluckydogct.com/,5.0,13,"2911 Dixwell Ave Unit B-9, Hamden, CT 06518, USA",All,~15mi zone,True,95,Tee Box,
fb23f9cd-97ab-4ec5-92b4-3cd7597d2334,Upnorthbulliesllc Pet grooming,(203) 815-9739,https://docs.google.com/forms/d/e/1FAIpQLSc35NYQPc9E_y79Yx4EvIjLe3Qk9W51xEHhLQme1uA1RlnJew/viewform,5.0,28,"94 Elm St, West Haven, CT 06516, USA",All,~15mi zone,True,95,Tee Box,
a708eedd-808d-4caf-9bd9-dfa60374607f,Pink Paws Grooming,(203) 828-8998,https://pinkpawsgrooming.my.canva.site/,4.9,121,"127 Main St, Derby, CT 06418, USA",All,~15mi zone,True,95,Tee Box,
14f5f1a8-a164-45c9-9581-98f267658737,Pawsitively Perfect,(203) 467-7297,http://www.facebook.com/profile.php?id=265932674349202&ref=content_filterbub,4.8,82,"36 Thompson St, East Haven, CT 06513, USA",All,~15mi zone,True,95,Tee Box,
198debc2-85d0-4d51-ae85-03f25f567b81,Good Shepherd Pet Care,(860) 214-8688,https://goodshepherdpetcare.com/,5.0,39,"16 Knoll Crest Dr, Northford, CT 06472, USA",All,~15mi zone,True,95,Tee Box,
71c257f2-68df-4e5e-b778-8f04c3c783a5,Furry Mother Pet Services,(475) 439-8609,http://www.furrymotherpetservices.com/,5.0,4,"60 Peacock Dr, Meriden, CT 06451, USA",All,~15mi zone,True,95,Tee Box,
4f9eb51b-2307-4533-87fa-0def0ae2d305,Kevin the Dog Guy,(959) 231-6254,http://www.kevinthedogguy.com/,4.6,11,"394 Newfield St, Middletown, CT 06457, USA",All,~15mi zone,True,95,Tee Box,
ea03c4cf-77d7-42c3-91a2-b3b8302f020d,It's A Dog's Life,(860) 638-1184,http://www.dogslife-daycare.com/,5.0,20,"130 Meriden Rd, Middlefield, CT 06455, USA",All,~15mi zone,True,95,Tee Box,
c073086c-4e16-4e2c-bc69-dc3f5aa313b6,Groomin N Roomin Kennels LLC,(860) 346-1242,http://www.gnrkennels.com/,4.7,90,"130 Meriden Rd, Middlefield, CT 06455, USA",All,~15mi zone,True,95,Tee Box,
2564d155-b9ba-4813-bb2c-74ebc43d01bb,Village Pet Spa & Kennel,(203) 269-3554,http://www.villagepetspa.com/,4.7,190,"220 N Colony St, Wallingford, CT 06492, USA",All,~15mi zone,True,95,Tee Box,
cc123d93-0016-44e8-9be6-270d75a6c746,Sunset Ridge Kennels,(860) 985-3614,https://www.sunsetridgekennels.net/,4.9,11,"384 Baileyville Rd, Middlefield, CT 06455, USA",All,~15mi zone,True,95,Tee Box,
823c0a77-864c-4267-8674-b29455fc3f66,Holiday Pet Lodge,(203) 269-4222,http://www.holidaypetlodge.com/,4.7,63,"1065 W Dayton Hill Rd, Wallingford, CT 06492, USA",All,~15mi zone,True,95,Tee Box,
e16936e6-6c1f-423e-b131-80db2db47c9f,Pleasant Paws Pet Center,(203) 491-2770,http://pleasantpawspetcenter.com/,4.4,196,"94 S Main St, Newtown, CT 06470, USA",All,~15mi zone,True,95,Tee Box,
1a0933e3-e949-4514-8fc0-8b30930fedd8,The Dapper Dog,(203) 266-7800,http://thedapperdogllc.com/,4.7,35,"564 Main St S, Bethlehem, CT 06751, USA",All,~15mi zone,True,95,Tee Box,
fb49fa76-9463-44c1-902b-3294d8c541c8,Wiggles Pet Resort in Middlebury,(860) 980-1411,https://wigglespetresort.com/,4.8,71,"1082 Southford Rd, Middlebury, CT 06762, USA",All,~15mi zone,True,95,Tee Box,
82526268-8320-411d-8d33-c2e9c998aa10,Haute Dog Hotel - Southbury CT,(203) 491-4444,http://www.hautedoghotel.com/,4.9,30,"522 N Georges Hill Rd, Southbury, CT 06488, USA",All,~15mi zone,True,95,Tee Box,
969cfde5-cecd-4c72-aa3c-c9f8233eb9be,Natural Pet Oasis,(860) 361-9900,https://dogrb.com/explore/natural-pet-oasis/,4.9,69,"9 Knight St, Watertown, CT 06795, USA",All,~15mi zone,True,95,Tee Box,
9c9adfe7-431e-4e5c-8815-e429ed0bcd09,OutCATS grooming,(203) 913-3586,http://outcatsgrooming.com/,5.0,35,"71 S Main St STE 12, Newtown, CT 06470, USA",All,~15mi zone,True,95,Tee Box,
5daa9849-1980-4539-82b0-191804d66376,All 4 Paws Pet Care,(860) 840-1880,http://all4pawspetcarellc.com/,4.9,88,"84 Custer St, West Hartford, CT 06110, USA",All,~15mi zone,True,95,Tee Box,
69b15c99-1f88-4a8a-9753-80658c29266b,What a Ruff Life,(860) 666-7833,http://whatarufflife.net/,4.8,74,"94 Pane Rd, Newington, CT 06111, USA",All,~15mi zone,True,95,Tee Box,
7c726fe4-0f6a-417a-af1b-353aab4e081c,Planet Bark,(860) 882-1711,http://www.planetbark.com/,4.7,71,"37 Darcy St, West Hartford, CT 06110, USA",All,~15mi zone,True,95,Tee Box,
ab094837-7379-47c2-a46f-5b760026a776,Home Dog Care,(860) 938-1011,https://home-dog-care.ueniweb.com/?utm_campaign=gmb,5.0,4,"101 Saddle Hill Rd, Newington, CT 06111, USA",All,~15mi zone,True,95,Tee Box,
28dcdf57-a38b-4c1d-9637-941684cbb119,Express Your Pet,(860) 563-7387,http://www.expressyourpet.com/,4.0,50,"945 Cromwell Ave # M, Rocky Hill, CT 06067, USA",All,~15mi zone,True,95,Tee Box,
b47945c1-2db1-4783-b174-d0e924176575,Magnolia Hill Pet Resort,(203) 405-3214,https://www.magnoliahillpetresort.com/,4.6,22,"7 Magnolia Hill Rd, Bethlehem, CT 06751, USA",All,~15mi zone,True,95,Tee Box,
5b494222-88fa-44a2-b0be-14fc0bf588a0,Reenee's Haven,(203) 788-6552,http://reeneeshaven.com/,4.4,7,"283 Main St S, Bethlehem, CT 06751, USA",All,~15mi zone,True,95,Tee Box,
84534ee6-4cb3-47df-b807-c3c5c84e3f1f,Country Clippers,(860) 480-4615,https://pawq.net/explore/country-clippers/,4.6,8,"16 Goslee Rd, Bantam, CT 06750, USA",All,~15mi zone,True,95,Tee Box,
74ca19ce-bd31-4f8d-835a-5d338ec819d7,Great Pets by Brian KIlcommons,(914) 755-8892,http://greatdogsbybrian.dog/,4.7,43,"182 Magnolia Hill Rd, Bethlehem, CT 06751, USA",All,~15mi zone,True,95,Tee Box,
06c36dac-c72d-4397-ba25-e247e13f3d87,Wedding Bliss Pet Care,(203) 710-2037,http://www.weddingblisspetcare.com/,5.0,8,"2351 Boston Post Rd #104, Guilford, CT 06437, USA",All,~15mi zone,True,95,Tee Box,
8a2f0a77-eeec-4a79-9ddd-bd4ac435ce1a,"Animal Adventures and TLC, LLC",(203) 623-3783,https://animaladventurestlc.com/,5.0,14,"15 Edward Rd, North Branford, CT 06471, USA",All,~15mi zone,True,95,Tee Box,
037f2960-6f35-4e83-9db9-ad9f4e3e46a2,"Hooves, Hounds & Whiskers Pet Sitting LLC",(203) 907-8590,https://www.hhwpetsittersofct.com/,4.7,15,"28 School St #3328, Branford, CT 06405, USA",All,~15mi zone,True,95,Tee Box,
ece98692-7ee3-4958-849f-1e40fbd4c77a,Shoreline Pet Lodge,(203) 488-9660,http://www.shorelinepetlodge.com/,4.6,111,"157 Pine Orchard Rd, Branford, CT 06405, USA",All,~15mi zone,True,95,Tee Box,
df099dbe-85c1-4e41-95c1-fa52d346204f,Pawsome pets,(203) 234-6787,http://pawsomepetsct.com/,4.8,72,"2374 Foxon Rd, North Branford, CT 06471, USA",All,~15mi zone,True,95,Tee Box,
40ea721e-9757-4885-8b59-90f2b86672f9,The Metro Pooch,(203) 481-2000,http://themetropooch.com/,4.7,116,"201 Soundview Rd, Guilford, CT 06437, USA",All,~15mi zone,True,95,Tee Box,
fbb15260-e5f3-4f3c-a89a-19b8d6823700,"The Dog Sitter, LLC",(203) 500-2632,http://thedogsitterct.com/,5.0,60,"1 Taylor Ln, Guilford, CT 06437, USA",All,~15mi zone,True,95,Tee Box,
e56fb634-85d4-4cd3-8b29-0c422c9f4a2c,Connecticut Pet Services LLC,(203) 543-9053,http://www.connecticutpetservices.com/,4.3,4,"440 Webb Cir, Monroe, CT 06468, USA",All,~15mi zone,True,95,Tee Box,
32ae42f4-ca84-43b1-b509-76600e6324c9,Dogtopia of Shelton,(203) 973-7233,https://www.dogtopia.com/connecticut-shelton/,4.7,84,"850 Bridgeport Ave, Shelton, CT 06484, USA",All,~15mi zone,True,95,Tee Box,
43a779df-147b-4231-a5e8-59445758ee60,Life is Ruff LLC,(203) 521-4317,http://www.lifeisruffllc.com/,4.0,6,"296 Walnut Tree Hill Rd, Shelton, CT 06484, USA",All,~15mi zone,True,95,Tee Box,
f3118fcb-a6fc-4c0e-a4e5-52c8195e448d,Groomer Has it!,(203) 304-9540,http://groomerhasitct.com/,5.0,14,"123 S Main St, Newtown, CT 06470, USA",All,~15mi zone,True,95,Tee Box,
ec5a5c5a-d777-4fac-8879-38b7105e547c,New England Aerial Cleaning Co.,(855) 237-4255,http://www.newenglandaerialcleaning.com/,5.0,23,"8 Dayton Rd, Bethany, CT 06524, USA",All,~15mi zone,True,95,Fairway,
80538b9b-8626-4f6f-aa18-b7f242d77708,Trident Pressure Wash LLC,(860) 919-0969,https://tridentpressurewashct.com/,5.0,188,"45 Partridge Dr, Southington, CT 06489, USA",All,~15mi zone,True,95,Fairway,
ced3e723-16de-42d9-bade-54911cf68225,AquaPro Pressure Washing,(203) 815-9162,https://aquapropressurewashingct.com/,5.0,113,"10 Legion Rd, Seymour, CT 06483, USA",All,~15mi zone,True,95,Hazard,
ba3a6481-35dc-4a3f-90d3-cc0feecd5262,Royalty House Wash,(203) 490-8355,https://www.royaltyhousewash.com/,5.0,8,"82 Rosario Dr, Waterbury, CT 06708, USA",All,~15mi zone,True,95,Fairway,
3f600637-b341-451a-967d-b586b71e977a,Pressure Washing and Painting Pros,(203) 228-1028,https://ctpressurewashingpros.com/,5.0,201,"48 Clearview Knoll, Middlebury, CT 06762, USA",All,~15mi zone,True,95,Do Not Call,
6384cd3f-38d0-479d-a1eb-77277aa91430,Savage Pressure Washing,(860) 712-0570,http://savagepw.com/,5.0,11,"125 Chicory Dr, Wolcott, CT 06716, USA",All,~15mi zone,True,95,Fairway,
246be5f4-e282-4b5e-85a2-aef5f018069a,GAD Home Improvements LLC,(203) 232-0706,https://gadhomeimprovements.com/,5.0,12,"52 Ridge Rd, Naugatuck, CT 06770, USA",All,~15mi zone,True,95,Fairway,
638e7670-ef56-462c-b4ec-22ccc82b6c86,JG Powerclean LLC,(860) 329-6926,https://jgpowerclean.com/?utm_source=google&utm_medium=organic&utm_campaign=gmb_profile,5.0,75,"Plainville, CT 06062, USA",All,~15mi zone,True,95,Do Not Call,
7a25031a-237b-4094-a304-1aa3e83d4f46,"PALS Power Washing, LLC",(860) 919-8748,http://www.palspowerwashing.com/,4.6,49,"41 Riverside Ct, Southington, CT 06489, USA",All,~15mi zone,True,95,Hazard,
3206f26c-778b-4712-9be8-19a85717cb1c,Luis Gutter Clean soft wash,(203) 675-4039,https://www.luisguttercleansoftwashpowerwash.com/,5.0,187,"39 Spring St, Wallingford, CT 06492, USA",All,~15mi zone,True,95,Do Not Call,
1fd1faaf-d5b0-4ad4-91d1-5d6bb00c07a8,TEAM PRO POWERWASHING LLC,(203) 683-8316,https://team-pro-powerwashing.ueniweb.com/,5.0,131,"31 Welles Terrace, Meriden, CT 06450, USA",All,~15mi zone,True,95,Do Not Call,
05353a24-eda0-4b02-8aa6-ad592a001cf9,Shaboo Ct Cleaning LLC,(203) 512-8121,http://shabooctcleaning.com/,5.0,107,"5 Pomperaug Rd, Newtown, CT 06470, USA",All,~15mi zone,True,95,Tee Box,
27e598f1-f603-4184-9708-80e84eea6c7d,Ryan's Softwash,(860) 830-0040,http://www.ryanssoftwash.com/,5.0,57,"96 Cambridge St, West Hartford, CT 06110, USA",All,~15mi zone,True,95,Do Not Call,
963b97ea-4664-4837-9ec5-1d6d4d43a594,J & G Cleaning and Maintenance,(860) 893-5449,https://www.jgcleanct.com/,5.0,191,"111 Sterling St, New Britain, CT 06053, USA",All,~15mi zone,True,95,Do Not Call,
5d772ef0-3f0f-4a7a-9843-7264a7d7810b,Eagle's Power Washing,(860) 804-6780,http://www.eaglespowerwash.com/,5.0,35,"159 Camp Ave, Newington, CT 06111, USA",All,~15mi zone,True,95,Tee Box,
a97b648a-7e55-45b4-a11e-f44259e10e11,Platinum Powerwashing LLC,(860) 385-8874,https://platinumwashct.com/,5.0,7,"2600 Berlin Tpke #11, Newington, CT 06111, USA",All,~15mi zone,True,95,Do Not Call,
8c8d7f3c-fd37-4813-aa55-ca15b00f4f17,Exterior House Wash,(203) 287-8560,http://www.exteriorhousewash.com/,4.7,13,"Howard Dr, Hamden, CT 06514, USA",All,~15mi zone,True,95,Fairway,
86d615dd-312c-47bd-8c86-90585f5c425b,Pure Power Washing LLC,(203) 819-7097,https://www.purepowerwashingllc.com/,5.0,36,"22 Cove Terrace, Branford, CT 06405, USA",All,~15mi zone,True,95,Tee Box,
0b92c927-b148-4149-9bc9-77cc1e1ec32c,DS Cleaning Service,(203) 814-7618,https://dscleaningservices.online/,5.0,10,"800 Village Walk, Guilford, CT 06437, USA",All,~15mi zone,True,95,Do Not Call,
950a6016-92b2-4bfc-8ab7-b0a16bad7083,Leidy's Cleaning Services LLC,(380) 223-4484,,5.0,11,"436 3rd Ave, West Haven, CT 06516, USA",All,~15mi zone,True,95,Tee Box,
585a0fb3-ef80-49a3-9c55-2716ce5dbfec,New Haven Pressure Washing,(203) 257-6688,https://www.newhavenctpressurewashing.com/,5.0,29,"31 Woodlawn Ave, Ansonia, CT 06401, USA",All,~15mi zone,True,95,Tee Box,
1f0e00f0-174f-46ec-a3d2-4e686788208b,Perry’s Pressure Washing CT LLC,(203) 506-4677,http://perryspressurewash.com/,5.0,27,"26 Bellevue Terrace, Seymour, CT 06483, USA",All,~15mi zone,True,95,Tee Box,
41703410-8580-4c5e-aefa-daad8cb5fefa,Tafur LLC,(203) 727-2126,https://www.tafurllc.com/,4.8,58,"26 Colonial Village, Shelton, CT 06484, USA",All,~15mi zone,True,95,Tee Box,
2b17550a-f3c5-4118-9897-5bdbc4bfbee0,Bert Falsetti's Home Improvement LLC,(203) 258-5177,https://bertfalsettillc.wixsite.com/falsetti,5.0,69,"56 Woodfield Dr, Shelton, CT 06484, USA",All,~15mi zone,True,95,Do Not Call,
83e624c8-e127-4427-b897-942d4df893fb,Select Fence and Guardrail LLC,(203) 589-3821,https://www.selectfenceandconstruction.com/,4.8,18,"75 Vly Service Rd, North Haven, CT 06473, USA",All,~15mi zone,True,95,Fairway,
e204d69f-1bb3-4367-a7b1-872f51151f8f,UConn Fence & Masonry LLC,(203) 725-8857,http://www.uconnfence.com/,5.0,40,"64 Rita Ave, Cheshire, CT 06410, USA",All,~15mi zone,True,95,Bunker,
62aeae05-9d31-4fdd-8033-62d65cee6cb4,Champion Fence Co.,(203) 997-3719,http://champion-fence.com/,4.8,65,"7 Nichols St, Seymour, CT 06483, USA",All,~15mi zone,True,95,Hazard,
dd88d08b-f15b-4614-8d4f-fec6d2fa852e,Luxury Fence. LLC,(203) 519-1757,https://luxury-fence.com/,4.8,68,"64 Keefe St, Waterbury, CT 06706, USA",All,~15mi zone,True,95,Do Not Call,
9338d0bd-5f57-46c5-a0de-d30bad7c6c5b,RSVP Fence LLC,(860) 517-6852,https://www.rsvpfence.com/,5.0,103,"19 S Borough Rd, Southington, CT 06489, USA",All,~15mi zone,True,95,Do Not Call,
b7f0d9ab-9784-4a88-b80f-b9eb250b5f10,Brothers Fence Company LLC,(475) 259-9258,https://www.angi.com/companylist/us/ct/oakville/brothers-fence-company-llc-reviews-1.htm,4.8,70,"601 Buckingham St, Watertown, CT 06779, USA",All,~15mi zone,True,95,Fairway,
0833805c-dc1f-48f3-a445-96bb06bf2128,New fence of Connecticut LLC,(475) 449-7484,http://www.newfenceofconnecticutllc.com/,5.0,38,"39 Irion St, Waterbury, CT 06704, USA",All,~15mi zone,True,95,Do Not Call,
c7e7d42c-0728-4d4d-9634-ee9206f53d08,M&B Unlimited Construction LLC,(203) 687-3307,https://www.mbconstructionct.com/,5.0,83,"337 Sir Walter Dr, Cheshire, CT 06410, USA",All,~15mi zone,True,95,Do Not Call,
51655edc-9887-4790-bea2-4fe5ae0b52da,Southington Rustic Fence Company,(860) 628-4162,http://www.onlinefence.com/,4.6,69,"134 Queen St, Southington, CT 06489, USA",All,~15mi zone,True,95,Fairway,reception
5cfa9076-df13-4153-b5d1-5d4a9333f280,Eagle Fence & Guardrail,(860) 747-1288,https://www.eagle-fence.com/,4.4,59,"15 Robert Jackson Way, Plainville, CT 06062, USA",All,~15mi zone,True,95,Fairway,reception
64b77705-8b16-4145-b8fe-336f7be48ea8,AFFORD A FENCE,(860) 690-6514,https://www.facebook.com/profile.php?id=100039384866068,4.0,8,"11 4th St, Bristol, CT 06010, USA",All,~15mi zone,True,95,Do Not Call,
b8f17e92-0bdf-465d-879b-32fbb3df1cca,"H&M Fence, LLC",(203) 887-9468,https://www.hmfence.com/,4.9,46,"642 Saw Mill Rd, West Haven, CT 06516, USA",All,~15mi zone,True,95,Fairway,
37cfdaab-c5d4-4030-9a59-5fb5bfb4b635,Reliable Fence CT,(203) 933-5404,https://www.reliablefencect.com/,4.9,117,"1072 Boston Post Rd, West Haven, CT 06516, USA",All,~15mi zone,True,95,Fairway,
c692cf6e-1c07-443c-a30a-02268fdfaa0a,Fence Builders USA LLC,(475) 256-5234,https://fencebuildersusa.com/,5.0,4,"132 Silvermine Rd, Seymour, CT 06483, USA",All,~15mi zone,True,95,Fairway,
ce0cb244-edb1-4746-8b2a-8a1e2f4442bc,Frankson Fence Co,(203) 288-2588,https://www.franksonfencect.com/,4.2,22,"385 Sackett Point Rd, North Haven, CT 06473, USA",All,~15mi zone,True,95,Fairway,
bcc5ee71-5c2f-4936-8466-bb26664d8b32,Orange Fence & Supply,(203) 795-1321,https://orangefence.com/,3.5,61,"205 Boston Post Rd, Orange, CT 06477, USA",All,~15mi zone,True,95,Fairway,
9b90a38e-19ab-4d20-b8cf-54000d189f47,White Eagle Fence,(203) 887-2104,https://sites.google.com/view/whiteeaglefencect/main-page?authuser=3&gad_source=1&gad_campaignid=23058449705&gclid=Cj0KCQjw9JLHBhC-ARIsAK4Phcr4r0ZbgrpEzbOWRxKLNLyBAICFQQhvmOxie_njNxXpr4H3fjYQH9QaAuYmEALw_wcB,5.0,105,"94 Lilac St, New Haven, CT 06511, USA",All,~15mi zone,True,95,Fairway,
7b195ef3-acf7-4a7b-905b-e5a07145cc83,Total Fence LLC,(203) 497-9096,http://totalfencellc.com/,3.8,9,"525 Ella T Grasso Blvd, New Haven, CT 06519, USA",All,~15mi zone,True,95,Fairway,
1cf616ee-5fff-4cf6-80f8-0605f5476e96,Jennifer Fence LLC,(203) 739-9595,http://www.jenniferfence.com/,4.4,7,"30 Orford Rd, West Haven, CT 06516, USA",All,~15mi zone,True,95,Do Not Call,
096e9339-78d5-44b1-ac5d-6fb265698796,"Oxford Fence Company & Supply, LLC",(203) 828-6367,https://www.oxford-fence.com/,5.0,15,"117 Oxford Rd, Oxford, CT 06478, USA",All,~15mi zone,True,95,Green,emailed andy  the owner
6b060a94-e2a9-46b6-9c5e-8b4b57166f15,Cornerstone Fence of Connecticut,(203) 237-4283,http://cornerstonefence.info/,4.2,42,"266 Reservoir Ave, Meriden, CT 06451, USA",All,~15mi zone,True,95,Fairway,
e2018d70-6d3c-47d0-a37d-daee012bdfd6,Remy Fence & Masonry,(203) 641-2742,https://www.remyfenceandmasonry.com/,5.0,86,"193 Hall Ave, Wallingford, CT 06492, USA",All,~15mi zone,True,95,Hazard,
7bfe1516-ca7b-44b8-b295-16dd163e5ce1,Guilford Fenceworks,(203) 484-2700,http://www.guilfordfenceworks.com/,4.3,48,"1880 Middletown Ave, Northford, CT 06472, USA",All,~15mi zone,True,95,Do Not Call,
ea1f6c0c-53a3-47f3-a19b-81df07dd0839,Durham Fence,(860) 349-9898,http://www.durhamfenceco.com/,4.6,38,"41 Industrial Park Access Rd, Middlefield, CT 06455, USA",All,~15mi zone,True,95,Fairway,
311652a1-8554-4a31-aa99-779153a74572,Rockland Fence LLC,(860) 840-2223,http://rocklandfencect.com/,4.9,32,"11A Old Indian Trail, Middlefield, CT 06455, USA",All,~15mi zone,True,95,Fairway,
85be901f-49a8-49ca-a36c-5846d468b199,WB Carpentry LLC,(203) 733-9104,https://wbcarpentryllc.jobbersites.com/,5.0,7,"60 Leavenworth Rd, Woodbury, CT 06798, USA",All,~15mi zone,True,95,Hazard,
e478fcab-c143-4280-962b-3cc904bb9f26,Cox Fence,(860) 461-0649,https://coxfence.com/,4.9,166,"116 Willard Ave Suite 102, Newington, CT 06111, USA",All,~15mi zone,True,95,Do Not Call,
92186988-6898-4527-98fe-9873fb2df8aa,Fence Appeal,(860) 500-7030,http://fenceappealct.com/,4.6,60,"1275 Cromwell Ave Suite E 3, Rocky Hill, CT 06067, USA",All,~15mi zone,True,95,Fairway,
0400cb6e-66cc-4c60-8a86-b2169acb4b11,Hemlock Contracting of CT,(860) 836-9400,https://hemlockcontractingco.com/deck-builder-hartford/,5.0,97,"90 Margarita Dr, Hartford, CT 06106, USA",All,~15mi zone,True,95,Fairway,reception. amanda
28b176ef-f488-4dd9-ae05-b402a6401e1c,New Britain Fence Co. LLC,(860) 224-6997,http://newbritainfence.com/,4.1,9,"777 Osgood Ave, New Britain, CT 06053, USA",All,~15mi zone,True,95,Fairway,
d71f2be3-f7af-4a10-b8d1-ecb13de0f9c5,WAYSIDE FENCE,(860) 594-1090,https://www.waysidefence.com/,3.4,7,"56 Fenn Rd, Newington, CT 06111, USA",All,~15mi zone,True,95,Fairway,"reception, look out for a call from mike"
75bc187b-32b0-4608-917d-3b72afe5f256,Fence's Unlimited,(203) 707-1368,,5.0,2,"Waterbury, CT 06701, USA",All,~15mi zone,True,95,Do Not Call,
09e7f51f-4140-4d7f-9ed6-5e3b67bbb8bc,Atlas Outdoor,(203) 483-9013,https://www.atlasoutdoor.com/,4.5,113,"30 NE Industrial Rd, Branford, CT 06405, USA",All,~15mi zone,True,95,Fairway,left message for mekrting guy
54620da4-7a58-4fc2-b952-2a9da0f28845,T&R Home Improvement,(203) 954-8595,http://relovemyhome.com/,5.0,61,"146 Wells View Rd, Shelton, CT 06484, USA",All,~15mi zone,True,95,Bunker,owner is in after 4
03f385cf-871b-46c0-a11c-7e0afed5f88e,Best Way Roofing LLC,(860) 855-3218,https://bestwayroofingllc.com/,4.9,238,"102 Wolcott Rd, Wolcott, CT 06716, USA",All,~15mi zone,True,95,Fairway,
c8040ea0-6540-4f34-93ab-e58103cab7c6,Manny Roofing,(475) 203-1939,https://www.ctroofingpros.com/?utm_campaign=gmb,4.9,126,"127 S Main St, Beacon Falls, CT 06403, USA",All,~15mi zone,True,95,Fairway,
8d9a6574-0489-4dc5-84d2-2644d2bc36db,Pesantez Roofing LLC,(401) 359-5187,https://www.pesantezroofingllc.com/,4.6,59,"325 Hillside Ave, Naugatuck, CT 06770, USA",All,~15mi zone,True,95,Bunker,
7804a195-6cf8-4fd6-8c60-a4e5e15d5833,All Star Roofing,(860) 508-2173,http://www.allstarroofingct.com/,5.0,76,"60 Waterbury Rd Suite 2D, Prospect, CT 06712, USA",All,~15mi zone,True,95,Fairway,
4c0479f7-0222-4893-81d7-ba31c2afba36,Hira Roofing,(203) 707-1104,http://hiraroofing.com/,5.0,81,"155 Main St, Oakville, CT 06779, USA",All,~15mi zone,True,95,Do Not Call,
aea3fe1a-07f5-451c-94a5-c5ea25c756a5,Above the Rest Roofing and Siding,(860) 329-6634,https://www.abovetherestroofingandsiding.com/,4.9,36,"1460 Meriden-Waterbury Turnpike #6, Plantsville, CT 06479, USA",All,~15mi zone,True,95,Fairway,
783815d4-379a-4ab2-b541-e41529151570,Modern Way Roofing & Siding,(203) 884-8079,http://www.modernwayroofing.com/?utm_campaign=gmb,4.9,228,"1022 Main St, Watertown, CT 06795, USA",All,~15mi zone,True,95,Do Not Call,
c0b4a439-2a94-4cf7-a89f-f56763d44b21,Express Roofing & Remodeling LLC,(203) 527-3702,https://expresroofing.com/,4.8,31,"35 Baldwin Ave, Waterbury, CT 06706, USA",All,~15mi zone,True,95,Fairway,
c3d02c85-83d0-46b9-9787-32ea80516e61,M & J Roofing Services,(877) 766-3318,http://mjroofing.site/,4.8,34,"347 S Leonard St, Waterbury, CT 06708, USA",All,~15mi zone,True,95,Fairway,
3d7d434a-3a21-44c0-971f-3113082da9b2,CHE ROOFING,(203) 802-0469,https://cheroofingllc.com/,5.0,31,"63 Bellevue St, Waterbury, CT 06704, USA",All,~15mi zone,True,95,Fairway,
870113cf-df67-471f-9884-51e6ee76f48c,# 1 In Roofing and Siding LLC,(203) 600-8892,http://www.number1roofingct.com/,5.0,34,"3714 Whitney Ave, Hamden, CT 06518, USA",All,~15mi zone,True,95,Do Not Call,
ac092262-3902-41df-8f29-08ef30119ba4,Flash Roofing LLC,(860) 398-2166,https://flashroofingllc.com/,4.9,71,"27 Waterbury Rd, Prospect, CT 06712, USA",All,~15mi zone,True,95,Fairway,
97665016-73e7-430c-a60d-c18311bb8916,Royal Roofing,(475) 255-8647,https://myroyalroof.com/?utm_source=google&utm_medium=organic&utm_campaign=gbp,5.0,48,"104 Waterbury Rd, Prospect, CT 06712, USA",All,~15mi zone,True,95,Green,
35760d71-4e2b-4fed-8e28-f0b3ad27e574,All Site Builders,(203) 980-0698,https://allsitebuilders.com/,5.0,156,"526 W Main St, Cheshire, CT 06410, USA",All,~15mi zone,True,95,Do Not Call,
2958f192-e558-4549-9157-6995a3e9beea,Albana Roofing,(203) 759-1791,https://www.albanaroofing.com/,4.7,65,"40 Union City Rd Suite F, Prospect, CT 06712, USA",All,~15mi zone,True,95,Fairway,
d5dda4a0-9acf-420f-8845-ace79628a36d,PAOLINO ROOFING,(203) 721-1442,http://www.paolinoroofing.com/,4.9,46,"463 Congress Ave, Waterbury, CT 06702, USA",All,~15mi zone,True,95,Fairway,
ae8535c6-7728-4dbd-b684-921ac45b9a07,DG Roof Pros,(860) 681-7643,http://www.dgroofpros.com/,5.0,22,"95 Wolcott Rd, Wolcott, CT 06716, USA",All,~15mi zone,True,95,Green,emailed jeremy owner
b820bad1-6e98-4b0f-b72f-3ef5d3f30306,Roof Ready Home Improvements LLC,(203) 706-9221,http://myroofready.com/,5.0,101,"510 Cornwall Ave Suite 1, Cheshire, CT 06410, USA",All,~15mi zone,True,95,Hazard,
19ac1874-aac6-499e-9c89-3f3ec84e89be,"Elite Roofing, LLC - Commercial Roofers",(203) 439-7718,https://eliteroofingcrew.com/,4.5,11,"275 Maple Ave Suite 1, Cheshire, CT 06410, USA",All,~15mi zone,True,95,Fairway,
b7586aad-24cd-48d7-bd47-de0c7fe2e370,Armor Shield Exteriors,(203) 527-5338,https://www.armorshieldroof.com/,4.7,178,"15 Falls Ave, Oakville, CT 06779, USA",All,~15mi zone,True,95,Do Not Call,
b9678ebb-6fed-4fb6-b24f-0e5987825abc,START ROOFING LLC,(475) 341-4734,https://www.startroofing-llc.com/,5.0,8,"499 Hill St, Waterbury, CT 06704, USA",All,~15mi zone,True,95,Do Not Call,
64c54dc9-e673-40a2-8e94-eb19c3fc2bff,"Cheshire Roofing, LLC",(203) 272-6964,https://cheshireroofingandsiding.com/,4.7,15,"1030 S Main St #6, Cheshire, CT 06410, USA",All,~15mi zone,True,95,Fairway,
d81f103a-05d7-42c1-88be-f80c61de811f,Epic Exteriors LLC,(860) 925-7663,http://www.epicexteriorsct.com/,5.0,174,"102 W Center St, Southington, CT 06489, USA",All,~15mi zone,True,95,Fairway,
d1df22d6-d7af-44f6-b6e2-d8ad89eba345,Roofing Contractor of Prospect,(860) 845-4495,https://roofingcontractor-prospectct.com/,5.0,7,"7 Terry Rd Suite 1, Prospect, CT 06712, USA",All,~15mi zone,True,95,Do Not Call,
e13fef7d-1a7a-4de3-9f27-371cfa548f5c,iSP Roofing,(203) 896-4999,https://www.isproofingusa.com/,5.0,48,"751 Straits Turnpike, Middlebury, CT 06762, USA",All,~15mi zone,True,95,Fairway,
b9fbd330-4b85-4c86-970b-61fde2b413ea,All Town Roofing LLC,(860) 778-9100,https://alltownroofingllc.com/,5.0,8,"59 Bishop St, Waterbury, CT 06704, USA",All,~15mi zone,True,95,Fairway,
015669e9-d2b1-4930-8e6a-242cc5290a17,Mega Construction of CT LLC,(203) 510-4085,https://megaconstructionllcofct.com/,5.0,61,"138 Madera Dr, Waterbury, CT 06704, USA",All,~15mi zone,True,95,Fairway,
278e514e-fbc5-421c-a406-003ec55f0c75,Best Army’s OGZ Roofing and Siding LLC,(203) 519-4809,http://bestarmysogzroofingsiding.com/,5.0,12,"74 Edson Ave, Waterbury, CT 06705, USA",All,~15mi zone,True,95,Do Not Call,
e4aba64c-38c2-4099-9f20-42ae8d0ec9cd,New England Masonry & Roofing,(203) 729-2266,https://www.nemasonry.com/?utm_source=GMB&utm_medium=Organic,4.3,3,"146 Sheridan Dr, Naugatuck, CT 06770, USA",All,~15mi zone,True,95,Tee Box,
0f3256f0-a858-47d7-a457-f8428ccc5252,Apex Exteriors LLC,(203) 923-8121,https://www.apexexteriors.net/,4.8,43,"207 Bank St Suite 3A, Waterbury, CT 06702, USA",All,~15mi zone,True,95,Do Not Call,
623180f1-229e-4434-aed9-e13c2018da49,R&R Roofing LLC,(203) 879-2822,https://www.randrroofingllc.com/,4.6,40,"1664 Wolcott Rd, Wolcott, CT 06716, USA",All,~15mi zone,True,95,Fairway,
732942ca-52ef-4e21-aa0d-15d734c140d0,First Choice Roofing,(860) 218-8770,https://firstchoiceroofingcontractors.com/?utm_source=google&utm_medium=organic&utm_campaign=gbp&utm_content=website,5.0,44,"360B Queen St #365, Southington, CT 06489, USA",All,~15mi zone,True,95,Hazard,
12fa15f9-19fe-4a70-ab4c-9f0ca18cfa50,"Rodrick Roofing and Siding, LLC",(860) 436-7098,https://rodrickroofing.com/?utm_source=google&utm_medium=organic&utm_campaign=gmb-listing,5.0,27,"70 Main St, Thomaston, CT 06787, USA",All,~15mi zone,True,95,Bunker,
194eaa15-efe0-4d60-a541-d43da3fe16f5,Smart Roofing,(860) 244-3174,http://smartroofingct.com/,4.8,20,"291 Queen St Suite 105,123, Bristol, CT 06010, USA",All,~15mi zone,True,95,Bunker,
3f27a4b2-9233-4c94-a9ab-67221843b2fc,Busy Bee Roofing LLC,(203) 206-6157,http://www.busybeeroofingllc.com/,5.0,23,"15 Boulder Dr, Wolcott, CT 06716, USA",All,~15mi zone,True,95,Fairway,
13148e49-dfbc-45c6-a06c-e6ab0b74b049,La Rich LLC - Roofing Contractors CT,(860) 747-4427,http://www.larichremodeling.com/,3.9,7,"66 Robert St Ext, Plainville, CT 06062, USA",All,~15mi zone,True,95,Hazard,
57a2a2e4-1b62-4904-8c99-57cbb844b158,Storm Shield Roofing,(203) 754-3071,https://www.stormshieldct.com/,5.0,73,"12 Division St, Derby, CT 06418, USA",All,~15mi zone,True,95,Fairway,
77cc5051-cea3-418f-b36f-5d1644c161ee,New England Roofing & Home Repair,(203) 795-3947,https://newenglandroofingct.com/?utm_source=google&utm_medium=organic&utm_campaign=gmb-primary-link,4.8,110,"284 Racebrook Rd Suite 2A, Orange, CT 06477, USA",All,~15mi zone,True,95,Fairway,
91d4536d-670d-4cd7-8b35-34491b0b25ef,SALINAS ROOFING GUTTERS SIDING CONTRACT,(203) 815-6002,http://salinasroofingct.com/,4.8,69,"860 Campbell Ave, West Haven, CT 06516, USA",All,~15mi zone,True,95,Fairway,
97154458-3a93-4f8b-b8ba-823ddad29ab6,Crown construction,(860) 331-4320,https://crownconstruction4.wixsite.com/crown-construction,5.0,11,"149 Goodrich St, Hamden, CT 06517, USA",All,~15mi zone,True,95,Hazard,
e0f2a62f-6dfd-4aa1-b474-7d100802b81a,1 800 New Roof CT,(475) 264-6082,https://1800newroofct.com/orange/,5.0,22,"22 Rolling Ridge Rd, Orange, CT 06477, USA",All,~15mi zone,True,95,Hazard,
9afaa644-db5f-4a03-b1c0-cd337dd41e92,ADN LLC,(203) 751-3091,https://www.adnroofingct.com/,5.0,59,"24 Webster Dr, Ansonia, CT 06401, USA",All,~15mi zone,True,95,Fairway,
33f54296-2123-4137-b7ce-deb18c72f37c,Connecticut Roofcrafters LLC,(888) 612-0798,http://ctroofcrafters.com/,4.1,15,"599 Island Ln Box 524, West Haven, CT 06516, USA",All,~15mi zone,True,95,Hazard,
51cefa2f-bfe5-409a-8706-83ef7e23be81,All American Roofing,(203) 469-8371,https://aarcontractor.com/,5.0,11,"34 Tyler Street Extension, East Haven, CT 06512, USA",All,~15mi zone,True,95,Fairway,
a61c2a85-7f67-4b4f-abd3-437af2d3a6e4,Solid Rock Roofing LLC,(475) 301-4540,https://solidrockroofingllc.net/,4.8,44,"445 Front Ave, West Haven, CT 06516, USA",All,~15mi zone,True,95,Hazard,
e5883537-7722-40c1-9e59-19ea46ca07af,CMW Roofing & Siding,(475) 473-9881,https://cmwhome.com/new-haven-county/north-haven-ct/,4.8,5,"41 McDermott Rd, North Haven, CT 06473, USA",All,~15mi zone,True,95,Fairway,
56c5b7e9-e27a-4f9d-9ba1-b22293195a45,"Pinnacle Roofing | commercial industrial, and residential roofing services",(203) 214-2135,https://www.pinnacleroofingct.com/,4.8,41,"14 Valleybrook Rd, West Haven, CT 06516, USA",All,~15mi zone,True,95,Do Not Call,
f681b5e2-c22b-461d-b6b1-18e4411e36dd,MLM Home Improvement,(860) 266-2107,https://mlmhi.com/about/service-areas/roofer-wallingford-ct/,4.7,43,"7 N Turnpike Rd, Wallingford, CT 06492, USA",All,~15mi zone,True,95,Fairway,
a699b93c-9346-43f0-bd3c-1a127a13d6c2,BEST CONNECTICUT ROOFING LLC,(203) 442-4165,http://www.bestconnecticutroofing.com/,5.0,249,"35 Meridian St, Meriden, CT 06451, USA",All,~15mi zone,True,95,Fairway,
b5368303-d8e1-4a92-b4f1-2d89668a7555,The Roof Boss,(203) 500-2957,https://www.theroofboss.com/,5.0,23,"108 Great Oak Rd, North Branford, CT 06472, USA",All,~15mi zone,True,95,Fairway,
c12e196a-eddd-4de1-a9df-e00d28a7b468,V. Nanfito Roofing & Siding,(203) 639-1634,https://www.vnanfito.com/,4.6,203,"558 Hanover St, Meriden, CT 06451, USA",All,~15mi zone,True,95,Hazard,
d5c49713-80a3-42d8-bf43-6789afd3ff82,Prime Roofing,(888) 581-3940,https://www.primeroofings.com/,5.0,92,"15 Prince St, Wallingford, CT 06492, USA",All,~15mi zone,True,95,Fairway,
ac934c3f-610a-4b29-b172-9cd6684bd060,Ace Top Roofing,(475) 302-9209,https://acetoproofing.com/,5.0,48,"425 S Broad St, Meriden, CT 06450, USA",All,~15mi zone,True,95,Do Not Call,
1c7c94bf-a299-4c7f-aef8-0b74b602841f,Evans Commercial Roofing LLC,(203) 886-9851,http://evanscommercialroofingct.com/,4.9,30,"54 Sophia Ct, Meriden, CT 06450, USA",All,~15mi zone,True,95,Do Not Call,
0d6c36df-01c3-4583-85fe-04fe628f852e,AM PM Roofing,(860) 961-2825,https://www.ampmroofing.com/,4.2,10,"34 Shunpike Rd, Cromwell, CT 06416, USA",All,~15mi zone,True,95,Hazard,
e9545da4-0cc5-4a57-8476-64a074ebd7f6,Maynard Roofing LLC,(203) 725-5774,https://www.maynardroofingllc.com/,5.0,54,"17 Aunt Olive Rd, Watertown, CT 06795, USA",All,~15mi zone,True,95,Hazard,
249d7833-3bf7-4b35-84a8-1131a820a17d,Graves Roof Repair & Installation,(860) 390-2705,https://gravesroofrepairwethersfield.com/,5.0,61,"449 Silas Deane Hwy suite 532, Wethersfield, CT 06109, USA",All,~15mi zone,True,95,Tee Box,
a09a7103-a07d-419b-8eab-b0082f3ea387,J.T. Burke & Sons,(860) 289-9381,http://www.jtburkeandsons.com/,4.9,405,"1041 New Britain Ave, West Hartford, CT 06110, USA",All,~15mi zone,True,95,Tee Box,
4513075d-1c68-4d9f-925e-2e334efa2dcd,Zaman Roofing - CT Roofing Contractors & Roof Repair,(860) 977-8042,https://zamanroofing.com/,5.0,63,"567 Wethersfield Rd, Berlin, CT 06037, USA",All,~15mi zone,True,95,Tee Box,
15376b65-6255-48a0-9749-e540e8626379,All Weather Roofing,(860) 785-9000,http://www.allweatherroofsystems.com/,5.0,45,"175 Capital Blvd, Rocky Hill, CT 06067, USA",All,~15mi zone,True,95,Tee Box,
b982e445-6981-4c88-b188-3c88aaa7ab98,KM&M Roofing LLC,(860) 384-4859,https://kmmroofing.com/,5.0,139,"106 Webster Ct, Newington, CT 06111, USA",All,~15mi zone,True,95,Tee Box,
2c038d15-4953-4a16-9e5d-9519089f72c5,Total Roofing,(860) 269-6308,https://www.totalroofingct.com/,5.0,44,"77 Old Brickyard Ln #7, Berlin, CT 06037, USA",All,~15mi zone,True,95,Tee Box,
417868b3-c32c-4bde-be92-1d9c68df9408,Premier Roofing Services LLC,(860) 866-6067,https://premierroofsct.com/?utm_source=google&utm_medium=organic&utm_campaign=gbp-listing,5.0,53,"838 Brook St UNIT E, Rocky Hill, CT 06067, USA",All,~15mi zone,True,95,Tee Box,
52e6a449-3d0f-4618-b0d6-51741ab4e7d5,Roofing Contractor of Newington,(860) 880-3240,https://roofingcontractor-newingtonct.com/,5.0,7,"1268 Main St Suite 5, Newington, CT 06111, USA",All,~15mi zone,True,95,Tee Box,
b71cf52f-7d2e-42d7-93a5-641843e57ed6,Modern Roofing,(860) 414-1282,http://www.ctmodernroofing.com/,5.0,37,"95 Kitts Ln, Newington, CT 06111, USA",All,~15mi zone,True,95,Tee Box,
3baef8da-d906-4a09-9d5a-3ed0b8f82f4e,Shingle Brothers LLC,(860) 459-8385,,5.0,8,"72 Twin Oaks Dr, Thomaston, CT 06787, USA",All,~15mi zone,True,95,Tee Box,
05b6614e-6b3e-4ba6-83a2-637c2fdbe708,Premier Building Associates,(203) 902-2572,https://www.pbaroofing.com/?utm_campaign=gmb,4.4,21,"100 Shaw Rd, North Branford, CT 06471, USA",All,~15mi zone,True,95,Tee Box,
b2191471-0518-436c-b4d7-8f96c6e562e1,Home Pros LLC,(203) 896-0088,https://homeprosroofingct.com/?utm_source=google&utm_medium=organic&utm_campaign=gbp,5.0,30,"164 Foxon Rd Suite 1, East Haven, CT 06513, USA",All,~15mi zone,True,95,Tee Box,
a0a6a70b-3986-418c-aaa2-857dbfbf41a2,K.P. LaMarco Roofing & Siding,(203) 415-6773,https://kplamarco.com/,5.0,21,"4 Kim Ct, Guilford, CT 06437, USA",All,~15mi zone,True,95,Tee Box,
3509e06f-d7af-4e52-a638-c84a48d65126,Pro Exteriors LLC,(203) 909-8075,https://proexteriorsct.com/roofing-branford-ct/,5.0,23,"119 Montowese St, Branford, CT 06405, USA",All,~15mi zone,True,95,Tee Box,
06e30ded-a18c-4d8e-beb8-9e22dd793c05,CMW Roofing & Siding,(203) 493-7663,https://cmwhome.com/fairfield-county/monroe-ct/,4.9,179,"440 Main St, Monroe, CT 06468, USA",All,~15mi zone,True,95,Tee Box,
774a5976-2c00-42f2-be65-286d6ec55d86,Chuck's Roofing,,,5.0,6,"51 Marathon Rd, Trumbull, CT 06611, USA",All,~15mi zone,True,95,Tee Box,
5af5130a-f92e-4ad4-ab05-e6c6288e307f,NorthEast Heating & Cooling,(959) 595-2327,https://northeast-hvac.com/,5.0,15,"17 Mountain View Rd, Bethany, CT 06524, USA",All,~15mi zone,True,95,Do Not Call,
5c8b19dc-d532-4bcc-8e45-f892291fdd60,Mobilio and Son HVAC,(203) 404-0407,http://www.mobilioandsonhvac.com/,4.7,113,"325 Sandbank Rd STE B3, Cheshire, CT 06410, USA",All,~15mi zone,True,95,Tee Box,
b78eaa94-9754-401f-bebf-2bf873a35991,"Evergreen Heating & Cooling, LLC.",(203) 288-3315,https://egreenhvac.com/,5.0,19,"81 Overlook Dr, Hamden, CT 06514, USA",All,~15mi zone,True,95,Fairway,
22ad564c-fea0-4fbf-afbb-3bb5a8230f0a,E Elving Heating and Cooling LLC,(203) 632-5499,http://www.elvingheatingandcooling.com/,4.9,97,"485 Cherry St, Naugatuck, CT 06770, USA",All,~15mi zone,True,95,Do Not Call,
7e240582-b76c-45bc-aeee-754b991e8cc9,Paul's Heating and Cooling,(203) 695-3042,https://www.paulsheatingandcoolingct.com/,5.0,46,"19 Tower Ln, Naugatuck, CT 06770, USA",All,~15mi zone,True,95,Fairway,
dc75430d-7ab6-4b25-be82-553557118c74,Valley Mechanical LLC,(203) 558-1836,http://valleymechllc.com/,5.0,24,"Cross St, Naugatuck, CT 06770, USA",All,~15mi zone,True,95,Tee Box,
a29166ed-0e01-418d-8c0b-f9f064273c4e,All Pro Heating & Air Conditioning,(860) 729-5094,https://www.cthvacpro.com/,4.7,34,"59 Old Turnpike Rd, Beacon Falls, CT 06403, USA",All,~15mi zone,True,95,Tee Box,
deab4c0a-3f0f-4dba-bb5e-d1d2de74ab51,Saucier Mechanical Services,(860) 628-9999,http://sauciermechanical.com/,4.7,70,"148 Norton St, Plantsville, CT 06479, USA",All,~15mi zone,True,95,Tee Box,
2b5952ec-182e-4306-ae3b-c9c304467296,Massimo Heating & Cooling. / Massimo Fuel LLC,(888) 316-2774,http://massimohc.com/,4.9,111,"15 McLennan Dr, Oakville, CT 06779, USA",All,~15mi zone,True,95,Tee Box,
d1bc7e07-fee6-4cd4-932e-192318eaed41,"Chiarillo's - Heating, Air Conditioning & Plumbing",(860) 585-8139,https://www.chiarillos.com/,4.9,109,"191 Redstone Hl Rd, Bristol, CT 06010, USA",All,~15mi zone,True,95,Tee Box,
d79163c8-2e70-41fb-9fcf-e1d77e50a5e7,"JP DUNN HEATING & COOLING, LLC",(860) 283-1167,http://www.jpdunnhvac.com/,4.9,68,"701 Northfield Rd, Northfield, CT 06778, USA",All,~15mi zone,True,95,Tee Box,
c8ba97c0-df76-408b-af47-ce8b8f47ba02,Priority Mechanical LLC,(203) 440-5938,https://www.facebook.com/profile.php?id=100093726841729,5.0,15,"57 Overlook Ave, Bristol, CT 06010, USA",All,~15mi zone,True,95,Tee Box,
2af4dce9-1d38-424b-8bca-2171094b0af6,Setpoint Refrigeration LLC,(860) 375-9058,http://www.setpointhvacr.com/,5.0,61,"170 Scott Swamp Rd, Farmington, CT 06032, USA",All,~15mi zone,True,95,Tee Box,
ede7cff3-3536-4630-81fd-f9d6e1ceda53,CTS Heating & Cooling,(203) 389-6099,https://ctsheatingandcooling.com/,5.0,79,"207 Burwell Rd, West Haven, CT 06516, USA",All,~15mi zone,True,95,Tee Box,
dddf793b-5871-48e2-b5f3-3520beceb997,Giordano's Heating & A/C,(203) 734-7648,https://www.giordanosct.com/?utm_source=google&utm_medium=organic&utm_campaign=gbp-profile,4.8,71,"13 Roosevelt Dr, Derby, CT 06418, USA",All,~15mi zone,True,95,Tee Box,
04cf2d6b-3788-46e1-9693-f0f1345bc329,Home Comfort Heating & Cooling,(203) 349-2331,https://lovemyheating.com/?utm_source=google+&utm_medium=organic+&utm_campaign=gbp,4.7,75,"64 Thompson St A207, East Haven, CT 06513, USA",All,~15mi zone,True,95,Tee Box,
61808549-047d-4e8e-864f-51002b612307,CISCO HEATING AND COOLING PROS LLC,(203) 535-6677,https://www.ciscoheatingandcoolingpros.com/,4.9,144,"9 Whitney Ln, West Haven, CT 06516, USA",All,~15mi zone,True,95,Tee Box,
c6bf0b0f-63cc-4c98-ac3d-74be24082f2f,One Hour Heating & Air Conditioning® of Shelton,(203) 442-9307,https://www.onehourheatandair.com/shelton,4.5,54,"49 Burtville Ave #5, Derby, CT 06418, USA",All,~15mi zone,True,95,Tee Box,
ed54cb88-f58e-4544-bca9-86b39f590716,"Accuray Mechanical, LLC",(203) 467-4671,https://accuraymechanical.com/,4.9,136,"401 Sackett Point Rd, North Haven, CT 06473, USA",All,~15mi zone,True,95,Tee Box,
4d109010-6949-4e33-b2ec-cf303ed9f298,Superior Comfort Heating and Air Conditioning,(203) 736-6309,https://superiorcomfort.com/,4.8,24,"390 E Main St, Ansonia, CT 06401, USA",All,~15mi zone,True,95,Tee Box,
e56ee1cc-38e8-4b27-a29c-0ca7a7e3fbb5,Ray's Air Systems LLC,(203) 415-9834,https://raysairsystems.com/,5.0,5,"375 Morgan Ln Suite#308, West Haven, CT 06516, USA",All,~15mi zone,True,95,Tee Box,
271e68c7-8321-4e6a-92a3-cdcd4d9043bb,Elite Heating And Cooling LLC,(203) 516-5595,http://www.eliteheatingandcooling.net/,5.0,15,"619 S Main St, Seymour, CT 06483, USA",All,~15mi zone,True,95,Tee Box,
378d95ba-8c91-424f-a97c-09d0ef6326bd,Norton Air Conditioners,(203) 388-8377,https://www.nortonairconditioners.com/,4.9,20,"295 Washington Ave #11n, Hamden, CT 06518, USA",All,~15mi zone,True,95,Tee Box,
e6381803-0d8e-4c2f-8ee1-4b063cccf1fe,Quality Cooling & Heating,(203) 894-6026,https://qualitycoolandheat.com/meriden-ct/,4.9,13,"290 Pratt St #320, Meriden, CT 06450, USA",All,~15mi zone,True,95,Tee Box,
7c27d390-cf18-4865-b2b8-5a591db56f01,Silver City Furnace Company,(203) 237-0995,https://silvercityfurnace.com/,4.2,25,"316 E Main St, Meriden, CT 06450, USA",All,~15mi zone,True,95,Tee Box,
22c59f70-b311-408a-bb9d-89ff9ca8c9d4,Eminent Mechanical,(860) 992-6244,https://eminent-mechanical.com/?y_source=1_OTA2Mzk4ODctNzE1LWxvY2F0aW9uLndlYnNpdGU%3D,5.0,11,"30 N Spring St, Meriden, CT 06451, USA",All,~15mi zone,True,95,Tee Box,
b4371206-96a4-48bc-9a0f-28b14751789a,All Pro HVAC,(475) 212-3109,https://allprohvacct.com/,5.0,3,"36 Lancaster Dr, Beacon Falls, CT 06403, USA",All,~15mi zone,True,95,Tee Box,
f31fd221-7635-4dfc-92d6-38719a7c245a,JP Parks Heating and Cooling LLC,(203) 560-6795,http://jpparksheatingandcoolingllc.com/,4.8,66,"151 Middle Rd Turnpike, Woodbury, CT 06798, USA",All,~15mi zone,True,95,Tee Box,
34583827-1dfb-4197-8bcb-02553f733fd5,GONZO Heating & Cooling LLC,(860) 462-0610,https://gonzoheatcool.com/?utm_source=gbp&utm_medium=organic&utm_campaign=referral,5.0,132,"Garvan St, Newington, CT 06111, USA",All,~15mi zone,True,95,Tee Box,
a3102c50-073e-4ef9-a9a0-45b62afe5597,H&M Heating and Cooling LLC,(860) 707-9059,https://hmheatingandcooling.com/,5.0,26,"264 E Robbins Ave, Newington, CT 06111, USA",All,~15mi zone,True,95,Tee Box,
00d090ba-8806-4f74-81d3-0326136beded,Art Mechanical Heating & Air Conditioning LLC,(860) 478-5979,http://www.artmechanicalhvac.com/,5.0,27,"9 Twin Oaks Dr, Cromwell, CT 06416, USA",All,~15mi zone,True,95,Tee Box,
b93c8b14-71c4-4731-a005-fdafdf5f5571,Express Home Services LLC,(860) 606-4872,https://expresshomeservicesllc.com/,5.0,67,"258 Burritt St, New Britain, CT 06053, USA",All,~15mi zone,True,95,Tee Box,
d58dcc3f-af54-4bd9-b071-7c194b097534,Hi-TECH Mechanical Services LLC,(860) 615-9908,http://hitechhvacct.com/,5.0,89,"143 Vanderbilt Ave, West Hartford, CT 06110, USA",All,~15mi zone,True,95,Tee Box,
e6947c79-cd47-4023-b831-335b63e71816,Shaffer Beacon Mechanical LLC,(860) 583-1363,http://www.shafferbeacon.com/,4.6,78,"242 Main St, Bristol, CT 06010, USA",All,~15mi zone,True,95,Tee Box,
0a050b77-7304-4cfa-8e19-0c8d277df83b,Future Mechanical LLC,(860) 849-5493,https://futuremechanicalct.com/,4.7,27,"378 East St, New Britain, CT 06051, USA",All,~15mi zone,True,95,Tee Box,
12d1217b-c95d-4f6f-9fe6-70e5935fbf2a,"Fontaine Mechanical Heating, Cooling, Plumbing",(860) 589-4900,https://fontaine-mechanical.com/,4.7,89,"75 Pleasant Ave, Bristol, CT 06010, USA",All,~15mi zone,True,95,Tee Box,
ce00e929-40e7-4bb2-b669-e867fa219fd9,Guys Heating & Cooling,(860) 417-6553,http://guysheatingandcooling.com/,5.0,48,"31 Pine Hill Rd, Thomaston, CT 06787, USA",All,~15mi zone,True,95,Tee Box,
fc94cbd8-194b-4a5a-89f3-02cc3398a5e4,Thomaston Comfort Control,(860) 283-9939,https://www.thomastonoil.com/,4.5,65,"401 McMahon Dr, Thomaston, CT 06787, USA",All,~15mi zone,True,95,Tee Box,
96ca39ce-6f00-44ad-9252-241c92358302,Labbe Heating & Cooling LLC,(860) 274-7615,http://www.labbeheatingandcooling.com/,5.0,6,"74 Breezy Knoll Dr, Watertown, CT 06795, USA",All,~15mi zone,True,95,Tee Box,
163f35ec-d342-466c-9a79-3b75f808e548,Peters Mechanical HVAC and Automation,(203) 772-5387,https://www.petersmechanical.com/,4.9,9,"11 Sycamore Way unit 303, Branford, CT 06405, USA",All,~15mi zone,True,95,Tee Box,
f9e84e93-e84a-49c1-bcb6-6f7d2bcbef65,R & B Air Conditioning & Heating,(203) 453-6831,https://rbrefrig.com/,4.7,48,"2549 Boston Post Rd, Guilford, CT 06437, USA",All,~15mi zone,True,95,Tee Box,
fdc13bd8-369d-4c7d-9829-80c457bd74bb,Total Comfort Control a Division of East River Energy,(203) 484-9698,https://www.totalcomfortcontrolllc.com/,4.7,21,"401 Soundview Rd, Guilford, CT 06437, USA",All,~15mi zone,True,95,Tee Box,
0be7f6b8-7d96-4ea3-8e66-5bc267885175,Ventrella Mechanicals,(203) 447-0613,https://www.ventrellamechanicals.com/,5.0,89,"16 Mayflower Dr, Trumbull, CT 06611, USA",All,~15mi zone,True,95,Tee Box,
230ba5ab-390c-440c-9851-c758e1f5b5a1,J.A. Binkley and sons LLC,(203) 275-9464,https://binkleyandsons.com/,4.8,18,"247 Mohegan Rd, Shelton, CT 06484, USA",All,~15mi zone,True,95,Tee Box,
0e7a5e33-621e-4dc3-8c61-883c728435eb,Supreme Plumber,(860) 946-9101,http://www.supremeplumber.com/,5.0,64,"238 Platt St, Waterbury, CT 06704, USA",All,~15mi zone,True,95,Do Not Call,
3ce26309-3d3b-45ca-abe0-33d27445d486,Mansolf Plumbing & Heating,(203) 815-6276,https://www.mansolf.com/,4.7,87,"320 Highland Ave, Wallingford, CT 06492, USA",All,~15mi zone,True,95,Do Not Call,
a2d5e9ae-928c-4466-97b1-dce79c6afc8f,L&P Plumbing & Well Service,(860) 590-3654,https://lp-plumbing.com/?utm_campaign=GMB&utm_medium=watertown,4.9,117,"117 Echo Lake Rd, Watertown, CT 06795, USA",All,~15mi zone,True,95,Tee Box,
0ea9e019-66f3-418d-8f56-d195db4499fe,Dave's Town & Country Plumbing,(203) 888-5715,,4.2,10,"36 Chestnut Tree Hill Road Extension, Oxford, CT 06478, USA",All,~15mi zone,True,95,Tee Box,
02751e46-697a-473a-9f9e-62f856c39e4d,Mirando Plumbing,(860) 621-6987,https://mirandoplumbingct.com/,4.3,20,"141 Summer St, Plantsville, CT 06479, USA",All,~15mi zone,True,95,Tee Box,
a7cd628a-53b1-47ec-ad8f-ce74ae44e06c,"Donald Sullivan & Sons, LLC",(860) 621-9670,,3.8,8,"980 S Main St, Southington, CT 06489, USA",All,~15mi zone,True,95,Tee Box,
29851545-e426-4383-b12d-d14dbc4db661,Drain Wizard Plumbing,(203) 823-8992,http://www.drainwizard.plumbing/,5.0,148,"11 Crestway, Hamden, CT 06514, USA",All,~15mi zone,True,95,Tee Box,
b3ba51f5-d435-4edf-bace-df2ea8f498b7,Santoro's Plumbing & Well Services,(203) 758-3066,,5.0,8,"23 Industrial Rd, Prospect, CT 06712, USA",All,~15mi zone,True,95,Tee Box,
cc5fe78b-33de-4fde-af69-02d02cf9e180,High Rock Water Plumbing | Well Pump & Water Treatment Services Company,(203) 490-6607,https://www.wellwaterservicect.net/?utm_source=GPB&utm_medium=Home&utm_campaign=GPB,5.0,153,"6 Pine St, Naugatuck, CT 06770, USA",All,~15mi zone,True,95,Tee Box,
e2e9c029-bde5-41de-868d-3dd56e549b04,JND Plumbing & Mechanical,(203) 206-7796,https://www.facebook.com/JNDplumbing,4.8,21,"44 Primrose St, Waterbury, CT 06708, USA",All,~15mi zone,True,95,Tee Box,
aa4382c7-df31-4dc8-a9e6-1f964a8561c0,Master Rooter: Sewer and Drain Cleaning Service,(203) 547-1800,https://masterrooterct.com/,5.0,64,"92 Brookside Rd, Waterbury, CT 06708, USA",All,~15mi zone,True,95,Tee Box,
6d608066-c972-4a79-b080-47cd75c8d6e2,Kashmiri Plumbing LLC,(203) 400-7971,https://kashmiriplumbing.netlify.app/,5.0,11,"61 Locust St, Naugatuck, CT 06770, USA",All,~15mi zone,True,95,Tee Box,
b79a0d13-5764-43c9-8ca9-ef22ed90b376,N&J Plumbing LLC,(860) 543-9082,https://www.njplumbingllc.com/,4.2,89,"979 Farmington Ave, Farmington, CT 06034, USA",All,~15mi zone,True,95,Tee Box,
10ec02b9-ef0d-4aa6-9883-12c1bc283540,On Time Plumbing & Heating,(203) 528-5176,http://www.ontimeplumbingct.com/?utm_source=google&utm_medium=wix_google_business_profile&utm_campaign=11532765288015262021,5.0,79,"116 Riverside Ave, Bristol, CT 06010, USA",All,~15mi zone,True,95,Tee Box,
17e5e255-1266-4013-aa3e-cbf50341e713,Lauretti Plumbing Installs,(860) 585-9998,http://www.laurettiplumbing.com/?redirect=false,4.7,71,"785 Middle St # 5, Bristol, CT 06010, USA",All,~15mi zone,True,95,Tee Box,
1ab8e92f-47d8-4a28-a54e-125f2eb0d6ef,Pipeworks Plumbing & Heating,(860) 500-3559,http://www.pipeworksct.com/,4.7,40,"93 Mines Rd Unit c, Bristol, CT 06010, USA",All,~15mi zone,True,95,Tee Box,
a1d252fa-0619-4f79-9103-6e3447eac2c3,K & M Plumbing LLC,(860) 283-0660,http://www.kmplumbingllc.com/,4.9,15,"31 Meadow Ridge Rd, Northfield, CT 06778, USA",All,~15mi zone,True,95,Tee Box,
3b5ebc81-8435-4aff-97fe-dcfab233bd51,Macary’s Plumbing & Drain Services | Emergency Plumbing - Drain Cleaning and more,(203) 560-8477,https://macarys-plumbing.com/,4.9,78,"194 E Main St Unit F, Thomaston, CT 06787, USA",All,~15mi zone,True,95,Tee Box,
9121ec33-3fbb-459c-a3db-b4f1555fed81,New England Service Co,(860) 747-1665,http://newenglandservicecompany.com/,5.0,27,"37 Northwest Dr, Plainville, CT 06062, USA",All,~15mi zone,True,95,Tee Box,
29b78f22-1e87-4913-9b65-08bbd19630a2,1-800-PLUMBER +AIR,(203) 625-1477,https://1800plumber.com/shelton-ct/,4.8,108,"97 Bridgeport Ave #8, Shelton, CT 06484, USA",All,~15mi zone,True,95,Tee Box,
cc1acd1d-19c6-4d95-b10c-59544f5a6829,TJ Plumbing and Heating,(203) 587-8680,https://tjplumbingandheating.com/westhaven-ct/,5.0,37,"116 Sherman Ave #310, New Haven, CT 06511, USA",All,~15mi zone,True,95,Tee Box,
0ef96222-b669-4759-b1e7-b7270f2019bb,JDH Plumbing & Heating,(203) 494-6677,http://jdhplumbing.com/,4.9,67,"424 Longmeadow Rd, Orange, CT 06477, USA",All,~15mi zone,True,95,Tee Box,
9e3cce34-24e8-4e8f-bd66-dfba4d6b3fac,Al's Plumbing LLC,(203) 298-3856,https://www.ctplumbingremodeling.com/,4.7,132,"494 Bridgeport Ave, Shelton, CT 06484, USA",All,~15mi zone,True,95,Tee Box,
c231dbef-074d-4742-8ed3-39c0d42e9463,Preferred Plumbing Co,(203) 763-4973,http://www.newhavenplumberco.com/,4.2,29,"50 Fitch St, New Haven, CT 06515, USA",All,~15mi zone,True,95,Tee Box,
427227fe-efd4-471c-98af-71dec0e25fc4,Lou's Plumbing Services LLC,(203) 467-5263,https://lousplumbingservices.com/,4.9,93,"258 Foxon Rd, East Haven, CT 06513, USA",All,~15mi zone,True,95,Tee Box,
1ca91f8a-2035-4f38-b178-b4627bdb5c7d,Johnny's Plumbing,(203) 710-2082,http://johnnysplumbingllc.com/,4.9,12,"14 Oak Hill Rd, Seymour, CT 06483, USA",All,~15mi zone,True,95,Tee Box,
3b2d7420-7475-47f8-a412-216e3b6e5bd5,Jiffy Plumb,(203) 389-0092,http://www.jiffy-plumb.com/,4.7,33,"59 Amity Rd, New Haven, CT 06515, USA",All,~15mi zone,True,95,Tee Box,
238da7ae-3595-4952-af5e-4da601b91c2b,Connection Plumbing & Heating LLC,(203) 283-7750,https://www.facebook.com/connectionplumbingandheating/,5.0,24,"367 Boston Post Rd, Orange, CT 06477, USA",All,~15mi zone,True,95,Tee Box,
17d33c0b-b021-49b9-b728-2f48e7fc6dcf,High Rock Water Plumbing CT,(203) 490-6607,https://www.highrockplumbingct.com/hamden-google-business-profile,5.0,43,"2514 Whitney Ave suite 5158, Hamden, CT 06518, USA",All,~15mi zone,True,95,Tee Box,
3baf0a52-dd45-4cdd-be5e-b5e4c399166a,NH Plumbing & Heating LLC,(203) 231-9717,https://nhplumbingandheating.com/,5.0,143,"237 Main St, Ansonia, CT 06401, USA",All,~15mi zone,True,95,Tee Box,
047cbf39-3c97-4331-809a-f8a819ac40bc,Rousseau Plumbing & Heating LLC,(203) 288-9090,https://rousseauplumbing.com/,4.8,88,"50 United Dr suite l, North Haven, CT 06473, USA",All,~15mi zone,True,95,Tee Box,
df177f17-5f76-4a80-bde5-b3fb8e42380d,Central CT Plumbing & Heating LLC,(203) 715-1925,https://centralctplumbing.com/,4.4,30,"244 S Elm St, Wallingford, CT 06492, USA",All,~15mi zone,True,95,Tee Box,
73a4a957-b369-4b33-95ac-6e6088bd53ca,Hicks Plumbing & Heating LLC,(860) 740-4486,http://hicksplumbingllc.com/,4.8,22,"770 Newfield St, Middletown, CT 06457, USA",All,~15mi zone,True,95,Tee Box,
2c6ff956-06ed-45d8-904b-9cc91c34ab56,R & R Plumbing,(203) 530-2436,https://rrplumbingct.com/,4.7,36,"172 Golden St unit 1, Meriden, CT 06450, USA",All,~15mi zone,True,95,Tee Box,
03cdba86-d551-476c-b3c3-d286d58fd2d6,"Dna Plumbing, Drain Cleaning & Heating LLC",(860) 515-9565,https://dnaplumbing.com/,4.7,26,"292 Cook Ave, Meriden, CT 06450, USA",All,~15mi zone,True,95,Tee Box,
1e68b9cb-c4cc-4203-9bfc-3436cc8f2e00,Charles P Flynn Plumbing & Heating Llc,(203) 265-9820,http://charlesflynnplumbing.com/,4.3,11,"52 Academy St, Wallingford, CT 06492, USA",All,~15mi zone,True,95,Tee Box,
ef3c6edd-3e0e-4e9c-a984-ba107f8e95b2,A1 Quality Rooter,(203) 235-8504,http://a1qualityrooter.com/,4.9,48,"75 Gypsy Ln, Meriden, CT 06450, USA",All,~15mi zone,True,95,Tee Box,
a4db1d1b-77a1-44db-bb5c-43466d353b26,Supreme Plumber,(475) 522-1123,http://www.supremeplumber.com/,4.9,34,"216 Old Waterbury Rd, Southbury, CT 06488, USA",All,~15mi zone,True,95,Tee Box,
d0ce3da6-b112-4967-b4c9-324f07de6b3f,Joe Simpson Plumbing,(203) 592-2437,https://www.joesimpsonplumbingct.com/?utm_campaign=gmb,4.7,28,"167 Washington Rd, Woodbury, CT 06798, USA",All,~15mi zone,True,95,Tee Box,
44daa1f1-c3b5-4e06-ba9c-3560b2785136,Cordova Plumbing & Heating,(203) 264-4112,http://www.cordovaplumbing.com/,4.5,41,"1432 Old Waterbury Rd, Southbury, CT 06488, USA",All,~15mi zone,True,95,Tee Box,
c3a7fe81-b0c1-4d94-b13f-308c2cb2e30c,"Precision Plumbing CT, LLC",(203) 262-1720,https://www.precisionplumbingct.com/,5.0,6,"Riverhill Rd, Southbury, CT 06488, USA",All,~15mi zone,True,95,Tee Box,
72ae4a17-a0fe-49bf-890f-d7d48148c7cd,"Advance Plumbing & Heating (Drain Cleaning, Heating Contractor, Plumber)",(860) 570-0782,http://www.advanceplumbingheating.com/west-hartford-plumber-ct,4.8,182,"15 Shadow Ln, West Hartford, CT 06110, USA",All,~15mi zone,True,95,Tee Box,
bc2205b1-8934-474f-9e07-80c0428b963b,Westgate Plumbing Services,(860) 901-1247,https://westgateplumbingservices.com/newbritain-ct/,5.0,65,"114 W Main St #107, New Britain, CT 06051, USA",All,~15mi zone,True,95,Tee Box,
86971057-d430-4c8b-b71a-65c5ff0f141f,JMB Plumbing LLC,(860) 748-7910,http://www.jmbplumbingct.com/,4.4,41,"177 Kensington Rd, Kensington, CT 06037, USA",All,~15mi zone,True,95,Tee Box,
cf28eff5-7531-4591-aea2-d0ec2c929114,Plumbums LLC,(860) 268-0338,https://www.plumbumsllc.com/,4.9,134,"180 Deming Rd unit d, Berlin, CT 06037, USA",All,~15mi zone,True,95,Tee Box,
4b13384f-267f-4d95-82b6-e709ded6d2f2,Kud-Pro Plumbing & Drain Cleaning LLC,(860) 803-0381,https://kudpro.com/,5.0,41,"1554 Main St, Newington, CT 06111, USA",All,~15mi zone,True,95,Tee Box,
7fe2ac1f-a93e-4da8-804a-afed07458ea4,The Drain Medic,(860) 796-8456,http://www.thedrainmedic.com/,4.5,145,"108 Flagler St, Newington, CT 06111, USA",All,~15mi zone,True,95,Tee Box,
72fd55b0-dadb-4272-9e3c-c0d4c765427e,Riley Plumbing and Heating,,https://rileyplumbingcompany.com/,4.4,79,"293 New Britain Rd, Kensington, CT 06037, USA",All,~15mi zone,True,95,Tee Box,
4611f687-e380-427d-a4cc-463e95e9d9ad,Drain Pro,(203) 626-1246,http://www.drainpro.io/,4.9,31,"5 Sheffield Rd, North Haven, CT 06473, USA",All,~15mi zone,True,95,Tee Box,
60eba184-adbb-443c-8e39-3aeb20c75328,N. Scasino Plumbing LLC,(203) 693-4832,https://www.nscasinoplumbing.com/,4.7,36,"338 State St, North Haven, CT 06473, USA",All,~15mi zone,True,95,Tee Box,
91720b0d-20e9-4e8a-8d63-cd1639c5abc2,"P L Canestri Plumbing & Heating, LLC",(203) 453-1306,https://www.plcanestriplumbingct.com/contact.php,4.7,21,"2346 Boston Post Rd Ste 5, Guilford, CT 06437, USA",All,~15mi zone,True,95,Tee Box,
4d7e0ac1-40dd-463a-b237-371689273b6e,Call The Plumber LLC,(203) 767-5639,https://calltheplumberllc.com/,5.0,99,"699 Booth Hill Rd, Trumbull, CT 06611, USA",All,~15mi zone,True,95,Tee Box,
f06718d7-10d1-485b-ba6f-2b3486b720ac,Bill Pokorny Pump and Filter,(203) 671-1506,https://billpokornypumpandfilter.com/,5.0,22,"16 Old Tannery Rd, Monroe, CT 06468, USA",All,~15mi zone,True,95,Tee Box,
ae749765-1fdf-4004-8ce1-7c6f61f5ea6e,Benjamin Franklin Plumbing,(475) 356-4988,https://www.benjaminfranklinplumbing.com/trumbull/?utm_source=gbp&utm_medium=organic&utm_campaign=646875_-BF0759-,5.0,10,"525 Bridgeport Ave #106, Shelton, CT 06484, USA",All,~15mi zone,True,95,Tee Box,
fda268a8-953b-4819-901b-e915ef6b5249,Jeremy Taylor LLC Law Office,(860) 628-0900,http://www.jeremytaylorlaw.com/,4.8,61,"876 S Main St, Plantsville, CT 06479, USA",All,~15mi zone,True,95,Tee Box,
0778ec9d-d32a-4861-9d54-c043580397c1,Dressler Law,(203) 528-4535,https://www.dresslerlaw.com/,4.9,184,"265 Meriden Rd, Waterbury, CT 06705, USA",All,~15mi zone,True,95,Tee Box,
0c7bf3e7-b470-489b-a62c-6090401b786a,The Law Offices of Daniel H. Miller,(203) 756-9433,http://www.danielmillerlaw.com/,4.8,133,"228 Meadow St, Waterbury, CT 06702, USA",All,~15mi zone,True,95,Tee Box,
b3e90f50-3f52-4875-a3c2-86f3634fd01a,"The Law Offices of Raymond J. Antonacci, LLC",(203) 574-5560,http://www.rjalegal.com/,4.9,63,"301 Highland Ave, Waterbury, CT 06708, USA",All,~15mi zone,True,95,Tee Box,
1333753d-590f-4b5c-8f53-fdd63dda0f1e,"Gesmonde, Pietrosimone & Sgrignari, L.L.C.",(203) 407-4200,https://www.gps.law/,4.9,31,"3127 Whitney Ave, Hamden, CT 06518, USA",All,~15mi zone,True,95,Tee Box,
9397f57d-cf80-44fb-beea-c4da049bf852,Rob Levine Law-Personal Injury Lawyers,(203) 599-7281,https://roblevine.com/waterbury/?utm_source=google&utm_medium=organic&utm_campaign=gbp-waterbury,4.9,557,"15 Boyden St, Waterbury, CT 06704, USA",All,~15mi zone,True,95,Tee Box,
8a417085-b3b9-4b51-96eb-8868a6095dac,Trantolo & Trantolo,(203) 350-7598,https://www.trantololaw.com/waterbury/?utm_source=google&utm_medium=organic&utm_campaign=gmb-listing-waterbury,4.9,170,"130 Scott Rd, Waterbury, CT 06705, USA",All,~15mi zone,True,95,Tee Box,
8606c387-8c3a-46c2-8633-da1471c562cc,"Tindall Law Firm, LLC",(203) 755-0018,http://tindall-lawfirm.com/,5.0,234,"64 Holmes Ave, Waterbury, CT 06710, USA",All,~15mi zone,True,95,Tee Box,
1db6953b-fdc2-433b-b296-3f6bb05996a6,Bartlett & Grippe Connecticut Car Accident Lawyers,(203) 439-7717,https://bartlettgrippe.com/?utm_source=gmb&utm_medium=organic&utm_content=listing&utm_campaign=local,5.0,69,"219 S Main St, Cheshire, CT 06410, USA",All,~15mi zone,True,95,Tee Box,
4f7b70e0-ea6e-45a9-bd04-195ff0e2219e,"Law Office of Julia M. Brown, LLC",(203) 755-6277,http://www.juliambrown.com/,4.5,21,"934 Chase Pkwy, Waterbury, CT 06708, USA",All,~15mi zone,True,95,Tee Box,
f2c23cb0-98a7-43e1-ac77-4c95d60e83f2,Law Office of Bryan McEntee,(203) 982-8396,http://www.bryanmcenteelaw.com/,5.0,30,"19 Mitchell Ave 2nd Floor, Waterbury, CT 06710, USA",All,~15mi zone,True,95,Tee Box,
6c34a3d5-fe6b-4041-9ec7-6c59c06c01f0,The Law Office Of N Warren Hess,(203) 729-5217,http://www.stutskylaw.com/,5.0,20,"180 Church St, Naugatuck, CT 06770, USA",All,~15mi zone,True,95,Tee Box,
508e01b3-e310-4cff-8e50-8cdd054603cd,Maffeo Law Offices,(203) 841-2981,https://www.maffeolawoffices.com/,4.9,22,"255 Bank St ste 2-a, Waterbury, CT 06702, USA",All,~15mi zone,True,95,Tee Box,
2af94b7f-a456-49f8-803f-17077a2fc750,Mancini Law,(860) 325-7347,https://www.mancinilaw.net/?npcmp=dir:local:5249177:06795,5.0,98,"777 Echo Lake Rd Suite G, Watertown, CT 06795, USA",All,~15mi zone,True,95,Tee Box,
815a08f0-e89a-4c33-9c99-233a2e9ea48e,Moynahan Law Firm,(203) 597-6364,http://moynahanlaw.com/,4.7,67,"134 Highland Ave, Waterbury, CT 06708, USA",All,~15mi zone,True,95,Tee Box,
d04f39c2-9111-4661-b07d-c84fcbbf0c60,The Kaloidis Law Firm LLC,(203) 597-0010,http://www.kaloidislaw.com/,4.7,239,"580 Watertown Ave, Waterbury, CT 06708, USA",All,~15mi zone,True,95,Tee Box,
75cb6ac5-78d4-483d-b0c4-19d6df0cb0e9,Labriola & Labriola LLC,(203) 720-4050,http://www.labriolalaw.com/,4.8,13,"1451 New Haven Rd, Naugatuck, CT 06770, USA",All,~15mi zone,True,95,Tee Box,
3e32a2c8-3e8b-4904-9c21-2df6006facb3,"Matthias Peters-Kroll, Attorney at Law",(203) 232-8237,https://www.mtelawfirm.com/,5.0,15,"40 Middlebury Rd, Middlebury, CT 06762, USA",All,~15mi zone,True,95,Tee Box,
8571d6ab-46ce-4f25-b7d0-9ce8e9b78baa,Etemi Law,(203) 680-8080,https://etemilaw.com/,5.0,72,"630 Highland Ave, Waterbury, CT 06708, USA",All,~15mi zone,True,95,Tee Box,
c2caf89b-66f7-497f-9f06-9fcc1c4b33cd,Gina M. Petrokaitis Attorney At Law,(203) 756-6955,http://petrokaitislaw.com/,4.4,46,"678 Chase Pkwy, Waterbury, CT 06708, USA",All,~15mi zone,True,95,Tee Box,
0712374c-1cfb-49cb-86f5-d28b6e423f6e,"DeFronzo & Petroskey, P.C.",(203) 756-7408,https://www.defronzolawfirm.com/,5.0,120,"255 Bank St # 2b, Waterbury, CT 06702, USA",All,~15mi zone,True,95,Tee Box,
d8b4d916-a02f-4d89-ae67-5317a6b35709,"Cicchetti, Tansley & McGrath LLP",(203) 574-4700,http://www.ctm-law.com/,5.0,3,"500 Chase Pkwy, Waterbury, CT 06708, USA",All,~15mi zone,True,95,Tee Box,
0215ba7a-333e-4c68-af25-d5bdbaa4a834,"Law Offices of Brian J. Mongelluzzo, LLC",(203) 663-3695,https://www.bjmlaw.com/?utm_source=GMB&utm_medium=organic&utm_campaign=waterbury,4.8,124,"1211 Chase Pkwy, Waterbury, CT 06708, USA",All,~15mi zone,True,95,Tee Box,
68a03b2f-5e26-4438-b2e5-ac5fe7eadca4,"Law Offices of Ryan B. Corey, LLC",(203) 699-9422,http://www.coreylawoffices.com/,4.9,10,"1331 Highland Ave, Cheshire, CT 06410, USA",All,~15mi zone,True,95,Tee Box,
f5077f96-5c53-4954-86b8-558161c245b9,"Renehan & Rossetti, LLP",(203) 596-9030,https://renehanrossettilaw.com/,4.9,30,"134 Highland Ave, Waterbury, CT 06708, USA",All,~15mi zone,True,95,Tee Box,
51f75662-d6b7-4b9b-b0aa-10b638cd43af,Drapp Law PLLC,(475) 255-7795,http://www.drapplaw.com/,4.9,35,"146 Elm St Suite 12, Cheshire, CT 06410, USA",All,~15mi zone,True,95,Tee Box,
3b8c09b8-a324-4160-ae03-c0053b955d56,Knott & Santoro,(203) 271-3031,http://www.knottlaw.com/,4.8,59,"125 Main St, Cheshire, CT 06410, USA",All,~15mi zone,True,95,Tee Box,
a4ceb024-4cec-4b52-b3c5-65646f515556,"Steven P. Ciardiello, Esq.",(203) 248-8000,https://www.ciardiellolaw.com/,5.0,16,"2840 Whitney Ave, Hamden, CT 06518, USA",All,~15mi zone,True,95,Tee Box,
25e177fe-44f4-44c9-8132-d5b50950fef9,"The Nicholas Law Firm, LLC",(203) 759-1466,https://nicholaslaw.net/index.html,5.0,13,"GPS: 26 Leavenworth Street, 1 Carriage Pl, Waterbury, CT 06702, USA",All,~15mi zone,True,95,Tee Box,
158971b9-2c11-4e36-9d4d-0a89a6d250ce,Jonathan Perkins Injury Lawyers,(203) 633-7792,https://www.800perkins.com/waterbury-ct/?utm_source=google&utm_medium=organic&utm_campaign=gbp-waterbury,4.8,185,"30 N Main St, Waterbury, CT 06702, USA",All,~15mi zone,True,95,Tee Box,
15581dd3-c0e8-4950-b2e2-3029c8dc2c74,David N. Feliu Attorney at Law,(203) 574-1111,https://ccdla.org/members/david-n-feliu/,4.6,14,"182 Grand St, Waterbury, CT 06702, USA",All,~15mi zone,True,95,Tee Box,
97adc11f-3379-4b01-9611-630a765a9e9b,Law Offices of Mark E. Salomone & Morelli,(203) 756-1985,https://www.marksalomone.com/waterbury,4.9,94,"1629 E Main St, Waterbury, CT 06705, USA",All,~15mi zone,True,95,Tee Box,
d516aa55-3972-4fc7-8ef2-d543cc19cdce,Freed Marcroft LLC,(203) 689-0792,http://freedmarcroft.com/,5.0,3,"325 Highland Ave STE 202, Cheshire, CT 06410, USA",All,~15mi zone,True,95,Tee Box,
0b23814b-f993-491f-82ba-444368c8f00a,D'Amico Pettinicchi Injury Lawyers,(860) 321-4865,https://damicopettinicchi.com/?utm_source=GBP&utm_medium=GBP&utm_campaign=GBP_Watertown&utm_id=GBP_Watertown,5.0,100,"465 Straits Turnpike, Watertown, CT 06795, USA",All,~15mi zone,True,95,Tee Box,
e63a7dd3-4752-4be6-ab93-e65d4f704539,Baillie & Hershman P.C. Law Offices,(203) 272-7000,https://www.bhhlegal.com/,4.8,15,"90 Hinman St, Cheshire, CT 06410, USA",All,~15mi zone,True,95,Tee Box,
b0ad4444-28af-4dda-8a59-90950920e081,Etemi Law,(203) 680-8080,http://www.etemilaw.com/?utm_source=GBPlistingWatertown&utm_medium=organic,5.0,145,"76 Westbury Park Rd Suite 210E, Watertown, CT 06795, USA",All,~15mi zone,True,95,Tee Box,
ecfa20bb-ccb1-4574-ab05-e1b974674ca0,Conway Michael K,(203) 597-0087,http://www.conwayfamilylaw.com/,4.6,5,"100 Grand St, Waterbury, CT 06702, USA",All,~15mi zone,True,95,Tee Box,
9faf9933-9826-44c7-9137-2478ec8d60d3,The Law Office of Miller & Tasho,(203) 756-9433,https://www.millertasho.com/,5.0,14,"228 Meadow St, Waterbury, CT 06702, USA",All,~15mi zone,True,95,Tee Box,
38a8944b-0b15-4167-be27-d4df7fd985ae,"The DeCicco Law Firm, LLC.",(203) 754-2500,http://www.deciccolaw.com/,4.8,20,"27 Holmes Ave, Waterbury, CT 06710, USA",All,~15mi zone,True,95,Tee Box,
4fd085b7-8627-429b-b160-570d7a84e84d,Law Office of Keith Murray,(203) 526-6718,http://www.keithmurraylaw.com/,4.7,18,"125 Main St #748, Southington, CT 06489, USA",All,~15mi zone,True,95,Tee Box,
e76285ca-0842-4928-86ef-584c55ca264a,Law Offices of Joseph E. DePaola,(203) 239-5844,http://www.jedepaola.com/,4.9,15,"97 Washington Ave, North Haven, CT 06473, USA",All,~15mi zone,True,95,Tee Box,
4bb9e1ff-2b4f-467f-89c7-a9376262e965,"Sheffy, Grey & Bedard, LLP",(844) 367-0314,https://www.sheffylaw.com/?npcmp=dir:local:1635483:06489,4.5,37,"166 N Main St, Southington, CT 06489, USA",All,~15mi zone,True,95,Tee Box,
cf226342-9141-4d82-9927-abb25703ff5d,"Moore, O'Brien & Foti",(203) 586-0022,https://www.mojylaw.com/,4.8,57,"891 Straits Turnpike, Middlebury, CT 06762, USA",All,~15mi zone,True,95,Tee Box,
8e8b94c6-c82e-4371-b612-f8d6501d67eb,Sacramone Law,(475) 238-6633,http://www.sacramonelaw.com/,5.0,27,"3190 Whitney Ave Building 1, Hamden, CT 06518, USA",All,~15mi zone,True,95,Tee Box,
724a73de-4588-4035-af14-00473d767e1e,"Romania Law, LLC.",(203) 287-8774,https://romanialawllc.com/,4.9,64,"2653 Whitney Ave, Hamden, CT 06518, USA",All,~15mi zone,True,95,Tee Box,
d56b28b7-99e0-48ee-8004-9b2909dd6f76,Fitzpatrick Santos Sousa Perugini P.C.,(203) 583-8299,https://www.fssplaw.com/,3.9,45,"203 Church St #4, Naugatuck, CT 06770, USA",All,~15mi zone,True,95,Tee Box,
ea9c3e82-05c0-4f2d-8cd7-03858107d43a,MadLaw,(203) 651-5774,http://www.madlawct.com/,4.9,35,"7 N Main St Suite 207, Southington, CT 06489, USA",All,~15mi zone,True,95,Tee Box,
9784d0b1-a5a5-4de4-803d-cd3526ea97ce,"Law Offices of Michael T. Barrett, LLC",(203) 448-4431,https://www.mtbarrettlaw.com/,5.0,16,"348 Frost Rd, Waterbury, CT 06705, USA",All,~15mi zone,True,95,Tee Box,
d950ba55-a852-46bb-975f-1f56660b5946,"Law Office of Andrew J. Pianka, LLC",(203) 463-4414,https://www.ajpianka-law.com/,4.8,24,"315 Center Rock Green Ste 2, Oxford, CT 06478, USA",All,~15mi zone,True,95,Tee Box,
69aeff32-a57c-4bad-89c2-0790bba0ba20,"Furey, Donovan, Cooney & Dyer, PC",(860) 589-4343,https://fureydonovan.com/,4.9,70,"43 Bellevue Ave, Bristol, CT 06010, USA",All,~15mi zone,True,95,Tee Box,
26578020-5442-4bae-b053-565dd7862671,Mastrianni & Seguljic LLC,(860) 747-6363,http://www.mastseglaw.com/,4.7,28,"128 East St, Plainville, CT 06062, USA",All,~15mi zone,True,95,Tee Box,
487aa246-4caf-4fb5-831f-63012a72c232,Golden Law LLC,(860) 678-4430,http://www.agoldenlaw.com/,4.9,138,"321 Main St, Farmington, CT 06032, USA",All,~15mi zone,True,95,Tee Box,
7fae3220-5c60-4540-8831-cf42b4c17fed,"Jazlowiecki & Jazlowiecki, LLC",(860) 674-8000,http://www.jazlowieckilaw.com/,4.9,56,"11 Lincoln Ave #6, Bristol, CT 06010, USA",All,~15mi zone,True,95,Tee Box,
20e43958-b71d-4bc9-a2ce-f4c9381bcab5,"Sylvia Ho Esq., Business Attorney",(860) 255-7719,http://www.sylviaholaw.com/,5.0,45,"16 Spring Ln, Farmington, CT 06032, USA",All,~15mi zone,True,95,Tee Box,
344f541b-5d3b-4064-9714-78630820619e,"Kilbourne & Tully, P.C.",(860) 583-1341,http://www.ktelderlaw.com/,4.6,17,"120 Laurel St, Bristol, CT 06010, USA",All,~15mi zone,True,95,Tee Box,
a250cf72-1d27-49bf-b49a-0f179009e583,"The Hamzy Law Firm, LLC",(860) 589-6525,https://hamzylaw.com/,4.1,15,"140 Farmington Ave #2, Bristol, CT 06010, USA",All,~15mi zone,True,95,Tee Box,
916f7574-3fea-4e03-9b43-8a197493ddc2,Law Offices of Meghan D. Smith,(860) 904-4296,https://attorneybristolct.com/,5.0,5,"78 Maple St #1, Bristol, CT 06010, USA",All,~15mi zone,True,95,Tee Box,
6f853ad9-cd5e-4da7-84c0-fb4b32f307df,"The Law Offices of Thompson Vollono & Donovan, LLC",(860) 747-5745,http://www.t-vlaw.com/,4.9,14,"49 Broad St Ste 2, Plainville, CT 06062, USA",All,~15mi zone,True,95,Tee Box,
1f91f435-4f87-41bc-ba2a-857147241e5e,"Seabourne, Malley & Turner",(860) 283-3147,https://www.smtthomastonlaw.com/,4.2,32,"30 Main St, Thomaston, CT 06787, USA",All,~15mi zone,True,95,Tee Box,
7123797e-09dd-4b47-85ab-1dd6887a481e,"Weisman Law Firm, LLC",(203) 757-1561,https://www.weismanlawoffices.com/?npcmp=dir:local:5295197:06702,4.6,17,"25 Central Ave, Waterbury, CT 06702, USA",All,~15mi zone,True,95,Tee Box,
bc6d2c13-a082-473d-81ee-fe243c76dbbc,"CT Family Law and Mediation, LLC",(860) 960-6388,https://ctfamilylawmediation.com/,5.0,9,"1053 Farmington Ave Suite 131, Farmington, CT 06032, USA",All,~15mi zone,True,95,Tee Box,
08f63430-803f-40d3-ad28-356f69237082,"Minnella & Tramuta, LLC",(203) 573-1411,https://mtelawfirm.com/,4.2,31,"40 Middlebury Rd, Middlebury, CT 06762, USA",All,~15mi zone,True,95,Tee Box,
78f1c986-efd1-44f5-9535-1e2c5071bdc8,"Law Office of Michael L. Chambers, Jr., Car Accident & Personal Injury Attorneys",(203) 941-8681,https://mchamberslaw.com/?utm_source=gbp&utm_campaign=Waterbury,5.0,53,"41 Holmes Ave Suite 2-C, Waterbury, CT 06710, USA",All,~15mi zone,True,95,Tee Box,
d440765b-9b57-4f4f-9658-dafd60a9a55f,"Law Offices of Carlos E. Candal, LLC",(203) 562-3000,http://www.candallaw.com/,5.0,84,"59 Elm St #200, New Haven, CT 06510, USA",All,~15mi zone,True,95,Tee Box,
58621ead-5e3d-4694-9226-2e512a682f37,Alexander T. Taubes,(203) 909-0048,https://www.taubeslaw.com/,4.9,121,"59 Elm St Suite 207, New Haven, CT 06511, USA",All,~15mi zone,True,95,Tee Box,
d91b52ef-c8a3-478c-a46f-7107ff6d0f25,"Garrison, Levin-Epstein, Fitzgerald & Pirrotti, PC",(203) 777-4425,https://garrisonlaw.com/?utm_source=google&utm_medium=organic&utm_campaign=gmb,4.8,155,"405 Orange St, New Haven, CT 06510, USA",All,~15mi zone,True,95,Tee Box,
29cb6ac8-09f2-4d4f-b865-caf92ebb901f,Balzano & Tropiano,(203) 891-6336,https://www.btinjury.com/?utm_source=gmb&utm_medium=organic&utm_content=listing&utm_campaign=local,4.9,195,"321 Whitney Ave, New Haven, CT 06511, USA",All,~15mi zone,True,95,Tee Box,
51bd2e86-3c76-46e1-ad89-4d693ee5837a,Buckley Wynne & Parese,(203) 776-2278,http://www.bwplaw.com/,5.0,105,"685 State St Floor 1, New Haven, CT 06511, USA",All,~15mi zone,True,95,Tee Box,
3b7f4702-0827-42b2-bd4b-631e6309c7f6,"Law Office of Kirsten Mendillo, LLC",(203) 777-4777,https://www.ctclosingattorneys.com/,4.8,104,"1960 Whitney Ave, Hamden, CT 06517, USA",All,~15mi zone,True,95,Tee Box,
3f1fd67f-e711-4013-8da8-047a25a822a1,"Law Offices of Jack O'Donnell, L.L.C.",(203) 721-9343,https://www.jackodonnelllaw.com/,4.9,136,"683 State St, New Haven, CT 06511, USA",All,~15mi zone,True,95,Tee Box,
fb29d6d5-85eb-4ab0-8871-d9ee5914a446,"Zingaro & Cretella, LLC",(203) 777-7755,http://www.lawzc.com/,4.8,60,"681 State St, New Haven, CT 06511, USA",All,~15mi zone,True,95,Tee Box,
fa8eb32d-1d8e-454f-bc6e-6d4326fee344,Ruane DUI & Criminal Defense Attorneys,(203) 567-6492,https://www.ruaneattorneys.com/new-haven-criminal-lawyer/?utm_source=GBP&utm_medium=GBP&utm_campaign=GBP_New_Haven&utm_id=GBP_New_Haven,4.8,134,"928 Chapel St Suite 208, New Haven, CT 06511, USA",All,~15mi zone,True,95,Tee Box,
b453ccdb-bbe8-4479-bf20-c6d4c6766fe3,Eric T. Dean Jr. Law Office,(203) 389-4790,https://deanvisaoffice.com/,5.0,46,"111 South Ave, North Haven, CT 06473, USA",All,~15mi zone,True,95,Tee Box,
3bd17e4b-e0cd-4757-a62e-71a518d76d8f,"Mark A. Healey, Attorney At Law",(203) 937-6500,http://www.markahealey.com/,4.8,48,"666 Savin Ave, West Haven, CT 06516, USA",All,~15mi zone,True,95,Tee Box,
1b2cd870-25d4-44b1-a4d0-58daaa1e783f,Connecticut Real Estate Closing Attorneys,(203) 693-8055,https://connecticutrealestateclosingattorneys.com/?utm_source=NEXT&utm_medium=Google_website,4.9,183,"2839 Dixwell Ave, Hamden, CT 06518, USA",All,~15mi zone,True,95,Tee Box,
4c4650a3-6bfb-427e-b246-e9371c61f779,"Dolan Divorce Lawyers, PLLC",(203) 720-6874,http://www.dolanfamilylaw.com/?utm_source=GBP&utm_medium=GBP&utm_campaign=GBP_New_Haven&utm_id=GBP_New_Haven,4.8,114,"101 Whitney Ave, New Haven, CT 06510, USA",All,~15mi zone,True,95,Tee Box,
9984ac41-2552-46a5-bb0f-b21e983fe458,Happy Even After Family Law,(203) 625-1835,https://www.familylawyerct.com/?utm_source=google&utm_medium=organic&utm_campaign=gbp-listing-hamden,4.7,130,"2531 Whitney Ave, Hamden, CT 06518, USA",All,~15mi zone,True,95,Tee Box,
bc36a02b-5e93-4476-9743-b08ece8d20ac,Attorney Irving Jay Pinsky,(203) 777-7747,https://hospitalvisitlawyer.com/,4.5,53,"114 Sherman Ave, New Haven, CT 06511, USA",All,~15mi zone,True,95,Tee Box,
2fb6567f-d61e-46ce-99c1-1d3232e25cf2,"Goldblatt, Marquette & Rashba, PC",(203) 687-4050,https://www.lawattorneyct.com/,4.5,58,"60 Washington Ave STE 302, Hamden, CT 06518, USA",All,~15mi zone,True,95,Tee Box,
d306e528-5a73-4e0c-b39f-89e3b6d783d0,The Law Office of Gregory Cerritelli,(203) 624-6115,http://egclawyers.com/,4.7,59,"2 Lincoln St, New Haven, CT 06510, USA",All,~15mi zone,True,95,Tee Box,
fee1a314-70e4-41b1-bd2c-0dece5602796,"The Law Offices of James A. Cuddy, LLC",(203) 583-8256,https://www.jamescuddylaw.com/?npcmp=dir:local:4419457:06484,4.6,70,"525 Bridgeport Ave Suite 201, Shelton, CT 06484, USA",All,~15mi zone,True,95,Tee Box,
d0a5d1e7-887a-4eed-b01c-88453ddabaec,"Levy Leff DeFrank & Armas, PC",(203) 777-6887,http://levyleffdefrank.com/,4.7,24,"195 Church St 14th Floor, New Haven, CT 06510, USA",All,~15mi zone,True,95,Tee Box,
7030a3ae-b89e-4f6a-9288-970630a89530,Rob Levine Law–Personal Injury Lawyers,(203) 457-3157,https://roblevine.com/new-haven/?utm_source=google&utm_medium=organic&utm_campaign=gbp-newhaven,4.9,520,"195 Church St 4th Floor, New Haven, CT 06510, USA",All,~15mi zone,True,95,Tee Box,
55b8393a-f7ed-4e9f-ba31-f67c1d4030cd,"Kennedy, Johnson, Schwab & Roberge, P.C.",(475) 271-1884,https://www.kennedyjohnson.com/new-haven/?utm_source=google&utm_medium=organic&utm_campaign=gbp-new-haven,4.7,66,"555 Long Wharf Dr Suite 13A, New Haven, CT 06511, USA",All,~15mi zone,True,95,Tee Box,
e75e9b59-1b27-49f9-b32b-5f47f81d8674,Trachten Law Firm LLC,(203) 865-0101,http://www.trachtenlaw.com/,5.0,65,"679 State St, New Haven, CT 06511, USA",All,~15mi zone,True,95,Tee Box,
cc94dfd0-d122-4cf5-a9c5-59e29748f938,"New Haven Personal Injury Attorney At Law, Brandon J. Broderick",(877) 334-9048,https://www.brandonjbroderick.com/connecticut/personal-injury-lawyer-new-haven?utm_campaign=gmb,5.0,182,"240 Bradley St, New Haven, CT 06510, USA",All,~15mi zone,True,95,Tee Box,
e89a7715-cddb-44d2-aa19-0c4050bc3632,Law Offices Of Daniel A Lyons,(203) 932-2222,https://danlyonslaw.com/,4.8,19,"334 Main St, West Haven, CT 06516, USA",All,~15mi zone,True,95,Tee Box,
67cadfd7-33fb-4115-94f4-46993581a548,"Kevin Smith, Attorney at Law LLC",(855) 753-8435,http://www.kevinsmithlaw.com/,5.0,61,"928 Chapel St Suite 208, New Haven, CT 06510, USA",All,~15mi zone,True,95,Tee Box,
ab515924-4b9e-40e6-af1f-c584a8b4c959,"Green & Sklarz, LLC",(203) 285-8545,http://gs-lawfirm.com/,4.8,33,"One Audubon St 3rd floor, New Haven, CT 06511, USA",All,~15mi zone,True,95,Tee Box,
1244fb31-7aaa-44e0-9104-c7399aa154cb,Law Offices of Michael Todd Taylor,(203) 937-5300,https://www.lawofficesofmichaeltoddtaylor.com/,5.0,18,"161 Main St, West Haven, CT 06516, USA",All,~15mi zone,True,95,Tee Box,
1429f7f6-b596-46aa-ac40-c0baebe59eee,"Dehghani & Associates, LLC",(203) 773-9513,http://www.dehghanilaw.com/,4.9,36,"700 State St Suite 202, New Haven, CT 06511, USA",All,~15mi zone,True,95,Tee Box,
69ce898b-5d9b-4e01-89e0-3b337178bfd7,"Law Office of Amee J. Lunn, LLC",(203) 234-8408,https://www.lunnesq.com/attorney-profile/,5.0,74,"26 Broadway, North Haven, CT 06473, USA",All,~15mi zone,True,95,Tee Box,
c1489d65-1edc-45bf-9ef5-c1fa0b7b12fa,"Jacobs & Jacobs, LLC",(203) 777-2300,https://www.jacobs-jacobs.com/?utm_source=gmb&utm_medium=organic&utm_content=listing&utm_campaign=local,5.0,53,"1 Audubon St Suite 103, New Haven, CT 06511, USA",All,~15mi zone,True,95,Tee Box,
b965f0a4-41ce-4451-bbd8-cee43ef70eeb,"David G. Volman, Attorney at Law",(203) 929-7771,https://www.volmanlaw.com/,4.0,31,"375 Coram Ave, Shelton, CT 06484, USA",All,~15mi zone,True,95,Tee Box,
98b31292-40e8-4172-b559-e56ef5ed56e0,"Raccio Law, LLC",(203) 580-4132,https://www.racciolaw.com/,5.0,58,"1960 Whitney Ave, Hamden, CT 06517, USA",All,~15mi zone,True,95,Tee Box,
ac084879-d82c-4064-a245-d597d49c955a,Law Offices of Ruben Rodriguez LLC,(203) 773-9700,https://www.rubenrodriguezlaw.com/,4.7,14,"934 Grand Ave, New Haven, CT 06511, USA",All,~15mi zone,True,95,Tee Box,
e4ae9228-03dd-4bff-90cf-82612a62cd97,"WILSON FAMILY LAW, LLC",(203) 504-9505,http://www.wilsonfamilylaw.com/,4.9,19,"157 Church St 19th Floor, New Haven, CT 06510, USA",All,~15mi zone,True,95,Tee Box,
d1410353-6c2c-44e4-9d5b-d799b2043a7e,"Falcone Law Firm, LLC",(203) 931-1762,https://www.falconelawfirm.com/,4.9,10,"336 Main St, West Haven, CT 06516, USA",All,~15mi zone,True,95,Tee Box,
7d41711e-bc53-4061-9185-f6e64af591c2,"Lynch, Traub, Keefe & Errante, P.C.",(203) 333-3333,https://www.ltke.com/?utm_source=google&utm_medium=organic&utm_campaign=gbp,4.2,29,"195 Church St 3rd Floor, New Haven, CT 06510, USA",All,~15mi zone,True,95,Tee Box,
57126aa9-4372-49f7-b709-ea474d7724c8,Fournier Legal Services LLC,(860) 670-3535,https://jeflegal.com/,5.0,38,"64 Thompson St STE A101, East Haven, CT 06513, USA",All,~15mi zone,True,95,Tee Box,
527af22a-551a-4c05-bc2a-9f6189ecb57e,Mirsky Defense,(203) 290-2779,https://mirskydefense.com/,5.0,12,"470 James St Suite 007, New Haven, CT 06513, USA",All,~15mi zone,True,95,Tee Box,
56a45dc1-84ac-43ec-b879-30e9e2594b8d,McNamara & Goodman LLP,(203) 782-9241,https://mcnamaraandgoodman.com/?utm_source=google&utm_medium=organic&utm_campaign=google+business+profile,5.0,11,"15 Maiden Ln, North Haven, CT 06473, USA",All,~15mi zone,True,95,Tee Box,
5c683386-48f9-4f50-becf-d47070de087f,Carter Mario Injury Lawyers,(203) 303-9215,https://www.cartermario.com/,4.8,175,"12 Montowese Ave, North Haven, CT 06473, USA",All,~15mi zone,True,95,Tee Box,
795c2b50-74b5-4f92-898d-3633658c5198,Egan Law LLC,(475) 731-2923,https://www.egan-legal.com/,4.4,33,"52 State St, Ansonia, CT 06401, USA",All,~15mi zone,True,95,Tee Box,
efc89334-403c-4d32-94c4-9631966b1196,"Berdon, Young & Margolis, PC",(203) 772-3740,https://www.bymlaw.com/,4.9,16,"350 Orange St 2nd Floor, New Haven, CT 06511, USA",All,~15mi zone,True,95,Tee Box,
1a278bb8-8567-4562-8efc-fe44bf8fe0a1,Nugent & Bryant Personal Injury Lawyers,(203) 718-0430,https://www.nugentlawyers.com/,5.0,55,"31 Broadway, North Haven, CT 06473, USA",All,~15mi zone,True,95,Tee Box,
a5f18575-268e-4b9b-91bf-afb0a46b70e3,"The Law Offices of Thomas J. Piscatelli, PC",(203) 528-0890,http://www.familylegalct.com/,4.7,41,"291 Whitney Ave Suite 205, New Haven, CT 06511, USA",All,~15mi zone,True,95,Tee Box,
dbdc2427-88b0-4c3b-acfe-14f395f3ae5e,New Haven Injury Attorney Lance Coughlin,(203) 314-3754,http://www.mybadinjury.com/,5.0,66,"493 Main St, East Haven, CT 06512, USA",All,~15mi zone,True,95,Tee Box,
3afe1981-28c6-405b-9f97-71a13d474a7e,"Red Law Firm, LLC",(203) 773-3500,https://theredlawfirm.com/,5.0,22,"7 Elm St, New Haven, CT 06510, USA",All,~15mi zone,True,95,Tee Box,
3baa1110-28d9-463d-9ac6-21b7565d1e04,Sheehy & Dillon Attorneys At Law,(203) 734-2591,http://sheehyanddillonattorneysatlaw.com/,5.0,10,"303 Wakelee Ave, Ansonia, CT 06401, USA",All,~15mi zone,True,95,Tee Box,
3726d9b5-bbe3-491f-aa02-2c76fa60d89d,"Wambolt Law, LLC",(203) 239-9999,https://www.wamboltlaw.com/,5.0,21,"250 State St UNIT J2, North Haven, CT 06473, USA",All,~15mi zone,True,95,Tee Box,
246f8149-7f9a-4186-bd42-df625a3bc61b,Norman A Pattis Law Offices,(203) 393-3017,https://www.pattispazlaw.com/,3.3,49,"383 Orange St Suite #1, New Haven, CT 06511, USA",All,~15mi zone,True,95,Tee Box,
c8f13eab-6fe9-4020-a7f2-692c83992624,Berkowitz Hanna Malpractice & Injury Lawyers,(475) 281-3952,https://berkowitzlawfirm.com/new-haven-injury/?utm_source=GBP&utm_medium=GBP&utm_campaign=GBP_New_Haven&utm_id=GBP_New_Haven,5.0,67,"251 Edwards St, New Haven, CT 06511, USA",All,~15mi zone,True,95,Tee Box,
99a1f1a4-c83d-4dbb-b4cf-7efb8941d4a6,"Dolan Injury Lawyers, PLLC",(475) 258-8107,https://www.dolanlawyers.com/?utm_source=gmb&utm_medium=organic&utm_content=listing&utm_campaign=local,5.0,17,"101 Whitney Ave Suite 3B, New Haven, CT 06510, USA",All,~15mi zone,True,95,Tee Box,
a1d480ee-f9da-49e0-bbbc-9d6281cf11c5,Chaffin Luhana LLP Injury Lawyers,(203) 401-8400,https://www.chaffinluhana.com/connecticut/,4.9,74,"157 Church St 19th Floor, New Haven, CT 06510, USA",All,~15mi zone,True,95,Tee Box,
375da05b-c9f6-44e6-b248-028408d5811f,Jon Patrucco,(203) 235-1691,https://patruccolaw.com/,4.9,67,"39 Butler St, Meriden, CT 06451, USA",All,~15mi zone,True,95,Tee Box,
5e76b76b-efec-47a3-842e-94388b802d4f,Attorney Jeffrey D Brownstein,(203) 235-6655,https://ctattorneybrownstein.com/,4.9,40,"240 Pomeroy Ave Suite 101 E, Meriden, CT 06450, USA",All,~15mi zone,True,95,Tee Box,
8a88c990-b665-48c5-9a4c-b79e4799d59e,Law Offices Geoffrey T. Einhorn LLC,(203) 269-1665,https://www.einhornlawfirm.com/,5.0,40,"741 N Colony Rd Suite 1, Wallingford, CT 06492, USA",All,~15mi zone,True,95,Tee Box,
97e14440-6a94-45e4-a1d8-e575ba79dd1e,Law Office of Douglas D. Rudolph,(203) 343-7579,https://www.rudolphdefense.com/,5.0,62,"36 N Main St Suite 201, Wallingford, CT 06492, USA",All,~15mi zone,True,95,Tee Box,
16b8b693-9519-4f3a-8fd7-76374d8cc5f5,Thompson & O'Connor LLC,(203) 237-6493,http://www.thompsonandoconnorllc.com/,4.9,37,"89 E Main St, Meriden, CT 06450, USA",All,~15mi zone,True,95,Tee Box,
6aa85551-43f8-4a4b-ac45-d757b59e5639,"Law Office of Lars Edeen, Jr.",(203) 265-9899,https://rymap.org/business/law-office-of-lars-edeen-jr-lixxny,5.0,14,"171 Center St, Wallingford, CT 06492, USA",All,~15mi zone,True,95,Tee Box,
f75f5799-ad07-439b-96e4-7571d1df3e22,Weber & Rubano - Wallingford,(203) 888-8888,https://www.weberandrubano.com/wallingford-personal-injury-lawyer/?utm_source=gmb&utm_medium=organic&utm_content=listing&utm_campaign=local,4.8,113,"401 Center St, Wallingford, CT 06492, USA",All,~15mi zone,True,95,Tee Box,
b9423a1e-aac1-4873-af73-00d5f96bd111,Law Offices of Gregory Allen P.C.,(203) 491-1622,http://gallen-law.com/,4.7,83,"5 N Main St #5, Wallingford, CT 06492, USA",All,~15mi zone,True,95,Tee Box,
339aa718-b8ec-4953-9ea3-a1001011fa79,"Mahon, Quinn & Mahon, P.C.",(203) 238-1010,https://www.mqmlawyer.com/,4.7,39,"636 Broad St, Meriden, CT 06450, USA",All,~15mi zone,True,95,Tee Box,
904710ab-7bce-449b-85da-e80ef85a58bb,Loughlin Fitzgerald P.C.,(203) 265-2035,https://www.lflaw.com/?utm_source=gmb&utm_medium=organic&utm_content=listing&utm_campaign=local,4.9,24,"150 S Main St, Wallingford, CT 06492, USA",All,~15mi zone,True,95,Tee Box,
5d789fe6-56e4-4f77-9e7d-d3a43212a906,"Charles K. Thompson, Attorney at Law, LLC",(203) 535-3374,https://rymaps.org/business/charles-k-thompson-attorney-at-law-llc-8zqjjy,4.9,126,"85 W Main St, Meriden, CT 06451, USA",All,~15mi zone,True,95,Tee Box,
851bc026-65d5-4898-8c67-c3c0857a2e6e,"Allinson & Associates, LLC",(203) 871-3964,http://www.allinsonassociates.com/,4.9,46,"439 Main St, Wallingford, CT 06492, USA",All,~15mi zone,True,95,Tee Box,
b425f46d-0b03-438a-9742-1b42c33c5123,"Law Office of Douglas Lilly, LLC",(203) 439-2535,https://www.douglaslillylawoffice.com/?npcmp=dir:local:5281758:06492,4.9,49,"61 N Plains Industrial Rd #333, Wallingford, CT 06492, USA",All,~15mi zone,True,95,Tee Box,
108dcfab-7ae8-4ec9-a86d-17d82410145e,Farrell & Grochowski,(203) 269-7756,https://farrellandgrochowski.com/,4.4,29,"375 Center St, Wallingford, CT 06492, USA",All,~15mi zone,True,95,Tee Box,
48e085f8-c316-41e8-a2a7-6b40e9f6db83,"Rodriguez Law Firm, LLC",(203) 630-0406,http://rodriguezlawfirmllc.com/,4.3,27,"349 W Main St, Meriden, CT 06451, USA",All,~15mi zone,True,95,Tee Box,
04b152da-e69d-4693-839f-e8a024a2113f,Freed Marcroft,(860) 347-7134,https://freedmarcroft.com/lisa-faccadio,4.3,23,"955 S Main St Suite A202, Middletown, CT 06457, USA",All,~15mi zone,True,95,Tee Box,
6be236b6-2517-4578-b16b-da533abda1cf,Mahon Brian T - Quinn & Mahon P.C.,(203) 238-1010,http://www.mqmlawyer.com/,5.0,4,"636 Broad St, Meriden, CT 06450, USA",All,~15mi zone,True,95,Tee Box,
1b32ca3a-d4b8-424c-a0c4-840c6e4a5b3b,Baber Law,(860) 847-7405,https://baber-law.com/personal-injury-lawyer/middletown/,5.0,17,"515 Centerpoint Drive Suite #2201, Middletown, CT 06457, USA",All,~15mi zone,True,95,Tee Box,
05cffc13-bcb5-4744-8ac8-413a550151e8,Bathrick Law,(203) 239-5844,https://bathricklaw.com/,4.7,13,"2830 Whitney Ave Upper 2nd, Hamden, CT 06518, USA",All,~15mi zone,True,95,Tee Box,
310b4a25-2fea-4a0a-911c-9efab5c6e1dc,"Law Offices of Sean D. Murphy, LLC",(203) 271-1000,http://lawofficesseandmurphy.com/,5.0,4,"555 Highland Avenue, Cheshire, CT 06410, USA",All,~15mi zone,True,95,Tee Box,
d00e4e8c-6972-4866-978f-a7ecc9afd66e,"Cantor Injury Law Firm, LLC",(860) 512-7256,http://www.cantorinjurylawfirm.com/,5.0,54,"1 Prestige Dr #101, Meriden, CT 06450, USA",All,~15mi zone,True,95,Tee Box,
26e31a94-4d51-4f83-acda-2d93ac931e5c,Gambardella & Barillaro PC,(203) 288-1333,http://www.gblegalct.com/,3.8,29,"9 S Colony Rd, Wallingford, CT 06492, USA",All,~15mi zone,True,95,Tee Box,
2b6cebe9-d98d-4124-8a6d-a124b4af7228,"Donovan & Morello, Law Offices LLP",(860) 635-7373,https://www.donmorlaw.com/?utm_source=google-local&utm_medium=organic&utm_campaign=795,4.5,33,"154 West St B, Cromwell, CT 06416, USA",All,~15mi zone,True,95,Tee Box,
e7ef3f4f-79af-4573-9655-7ccde28ca626,"Robbins Law, LLC",(860) 468-5291,https://robbinslaw.attorney/,5.0,48,"515 Centerpoint Drive Suite 804, Middletown, CT 06457, USA",All,~15mi zone,True,95,Tee Box,
499f2f31-856c-40dd-afae-6ad0c8e8ea27,Michael P. Foley Jr. Attorney At Law,(203) 250-7212,http://www.mpfesq.com/?utm_source=google&utm_medium=local,5.0,12,"1120 S Main St, Cheshire, CT 06410, USA",All,~15mi zone,True,95,Tee Box,
06dd2c06-7ab8-485d-8391-05941121cb4f,"Brandon J Broderick, Personal Injury Attorney at Law",(866) 864-0753,https://www.brandonjbroderick.com/connecticut/personal-injury-lawyer-meriden?utm_campaign=gmb,5.0,49,"325 Chamberlain Hwy, Meriden, CT 06451, USA",All,~15mi zone,True,95,Tee Box,
d2b49363-599c-4fbc-82e1-6de7c1762550,Anthony Bonadies,(203) 288-1300,http://bonadieslaw.com/,4.6,9,"Building One, 3190 Whitney Ave, Hamden, CT 06518, USA",All,~15mi zone,True,95,Tee Box,
fc6e0cc9-c5b3-4b30-ba74-8850d0404728,DeChello Law Firm LLC,(203) 234-2225,https://www.dechellolaw.com/?utm_source=google-local&utm_medium=organic&utm_campaign=2528,4.4,35,"110 Washington Ave, North Haven, CT 06473, USA",All,~15mi zone,True,95,Tee Box,
0e7b8e2c-786e-448b-93ee-e1479b8d6c69,Attorney Laura N Zullo,(203) 271-2768,http://laurazullolaw.com/,4.1,9,"350 S Main St, Cheshire, CT 06410, USA",All,~15mi zone,True,95,Tee Box,
a45d2707-7a97-4f5c-b3c2-0bbb05eb3914,Dodd Law Firm,(203) 272-1883,https://www.doddlawfirmct.com/,4.7,46,"1781 Highland Ave # 105, Cheshire, CT 06410, USA",All,~15mi zone,True,95,Tee Box,
9f517c94-1ede-4105-8e35-80903652c6fa,"Knott, Andrew S.",(203) 271-3031,https://www.knottlaw.com/andrewsknott,3.9,11,"125 Main St, Cheshire, CT 06410, USA",All,~15mi zone,True,95,Tee Box,
13cd8655-fefe-4aa5-837f-0f79584eaf34,"O'Connor & Lyon, LLP",(203) 290-1672,https://www.oconnorlyon.com/,4.8,25,"73 Main St, Durham, CT 06422, USA",All,~15mi zone,True,95,Tee Box,
414b17ae-d99d-4b36-87c6-74083e931c35,Heritage Law®,(203) 586-1445,http://www.heritagelawct.com/,4.9,33,"493 Heritage Rd #2c, Southbury, CT 06488, USA",All,~15mi zone,True,95,Tee Box,
d0a0dc6e-cf85-450c-a132-94370dba4e99,Giuliano Richardson & Sfara LLC,(203) 263-0330,http://www.grslaw.com/,5.0,2,"39 Sherman Hill Rd # 203, Woodbury, CT 06798, USA",All,~15mi zone,True,95,Tee Box,
7fa21377-5362-418c-9863-53ca899d2c91,"The DaSilva Law Firm, LLC",(203) 270-9996,http://www.dasilvalawfirm.com/,5.0,71,"45 S Main St, Newtown, CT 06470, USA",All,~15mi zone,True,95,Tee Box,
11248ad1-604d-476f-ae30-a68b4204c27e,Law Office of Thomas L. Brayton III,(203) 591-8689,https://www.tombrayton.com/,5.0,52,"678 Chase Pkwy, Waterbury, CT 06708, USA",All,~15mi zone,True,95,Tee Box,
e76ed9fb-0bec-4852-84fd-210d2f6e5645,Law Offices of George C. Tzepos,(203) 598-0520,https://www.tzeposlaw.net/,4.7,31,"444 Middlebury Rd, Middlebury, CT 06762, USA",All,~15mi zone,True,95,Tee Box,
a6124cf8-17d2-433c-9885-3652f4ffc878,The Flood Law Firm LLC,(860) 854-7150,https://www.thefloodlawfirm.com/waterbury-personal-injury-lawyer/?utm_source=GMB&utm_medium=organic&utm_campaign=Waterbury,4.9,92,"144 Buckingham St, Waterbury, CT 06710, USA",All,~15mi zone,True,95,Tee Box,
63124f57-a562-4c64-94f2-f0b971895727,"Burns Thomas, LLC",(203) 723-9420,https://www.attorneywilliamburns.com/?npcmp=dir:local:5256651:06770,4.8,27,"520 S Main St, Naugatuck, CT 06770, USA",All,~15mi zone,True,95,Tee Box,
a2b091ba-8d90-4ddc-917b-4b76a9433817,Law Office of David V. DeRosa,(203) 729-4246,https://www.attorneyderosa.com/,4.1,9,"42 Terrace Ave #1, Naugatuck, CT 06770, USA",All,~15mi zone,True,95,Tee Box,
c343dc6e-c900-430c-aa8f-baf17e0f73df,Cummings Law Firm,(203) 754-7779,https://www.cummingslawfirm.com/,4.2,16,"21 Holmes Ave, Waterbury, CT 06710, USA",All,~15mi zone,True,95,Tee Box,
e546d5ec-649a-450a-85f5-119ad1bf40f3,Law Office of Steven M. Reilly,(203) 881-1549,http://www.getlawhelp.com/,5.0,7,"41 Oxford Rd, Oxford, CT 06478, USA",All,~15mi zone,True,95,Tee Box,
7bbf51c4-fadf-4266-8f69-bf77d0ee0ad4,Perelmutter Potash & Ginzberg PC,(203) 888-2501,https://www.ppg-law.com/,4.4,20,"11 Bank St, Seymour, CT 06483, USA",All,~15mi zone,True,95,Tee Box,
c3fa2917-8bf3-49c9-9861-50dbbe2eb0d2,Broderick Law Firm LLC,(203) 758-8822,http://www.michaelbrodericklaw.com/,4.5,8,"32 Crest Rd, Middlebury, CT 06762, USA",All,~15mi zone,True,95,Tee Box,
59f94cfd-0186-4b7a-be94-eacae8b4e354,"Waterbury Personal Injury Attorney at Law, Brandon J. Broderick",(866) 303-9207,https://www.brandonjbroderick.com/connecticut/personal-injury-lawyer-waterbury?utm_campaign=gmb2,4.8,79,"1068 W Main St suite 6, Waterbury, CT 06708, USA",All,~15mi zone,True,95,Tee Box,
e9fce0f7-bee8-46de-82be-1717342847bc,"Sullivan & Attanasio, Attorneys at Law",(203) 753-1401,http://www.salawct.com/,4.7,12,"459 Middlebury Rd, Middlebury, CT 06762, USA",All,~15mi zone,True,95,Tee Box,
774aebba-4bce-47eb-8d26-45c51c1c8634,Law Offices of Thomas E. Porzio LLC,(203) 573-0019,https://www.porzioinjurylaw.com/,3.9,7,"625 Wolcott St, Waterbury, CT 06705, USA",All,~15mi zone,True,95,Tee Box,
3375259b-28b2-4e9e-8ad4-c87854a077e9,Duffy & Fasano Attorneys at Law,(203) 405-3100,http://www.duffyandfasano.com/,4.4,14,"47 Sherman Hill Rd STE B103, Woodbury, CT 06798, USA",All,~15mi zone,True,95,Tee Box,
508d3b97-53d9-437e-86ef-a2dac66445d9,"Matthew P Vaccarelli Law Office, LLC",(203) 574-2400,http://www.vacclawct.com/,4.2,6,"678 Chase Pkwy, Waterbury, CT 06708, USA",All,~15mi zone,True,95,Tee Box,
d09b9711-2aff-4acd-8188-d13ee281dfcc,"Law Offices Of James F Aspell, PC",(860) 467-0852,https://www.aspelllaw.com/,4.9,172,"50 Stanford Dr 2nd F, Farmington, CT 06032, USA",All,~15mi zone,True,95,Tee Box,
3369d7c6-dc6c-4327-b302-949c6f7ad01c,Romano Parker & Associates,(860) 563-7482,https://www.romanoparker.com/,4.5,35,"621 Cromwell Ave, Rocky Hill, CT 06067, USA",All,~15mi zone,True,95,Tee Box,
8e044195-c868-490a-8c82-1a0d5f66c0bd,"Potok Law, LLC",(860) 259-4259,http://www.potoklaw.com/,5.0,18,"747 Farmington Ave #9, New Britain, CT 06053, USA",All,~15mi zone,True,95,Tee Box,
0d37c862-8ef3-464d-ad42-842c777fabc6,Ruane DUI & Criminal Defense Attorneys,(860) 248-2173,https://www.ruaneattorneys.com/new-britain-criminal-lawyer/?utm_source=GBP&utm_medium=GBP&utm_campaign=GBP_New_Britain&utm_id=GBP_New_Britain,4.8,203,"35 Pearl St STE 2C, New Britain, CT 06051, USA",All,~15mi zone,True,95,Tee Box,
9c7e1b5c-fdab-413a-829c-e908472548fb,"Veale & Silvanic, LLC",(860) 348-9122,https://www.mvlawllc.com/home,4.7,70,"1317 Corbin Ave, New Britain, CT 06053, USA",All,~15mi zone,True,95,Tee Box,
8f140505-81b2-4fab-8f8d-8a6f9c5b5e75,Richard H. Pentore,(860) 829-9741,http://www.pentorelaw.com/,5.0,13,"785 Farmington Ave, Berlin, CT 06037, USA",All,~15mi zone,True,95,Tee Box,
d48bd0a7-3a6e-4e9e-bd7d-7b9b680883d5,"Law Offices of Ericson, Scalise & Mangan, PC",(860) 854-3809,https://www.esmlaw.com/,5.0,95,"35 Pearl St #301, New Britain, CT 06051, USA",All,~15mi zone,True,95,Tee Box,
fb96acd4-6a2e-4085-81a6-b934b90131f4,The Law Offices of Podorowsky Thompson & Baron,(860) 223-4000,http://www.myctlawyer.com/,4.6,58,"202 Broad St, New Britain, CT 06053, USA",All,~15mi zone,True,95,Tee Box,
18400375-f2c8-4640-930c-2caf2be3b959,Mangiafico Emanuele A,(860) 827-8064,http://www.mangiaficolaw.com/,5.0,20,"185 W Main St, New Britain, CT 06052, USA",All,~15mi zone,True,95,Tee Box,
54a6058e-a71a-4cc1-bdcd-bb994ea3aa85,Carter Mario Injury Lawyers,(860) 846-4306,https://www.cartermario.com/,4.8,215,"370 W Main St, New Britain, CT 06052, USA",All,~15mi zone,True,95,Tee Box,
0a87f369-b0b1-4fb0-8e97-639b1b2c143f,Ferry Law,(860) 827-0880,https://ferrylaw.com/,5.0,55,"77 Lexington St, New Britain, CT 06052, USA",All,~15mi zone,True,95,Tee Box,
02730ce2-d904-4075-b253-bbb44b5cd076,Weber Carrier Chace LLP,(860) 225-9463,https://www.webercarrier.com/?utm_source=google&utm_medium=organic&utm_campaign=gbp&utm_content=website,4.5,42,"24 Cedar St, New Britain, CT 06052, USA",All,~15mi zone,True,95,Tee Box,
bda395d2-ade7-45c9-b312-2175df1aaa7c,Attorney Teresa DiNardi,(888) 523-9384,https://ladydui.com/?utm_source=GBP&utm_medium=GBP&utm_campaign=GBP_New_Britain&utm_id=GBP_New_Britain,5.0,36,"35 W Pearl St Suite 205, New Britain, CT 06051, USA",All,~15mi zone,True,95,Tee Box,
e577f239-3ad3-4a73-ae63-e031c093d5a8,Freeman Law Firm,(860) 728-0359,https://www.freemanllc.com/,4.5,113,"90 Brainard Rd #201, Hartford, CT 06114, USA",All,~15mi zone,True,95,Tee Box,
a9706215-db50-47be-a3a1-e1162f4c91ad,Shehu Law Firm,(860) 999-7777,http://www.shehulaw.com/,4.7,66,"383 Silas Deane Hwy Suite 4, Wethersfield, CT 06109, USA",All,~15mi zone,True,95,Tee Box,
886e07e2-86fd-47eb-94a8-d77dcb3b7b7e,Law Office of Forest E. Green,(860) 506-6085,https://www.forestegreen.com/contact,5.0,19,"41 Lexington St, New Britain, CT 06052, USA",All,~15mi zone,True,95,Tee Box,
528f9e1d-9fba-41c4-b78c-6801b565a291,Barbieri Law LLC,(860) 224-7119,http://www.barbierilaw.com/,4.3,11,"24 Cedar St, New Britain, CT 06052, USA",All,~15mi zone,True,95,Tee Box,
ba106b77-81ed-4b43-9f46-41c4be9f74d2,Law Offices of Mark E. Salomone & Morelli,(860) 223-1985,https://www.marksalomone.com/new-britain,5.0,91,"747 Farmington Ave #3, New Britain, CT 06051, USA",All,~15mi zone,True,95,Tee Box,
d113d71e-75c6-4401-bbc4-f5e0c16efbaf,"McCook Law Firm, LLC",(888) 397-0510,https://mccooklawfirm.com/,4.9,113,"35 Cold Spring Rd #425, Rocky Hill, CT 06067, USA",All,~15mi zone,True,95,Tee Box,
1720f60f-d7fd-4533-8174-c7c990a1769f,Attorney Adrian Mark Baron THE NUTMEG LAWYER,(860) 223-4000,http://thenutmeglawyer.com/,5.0,5,"202 Broad St, New Britain, CT 06053, USA",All,~15mi zone,True,95,Tee Box,
3f96b8fb-acb3-4abc-bde0-cd9d56bcb0ff,The gradzki law firm llc,(860) 993-1400,https://www.avvo.com/attorneys/06052-ct-monika-gradzki-1785448.html,4.9,33,"17 Lenox Pl, New Britain, CT 06052, USA",All,~15mi zone,True,95,Tee Box,
089889d0-5adb-46e5-855a-5aa4b516879d,"Jackson O’Keefe, LLP Law Firm",(860) 278-4040,http://jacksonokeefe.com//?&utm_source=google&utm_medium=organic&utm_campaign=gmb,4.9,39,"433 Silas Deane Hwy, Wethersfield, CT 06109, USA",All,~15mi zone,True,95,Tee Box,
00c1e3ea-cd62-4f7e-a83a-48f383b1273e,Daly Perri Arnold & Knierim (formerly Czepiga Daly Pope & Perri),(860) 236-7673,http://www.dalyperri.com/,4.2,33,"15 Massirio Dr, Berlin, CT 06037, USA",All,~15mi zone,True,95,Tee Box,
5e3b0022-467b-4c10-b688-f44b54b76e56,The Law Offices of Ronald I. Chorches,(860) 563-3955,https://chorchesbankruptcylaw.com/?utm_campaign=gmbwethersfield,4.6,31,"82 Wolcott Hill Rd Suite 203, Wethersfield, CT 06109, USA",All,~15mi zone,True,95,Tee Box,
21a1096e-33b5-412b-a976-627167b030d2,"Berlin Law Offices, LLC",(860) 828-6688,http://www.berlinlawoffices.com/,4.3,4,"1020 Farmington Ave, Berlin, CT 06037, USA",All,~15mi zone,True,95,Tee Box,
d2cb2d16-90c6-40e5-9642-6c65c4de514f,"Law Offices of Jill K. Levin, LLC",(860) 356-7661,http://www.jillklevinlaw.com/,3.9,42,"369C New Britain Rd Suite 3, Berlin, CT 06037, USA",All,~15mi zone,True,95,Tee Box,
43d79e83-b4ca-4ac4-b4a5-7e8925003b53,Gary Friedle Law Offices,(860) 225-8636,http://www.attorneygaryafriedle.com/,4.5,11,"114 W Main St #105, New Britain, CT 06051, USA",All,~15mi zone,True,95,Tee Box,
6557a37b-6fcd-4efb-9244-31e3e6290b77,"Secor, Cassidy",(203) 757-9261,http://www.ctlawyers.com/,4.2,6,"41 Church St, Waterbury, CT 06702, USA",All,~15mi zone,True,95,Tee Box,
de1d857e-dff0-4457-9403-105a5c80c5ea,"Mellon, Hickey & Capuano LLC",(203) 757-9821,http://mellonhickeycapuano.com/,4.4,7,"45 State St, Waterbury, CT 06702, USA",All,~15mi zone,True,95,Tee Box,
8441c58d-2ad3-42cc-9c02-f92d28f4d117,Richard P. Renehan,(203) 596-9030,https://renehanrossettilaw.com/richard-p-renehan/,5.0,7,"134 Highland Ave, Waterbury, CT 06708, USA",All,~15mi zone,True,95,Tee Box,
4f3aad9f-5b65-43aa-a767-d3ec07f0c3c1,Gould Injury Lawyers,(475) 224-5207,https://gouldinjurylaw.com/waterbury-personal-injury-lawyer/,5.0,28,"228 Meadow St Suite 401, Waterbury, CT 06702, USA",All,~15mi zone,True,95,Tee Box,
b9be1ed7-ae8c-4cfc-88b3-9a39f4e6d183,Sills DUI & Criminal Defense Lawyers,(203) 591-1935,https://www.ctcriminallawattorney.com/?utm_source=google&utm_medium=organic&utm_campaign=Waterburygmb,4.6,7,"182 Grand St #211, Waterbury, CT 06702, USA",All,~15mi zone,True,95,Tee Box,
bd4833a2-3566-4904-b345-9031c297fdb7,Law Offices of Sobo & Sobo L.L.P.,(959) 207-1611,https://www.sobolaw.com/,5.0,27,"476 Wolcott St, Waterbury, CT 06705, USA",All,~15mi zone,True,95,Tee Box,
f8e988e5-bf03-4871-8d7c-5328a523889f,Slavin Stauffacher & Scott,(860) 274-2511,http://www.sssattorneys.com/,3.7,3,"27 Siemon Company Dr 300 W, Watertown, CT 06795, USA",All,~15mi zone,True,95,Tee Box,
972c7bf0-8236-4927-9ec4-69856b309b63,Dolan Law Firm,(203) 230-1678,http://www.dolanlawfirmct.com/,4.4,58,"1337 Dixwell Ave, Hamden, CT 06514, USA",All,~15mi zone,True,95,Tee Box,
2f29105d-b6c9-4918-9889-74e4cb4c921b,The Law Offices of Neal E Guttenberg,(203) 599-1119,http://www.neglaw.com/,5.0,142,"39 Gould Ln, Branford, CT 06405, USA",All,~15mi zone,True,95,Tee Box,
b22c90d0-b5c2-449f-900c-4322533f8e0e,Affordable Legal Services LLC,(203) 823-0352,https://www.ctaffordablelegalservices.com/,4.7,14,"575 Main St, East Haven, CT 06512, USA",All,~15mi zone,True,95,Tee Box,
dc5e1895-1c49-4319-80b9-5452d3dcd7c0,The Pellegrino Law Firm P.C.,(203) 787-2225,https://www.pellegrinolawfirm.com/?npcmp=dir:local:2025993:06511,4.7,24,"475 Whitney Ave, New Haven, CT 06511, USA",All,~15mi zone,True,95,Tee Box,
bc530b59-42fe-497d-8eb4-84dcf97c7316,D'Amico Law LLC,(203) 824-2969,http://damicoinjurylaw.com/,5.0,18,"7 S Main St Suite 711, Branford, CT 06405, USA",All,~15mi zone,True,95,Tee Box,
38091671-26bb-4a21-84b6-be6cec1a375b,"Law Offices of Esposito, Annunziata & McGowan",(203) 787-0154,http://www.eamlawoffices.com/,5.0,16,"373 Humphrey St, New Haven, CT 06511, USA",All,~15mi zone,True,95,Tee Box,
8c8548f8-8ed7-4367-8e7a-5df163e1c908,"Dolan Divorce Lawyers, PLLC",(203) 303-9371,https://dolanfamilylaw.com/guilford-family/?utm_source=GBP&utm_medium=GBP&utm_campaign=GBP_Guilford&utm_id=GBP_Guilford,5.0,15,"105 Church St, Guilford, CT 06437, USA",All,~15mi zone,True,95,Tee Box,
beabef52-5e2d-4c66-b68e-8aab7258710a,Trantolo & Trantolo,(203) 872-9885,https://www.trantololaw.com/new-haven/?utm_source=google&utm_medium=organic&utm_campaign=gmb-listing-new-haven,5.0,123,"816 Woodward Ave, New Haven, CT 06512, USA",All,~15mi zone,True,95,Tee Box,
03f80148-6064-4856-95de-7a81a10ba9fb,The Law Office of Jonathan A. Wetmore,(203) 926-1756,http://www.wetmorelaw.com/,5.0,192,"4 Huntington St, Shelton, CT 06484, USA",All,~15mi zone,True,95,Tee Box,
4fe9bedc-977f-437e-899f-1ed84e9d5e95,"Joseph B. LaRocco, Esq., PLLC",(475) 244-5141,https://www.josephblarocco.com/,4.9,30,"4 Research Dr Suite 402, Shelton, CT 06484, USA",All,~15mi zone,True,95,Tee Box,
8e7bd541-1364-43cf-984c-db426949062f,Pattis & Paz LLC,(203) 393-3017,https://www.pattispazlaw.com/,4.8,34,"4 Research Dr Suite 402, Shelton, CT 06484, USA",All,~15mi zone,True,95,Tee Box,
f6dc0b2d-294a-4645-a517-b3f846c1f0d8,D'Agosto & Howe LLC,(203) 712-0210,http://www.dhctlaw.com/,5.0,71,"738 Bridgeport Ave, Shelton, CT 06484, USA",All,~15mi zone,True,95,Tee Box,
9f102542-612e-4774-ae64-f7ecce8e27b4,"Willinger, Willinger & Bucci, PLLC",(203) 366-3939,https://www.wwblaw.com/,4.8,90,"1000 Bridgeport Ave Suite 501, Shelton, CT 06484, USA",All,~15mi zone,True,95,Tee Box,
d8759786-6f22-4536-a97a-7da67611520f,Bellenot & Boufford LLC,(203) 304-9050,http://www.bbesq.com/,5.0,13,"814 Main St, Monroe, CT 06468, USA",All,~15mi zone,True,95,Tee Box,
a0559065-33d5-4ef1-b15a-60d3fc19a1ab,Michael J. Leventhal Attorney At Law,(203) 803-4104,https://www.mjleventhallaw.com/,4.8,34,"30 Huntington St, Shelton, CT 06484, USA",All,~15mi zone,True,95,Tee Box,
7c96e469-6866-4c14-b013-b9e5df2e9735,Anne M Ragusa,(203) 270-9117,http://www.anneragusa.com/,4.9,19,"103 S Main St, Newtown, CT 06470, USA",All,~15mi zone,True,95,Tee Box,
60d56e4a-8d00-4aa9-9929-f64199153627,"Sousa Law, LLC",(203) 929-8283,https://www.sousalaw.net/,5.0,57,"375 Bridgeport Ave, Shelton, CT 06484, USA",All,~15mi zone,True,95,Tee Box,
9a41d1f5-c1fc-432c-9355-3e4af17bc4f6,McLean Law PLLC,(475) 299-9323,https://mcleanpllc.com/,5.0,12,"2 Trap Falls Rd Ste 508, Shelton, CT 06484, USA",All,~15mi zone,True,95,Tee Box,
1ebaff9e-988e-4834-944a-da9084a6102b,Tom Groth Law PLLC,(203) 408-2085,https://tomgroth.com/,5.0,27,"1000 Bridgeport Ave #205, Shelton, CT 06484, USA",All,~15mi zone,True,95,Tee Box,
d4b0f855-b5ee-46b7-a12a-a69ef80bd9f0,"Hirsch Legal, LLC",(203) 779-7337,https://www.familyanddivorcelawconnecticut.com/,5.0,20,"4 Research Dr 4th fl. Suite 402, Shelton, CT 06484, USA",All,~15mi zone,True,95,Tee Box,
b6ea288f-122c-4c5d-b071-f2a01dceeed8,Cohen & Thomas,(203) 735-9521,http://www.cohen-thomas.com/,4.6,9,"315 Main St, Derby, CT 06418, USA",All,~15mi zone,True,95,Tee Box,
0f24b50f-0db7-496a-9db3-a27184642e1d,"Wiley Law, LLC",(203) 993-6525,http://www.wileyfirm.com/,5.0,65,"1000 Bridgeport Ave #205, Shelton, CT 06484, USA",All,~15mi zone,True,95,Tee Box,
f7b79505-8262-40f9-979d-bf3cee1606a4,Berkowitz Hanna Malpractice & Injury Lawyers,(475) 323-6507,https://berkowitzlawfirm.com/shelton-injury/?utm_source=GBP&utm_medium=GBP&utm_campaign=GBP_Shelton&utm_id=GBP_Shelton,5.0,58,"2 Corporate Dr 3rd Floor, Shelton, CT 06484, USA",All,~15mi zone,True,95,Tee Box,
0e407253-d1ed-43f6-becf-e9b52f313f68,"Fisher Law Firm, LLC",(203) 828-6191,https://www.kfisherlaw.com/,4.6,9,"7 Wakely St 2nd Floor, Seymour, CT 06483, USA",All,~15mi zone,True,95,Tee Box,
b4784d8a-761a-4a45-9071-0029c9b45e30,"Dolan Divorce Lawyers, PLLC",(203) 544-2669,http://www.dolanfamilylaw.com/?utm_source=GBP&utm_medium=GBP&utm_campaign=GBP_Southbury&utm_id=GBP_Southbury,5.0,23,"220 Main St S Suite I, Southbury, CT 06488, USA",All,~15mi zone,True,95,Tee Box,
625f068f-5b23-480e-96fe-36fa6a4d41bd,Anthony & Reale,(203) 924-4300,http://www.anthonyandreale.net/,4.3,18,"90 Huntington St, Shelton, CT 06484, USA",All,~15mi zone,True,95,Tee Box,
18146982-f879-44dc-abb6-9f19ebc24656,"Law Offices of Daniel D Skuret, P.C.",(203) 736-9934,http://ctinjurylaw.com/,4.4,21,"215 Division St, Ansonia, CT 06401, USA",All,~15mi zone,True,95,Tee Box,
675b9647-6000-413d-9231-85aed92f5dc2,Joseph P. Rigoglioso Attorney At Law,(203) 922-8100,http://www.rigogliosolaw.com,4.4,7,"375 Coram Ave, Shelton, CT 06484, USA",All,~15mi zone,True,95,Tee Box,
8879daa1-14d5-48a4-a825-bc524ee7a8e1,"Kidambi & Associates, P.C.",(203) 416-5300,http://www.kidambi.com/,4.7,48,"140 Monroe Turnpike, Trumbull, CT 06611, USA",All,~15mi zone,True,95,Tee Box,
70e5b22b-381b-48a2-a53a-e6f078a0539b,"LaFollette Law, LLC",(203) 254-1387,https://www.llawct.com/,4.8,16,"4 Corporate Dr Suite 181, Shelton, CT 06484, USA",All,~15mi zone,True,95,Tee Box,
6f237582-fe20-4bd6-9d78-7eee4ea90bd8,Law Office Of Debra Marino,(203) 298-0611,http://marinofamilylaw.com/,4.3,6,"657 Orange Center Rd, Orange, CT 06477, USA",All,~15mi zone,True,95,Tee Box,
370cefaa-bedf-4bca-9205-8cd8241bd140,"Jerome N. Goldstein, Attorney at Law",(203) 929-7773,http://goldsteinlawct.com/,5.0,3,"4 Research Dr Ste. 402a, Shelton, CT 06484, USA",All,~15mi zone,True,95,Tee Box,
874b67fa-6802-4587-a4a5-f6bfd50dfdbc,LaRese Law,(203) 556-9709,https://www.lareselawoffice.com/,5.0,11,"2 Pomperaug Office Pk #105, Southbury, CT 06488, USA",All,~15mi zone,True,95,Tee Box,
bd333a0b-b7d3-4ed4-852a-7112d874765e,Maurice Maitland Law Firm,(203) 751-9070,http://mdmlawyer.com/,4.7,16,"23 W Main St, Ansonia, CT 06401, USA",All,~15mi zone,True,95,Tee Box,
d20b604d-f2e3-4a51-ad11-ef49d67d373f,Koleci Law Firm,(203) 877-2226,https://www.kolecilaw.com/,4.9,79,"1000 Bridgeport Ave #401, Shelton, CT 06484, USA",All,~15mi zone,True,95,Tee Box,
8c2a5bd0-086d-454d-94ca-174f3c47bf8a,Androski Law Firm,(203) 736-0400,http://www.androskilaw.com/,4.4,14,"156 Main St, Ansonia, CT 06401, USA",All,~15mi zone,True,95,Tee Box,
39b2c680-5708-4682-9173-37dfbcbcf6fc,Omnia Law,(203) 880-5999,https://www.omnia-law.com/,4.2,15,"115 Technology Dr a303, Trumbull, CT 06611, USA",All,~15mi zone,True,95,Tee Box,
f6b9065a-f6b8-4119-b86b-4791c0cd20d4,"XKM Law, LLC",(203) 727-3275,http://www.xkmlaw.com/?utm_source=google&utm_medium=wix_google_business_profile&utm_campaign=9393626551227238340,5.0,20,"2 Trap Falls Rd Suite 115, Shelton, CT 06484, USA",All,~15mi zone,True,95,Tee Box,
a0115cf6-7402-451f-8560-bf7763a5c890,"Attorney James J. Flaherty, Jr. - Chipman Mazzucco Emerson LLC",(203) 693-8530,http://www.danburylaw.com/,5.0,4,"900 Main St S Suite 102, Southbury, CT 06488, USA",All,~15mi zone,True,95,Tee Box,
cfa6efa4-8e7a-46ab-9e74-8932eb765f14,Mr. Speeding Ticket,(203) 567-6474,http://www.mrspeedingticket.com/,4.7,237,"1 Enterprise Dr #305C, Shelton, CT 06484, USA",All,~15mi zone,True,95,Tee Box,
2b625c54-b811-475a-80c3-39719488a900,Goldman Gruder & Woods LLC,(203) 880-5333,https://goldgru.com/,4.3,4,"105 Technology Dr, Trumbull, CT 06611, USA",All,~15mi zone,True,95,Tee Box,
0a4044e6-6608-4c8f-869b-e7a65fd488db,Attorney Jacqueline F. Barbara,(203) 922-1400,http://www.cohenandwolf.com/,4.3,6,"375 Coram Ave, Shelton, CT 06484, USA",All,~15mi zone,True,95,Tee Box,
f255d6d5-6ff7-4a9f-8746-48ad0f4ac200,Fine Home Contracting LLC,(860) 733-2080,https://www.finehomecontracting.com/,4.8,50,"70 Spruce Brook Rd, Plymouth, CT 06782, USA",Home Remodeling,~15mi zone,True,95,Tee Box,
20380966-d9bb-4033-bfe1-056004bdaf57,Henrys construction & Remodeling,(203) 685-8982,https://www.henrysconstructionremodeling.com/,4.7,61,"398 Bucks Hl Rd, Waterbury, CT 06704, USA",Home Remodeling,~15mi zone,True,95,Hazard,
67cd15e9-c9d5-451d-88dd-5138b29a46b3,"M.F. ROSA Contracting, LLC",(203) 879-9323,http://mfrosacontracting.com/,4.8,19,"450 Wolcott Rd, Wolcott, CT 06716, USA",Home Remodeling,~15mi zone,True,95,Tee Box,
ce6e1f12-411e-42fd-86a9-b3f1e2f6f6e4,New Fresh Homes LLC,(203) 271-8400,https://newfreshhomes.com/,4.9,61,"230 Sandbank Rd, Cheshire, CT 06410, USA",Home Remodeling,~15mi zone,True,95,Fairway,
66ab531c-bddd-4cb2-b2fe-39e71bbcc630,Cabrera General Construction LLC,(203) 212-7662,https://cabreraconstructionco.com/,5.0,4,"17 Costanzo Ct, Hamden, CT 06518, USA",Home Remodeling,~15mi zone,True,95,Hazard,
af028c31-ac68-4197-a364-45b10bc27364,Ascent Construction LLC,(203) 641-3673,http://ascentconstructionct.com/,5.0,12,"23 Matthew St, Prospect, CT 06712, USA",Home Remodeling,~15mi zone,True,95,Fairway,
48612a08-4c91-4886-847f-7dd1a5d09c83,D'Agostino General Contractors,(860) 274-0707,https://www.dagostinogeneralcontractors.com/,5.0,4,"42 Falls Ave, Waterbury, CT 06708, USA",Home Remodeling,~15mi zone,True,95,Fairway,
8d02e3c9-4ef7-42dd-bbd7-f4305dab6b89,We Got A Guy,(203) 879-2118,https://www.wegotaguyremodeling.com/?utm_campaign=gmb,4.7,127,"2714 E Main St, Waterbury, CT 06705, USA",Home Remodeling,~15mi zone,True,95,Bunker,
e47106b9-53d1-41ac-b0a9-c66ce3297f2a,Bronko Construction,(203) 723-0566,http://www.bronkoconstruction.com/Contact-Us.html,5.0,3,"34 Fairfield Ct, Naugatuck, CT 06770, USA",Home Remodeling,~15mi zone,True,95,Fairway,
666ba74a-fe1b-4027-b801-fb301d3d43e9,House 2 Home Construction and Remodeling,(203) 213-0196,http://www.house2homeconstruction.com/,5.0,10,"509 Mountain Rd, Cheshire, CT 06410, USA",Home Remodeling,~15mi zone,True,95,Bunker,
250bcd88-616f-4142-a959-fdbb68c1b10e,"Byrd's Contracting, LLC",(203) 248-2973,https://www.byrdscontracting.com/,4.9,22,"11 Union St, Bristol, CT 06010, USA",Home Remodeling,~15mi zone,True,95,Fairway,
44be6786-1df5-41e5-805b-45d72ad78785,Gauthier Construction Services,(860) 517-6559,https://gauthierconstructionservices.com/,5.0,10,"6 Wainwright Ave, Plainville, CT 06062, USA",Home Remodeling,~15mi zone,True,95,Flagstick,emailed shaun. connect later in the week
d0b770a5-9770-4d8d-bba6-d543ac07937b,Genesis General Construction,(860) 483-6820,https://www.genesisgconstruction.com/contact,5.0,16,"40 Madison St, Waterbury, CT 06706, USA",Home Remodeling,~15mi zone,True,95,Hazard,
f6432051-4d74-418a-ab08-d3ed3d1d0daa,JA General Contractor,(203) 540-6695,http://www.jageneralcontractors.com/,5.0,23,"284 S Main St, Seymour, CT 06483, USA",Home Remodeling,~15mi zone,True,95,Do Not Call,
235c936b-c0a9-4352-b8c4-65f17e889ed3,A Santos Contracting LLC,(203) 600-2880,https://www.asantoscontracting.com/?utm_source=google&utm_medium=wix_google_business_profile&utm_campaign=11332379508705441863,5.0,15,"116 Frank St, New Haven, CT 06519, USA",Home Remodeling,~15mi zone,True,95,Tee Box,
fd93c6c9-01e9-405f-ae2a-d470c8bf41d6,HomePro RX,(203) 379-7176,http://homeprorx.com/,4.9,50,"154 State St, North Haven, CT 06473, USA",Home Remodeling,~15mi zone,True,95,Fairway,
eabe0ce9-7664-46d8-a8e0-9cf8bb683647,K & X Construction Services LLC,(203) 954-7087,https://www.kandxservices.com/,4.8,64,"244 River Rd, Shelton, CT 06484, USA",Home Remodeling,~15mi zone,True,95,Fairway,
ef83ce0c-235a-47d9-abf9-bea80749f8ca,The Builders & Cleaners,(203) 999-3734,http://tbuacl.com/,4.9,120,"445 Front Ave Suite 191, West Haven, CT 06516, USA",Home Remodeling,~15mi zone,True,95,Do Not Call,
3aa27f88-c5b4-4eda-906a-4965093db1cb,MGM Renovations LLC,(203) 889-7540,https://ctrenovationexperts.com/,4.8,40,"12 Brown St, West Haven, CT 06516, USA",Home Remodeling,~15mi zone,True,95,Fairway,
813b32f4-77c4-403d-b8a8-5b4bf01bb7b5,DAFA Construction LLC,(203) 403-7055,http://dafaconstruct.com/,4.8,44,"850 Grand Ave, New Haven, CT 06511, USA",Home Remodeling,~15mi zone,True,95,Fairway,
fe566cd5-0b37-47d8-807d-1d9ff5a4c468,Jans General Contractor LLC,(203) 512-0063,https://jansgeneralcontractorllc.com/,5.0,8,"51 Edgar St, East Haven, CT 06512, USA",Home Remodeling,~15mi zone,True,95,Fairway,
35043857-9538-47aa-b9ea-78ec29230d25,Brian Casey Building and Remodeling,(203) 772-5473,http://bccbuild.com/,5.0,3,"405 Edgewood Ave, New Haven, CT 06511, USA",Home Remodeling,~15mi zone,True,95,Fairway,
10865a9b-6204-4c75-b28b-de6bb9c9c3bf,Glenmoor Contractors LLC,(203) 239-0355,http://www.glenmoorcontractorsllc.com/,5.0,3,"P.O. Box 381, North Haven, CT 06473, USA",Home Remodeling,~15mi zone,True,95,Fairway,
bb04523e-e514-4e23-a089-a9e130c8471c,American Home Builders & Design LLC,(203) 385-2415,https://www.americanhomebuildersdesign.com/,4.7,55,"479 Elm St, West Haven, CT 06516, USA",Home Remodeling,~15mi zone,True,95,Hazard,
cc71d0c6-7554-447d-8d8d-298bd605b0da,TRP CONSTRUCTION LLC,(203) 605-2225,http://www.trpconstructionllc.com/,5.0,25,"225 Quinnipiac St, Wallingford, CT 06492, USA",Home Remodeling,~15mi zone,True,95,Fairway,
51e3176d-2fde-409c-940a-fd3a3f2ccc71,NHR Construction LLC.,(203) 815-9270,http://builtbynhr.com/,5.0,15,"20 S View St, Meriden, CT 06451, USA",Home Remodeling,~15mi zone,True,95,Fairway,
9af8e362-2b47-4805-bfb1-985e344ae16d,Constitution Construction,(475) 267-0728,https://constitutionllc.com/,5.0,18,"91 S Main St 1st Floor, Wallingford, CT 06492, USA",Home Remodeling,~15mi zone,True,95,Do Not Call,
eb04575b-0099-4199-8283-324cac10d56f,Myers Construction LLC,(203) 605-0003,https://www.myersconstructionllc.com/,5.0,4,"72 Boylston St, Meriden, CT 06450, USA",Home Remodeling,~15mi zone,True,95,Fairway,
9c0a817c-73be-49d1-8977-03b86fb220ff,Santoro Home Improvements,(203) 287-9787,http://www.santorobuilding.com/,4.6,22,"1002 Yale Ave, Wallingford, CT 06492, USA",Home Remodeling,~15mi zone,True,95,Fairway,
38ca8346-aa08-49a0-ae11-3dc62c855ac2,Fiderio & Sons,(203) 237-0350,https://www.fiderio.com/?utm_source=google&utm_medium=organic&utm_campaign=GMBListing-meriden-ct,4.7,92,"687 Broad St, Meriden, CT 06450, USA",Home Remodeling,~15mi zone,True,95,Fairway,
694c5c79-0c84-4c68-a04e-ec31f0335b33,Kling Brothers Builders,(203) 515-2335,http://klingbrothersbuilders.com/,5.0,20,"103 S Main St, Newtown, CT 06470, USA",Home Remodeling,~15mi zone,True,95,Fairway,
fe29a63c-1106-45e9-a00c-8f6f014e7a0b,"JC Construction Service, LLC",(203) 200-7426,http://jcconstructionsvc.com/,4.9,56,"1450 Southford Rd Unit 2, Southbury, CT 06488, USA",Home Remodeling,~15mi zone,True,95,Do Not Call,
9d3d3910-6c07-483a-90ad-e15ef0c58748,DAFA Construction LLC,(203) 296-3637,http://dafaconstruct.com/,5.0,11,"2485 N Main St, Waterbury, CT 06704, USA",Home Remodeling,~15mi zone,True,95,Do Not Call,
0d3a1419-4870-443f-847e-37fff3ff441f,A. P. Malin & Co. Remodeling,(475) 529-6603,http://www.apmalinco.com/,5.0,33,"78 S Main St, Newtown, CT 06470, USA",Home Remodeling,~15mi zone,True,95,Fairway,
b869bdad-8004-4733-a487-45350a4db415,Mainville Construction & Remodeling LLC,(860) 539-9988,https://mainvilleconstruction.com/,4.8,33,"263 Foxboro Dr, Newington, CT 06111, USA",Home Remodeling,~15mi zone,True,95,Tee Box,
feb23e8f-6ab2-488d-b3e9-8526d0a7b36d,Spano Construction,(203) 443-1644,http://www.spanoconstructionteam.com/,5.0,21,"205 Nancy Rd, New Britain, CT 06053, USA",Home Remodeling,~15mi zone,True,95,Fairway,
07abba31-c828-4d56-be6f-24259bff7e48,RL Construction,(860) 978-5600,http://www.rlconstructionllcct.net/,4.9,8,"8 Parkmore St, New Britain, CT 06051, USA",Home Remodeling,~15mi zone,True,95,Fairway,he said call in 2 weeks
f33a58c8-4993-4aa3-894f-49dc50e08891,Jack of All Trades CT,(860) 223-3344,https://www.jackofalltradesct.com/,4.6,40,"361 S Main St REAR, New Britain, CT 06052, USA",Home Remodeling,~15mi zone,True,95,Tee Box,
fa3a0d13-2665-48f3-82d7-9c02e5c7e98c,Plow and Property Projects LLC,(860) 951-1822,http://www.plowandproperty.com/,5.0,65,"131 Summit St unit c, Newington, CT 06111, USA",Home Remodeling,~15mi zone,True,95,Tee Box,
2ce8b7aa-523a-4c36-8db6-1f822f2c9919,Connecticut Custom Creations™,(860) 471-8866,https://www.connecticutcustomcreations.com/,4.9,46,"260 Hartford Ave, Newington, CT 06111, USA",Home Remodeling,~15mi zone,True,95,Tee Box,
8f4f0b58-fe36-45f8-bfb4-2651f4538eac,Central Contractors LLC,(860) 866-8980,http://www.centralcontractors.net/,4.9,44,"14 Old Mt Tom Rd, Bantam, CT 06750, USA",Home Remodeling,~15mi zone,True,95,Tee Box,
9f3d5204-9904-4b68-afee-91cf1a61db93,Aw Contractors LLC,(203) 707-7403,https://awcontractors7.com/,4.5,8,"38 Long Hill Rd, Waterbury, CT 06704, USA",Home Remodeling,~15mi zone,True,95,Tee Box,
41f541ad-8a83-42a2-a0d1-2c0f830800bd,JR General Constructions LLC,(203) 997-6111,https://jrgeneralconstructionsllc.com/,5.0,8,"9 North St, East Haven, CT 06513, USA",Home Remodeling,~15mi zone,True,95,Tee Box,
0182016d-7496-440d-9974-a6eae8372507,LD General Contractors.,(203) 640-2971,http://ldgeneralcontractors.com/,4.7,24,"Guilford, CT 06437, USA",Home Remodeling,~15mi zone,True,95,Hazard,
13931bdc-698e-4256-ac9e-9c1da0c5898c,Lakeview Building & Remodeling LLC,(203) 453-4996,http://www.lakeviewbldg.com/,5.0,52,"1054 Boston Post Rd # 3, Guilford, CT 06437, USA",Home Remodeling,~15mi zone,True,95,Tee Box,
30dd520f-a788-40cc-84a1-37785f50e584,Babbidge Construction Company,(203) 562-5559,http://www.babbidge.com/,3.8,9,"1211 Chapel St, New Haven, CT 06511, USA",Home Remodeling,~15mi zone,True,95,Tee Box,
3e3d1832-d9ff-4ad6-9762-b6faee848533,Jordan Construction,(203) 581-2850,https://www.jordanconstructionct.com/,5.0,30,"201 Lenore Dr, Shelton, CT 06484, USA",Home Remodeling,~15mi zone,True,95,Tee Box,
a2043699-215e-4bee-b49e-e423f9f5a655,Stamford Construction CT LLC,(203) 969-4156,https://www.stamfordconstructionctllc.com/,5.0,42,"26 Ridgeview Ave, Trumbull, CT 06611, USA",Home Remodeling,~15mi zone,True,95,Tee Box,
4003bf60-e105-41ee-96ee-c252a7f503a5,R and P Contracting LLC,(203) 926-9937,http://randpcontracting.com/,3.7,3,"Matilda Ln, Shelton, CT 06484, USA",Home Remodeling,~15mi zone,True,95,Tee Box,
a75e32d6-9f26-4f68-a673-f5d812bdd88e,LG Building and Remodeling,(203) 264-2931,http://www.lg-building.com/,4.7,24,"1356 Southford Rd, Southbury, CT 06488, USA",Home Remodeling,~15mi zone,True,95,Tee Box,
5a4dc4f7-f77e-42bf-a6d0-f767d478ad10,My Home Experts LLC,(203) 910-3812,https://myhomeexpertsct.com/,5.0,66,"780 Woodtick Rd, Wolcott, CT 06716, USA",Home Remodeling,~15mi zone,True,95,Tee Box,
173d4e27-4423-41d9-b5db-6f0c962cef2a,Valley Home Renovations LLC,(203) 828-0879,https://valleyhomerenovationsct.com/,5.0,26,"30 Park Rd, Oxford, CT 06478, USA",Home Remodeling,~15mi zone,True,95,Tee Box,
ece4e9ac-8d82-4924-85a8-510741f03636,Ricci's Home Improvment,(860) 621-3858,https://www.riccishomeimprovement.com/,4.7,68,"854 S Main St, Plantsville, CT 06479, USA",Home Remodeling,~15mi zone,True,95,Tee Box,
a119ee57-3fd9-4e89-94e8-14e77115ced1,MLC Associates,(203) 758-0899,http://www.mlcremodels.com/,4.9,44,"41 Lancaster Dr, Beacon Falls, CT 06403, USA",Home Remodeling,~15mi zone,True,95,Tee Box,
6c9b0fb7-5ab6-4cf9-a626-16136e86e5b8,Gardner Construction Home Improvement Specialists LLC,(203) 694-1391,https://gardnerconstructionllc.com/,5.0,18,"29 Porter Ave, Naugatuck, CT 06770, USA",Home Remodeling,~15mi zone,True,95,Tee Box,
c256a5a1-3652-4d39-9f94-798084fb6e42,G&J HOME REMODELING LLC,(860) 733-9660,https://gjhomeremodelingllc.us/,5.0,9,"63 Fairfield Ave, Waterbury, CT 06708, USA",Home Remodeling,~15mi zone,True,95,Tee Box,
df5e85f1-da67-40ed-b019-91c48f803a4d,JRC Custom Remodeling,(203) 641-3246,http://www.jrccustomremodeling.com/,5.0,26,"131 Green Valley Dr, Plantsville, CT 06479, USA",Home Remodeling,~15mi zone,True,95,Tee Box,
7be25efb-81ab-474d-9bdf-ec80ee7a4f34,DeBritos Home Improvement & Remodeling,(203) 819-6830,https://www.debritoshomeimprovement.com/,5.0,55,"21 Arcadia Ave, Watertown, CT 06779, USA",Home Remodeling,~15mi zone,True,95,Tee Box,
288f97c1-49af-439c-b443-747ceb6c46a4,Pinnacle Remodeling LLC,(203) 913-1212,http://cthomeremodeler.com/,5.0,13,"31 George St, North Haven, CT 06473, USA",Home Remodeling,~15mi zone,True,95,Tee Box,
21aa917c-c8d8-48b2-9bbc-afc5c980b0aa,Joselito Home Remodeling LLC,(203) 206-4038,https://joselitohomeremodelingllc.com/,5.0,5,"28 White Oak Ln, Waterbury, CT 06705, USA",Home Remodeling,~15mi zone,True,95,Tee Box,
4516d5a9-c2d5-4761-b9ad-b1864e3693a4,Restore LLC,(860) 505-4477,https://www.restore-ct.com/,5.0,41,"8 Rogers Rd, Wolcott, CT 06716, USA",Home Remodeling,~15mi zone,True,95,Tee Box,
20c70942-91b5-4058-85af-3ae989779183,AY Building and Remodeling,(203) 410-8255,https://aybuildingct.com/,5.0,10,"437 Rimmon Hill Rd, Beacon Falls, CT 06403, USA",Home Remodeling,~15mi zone,True,95,Tee Box,
3d4aacab-359c-4db3-9833-be538216b292,VMI Kitchen Remodeling,(203) 914-4858,http://www.vmimprovements.com/,4.9,31,"686 Rubber Ave, Naugatuck, CT 06770, USA",Home Remodeling,~15mi zone,True,95,Tee Box,
2ca7014e-5278-4d34-beb2-7ded19fc200d,Custom Finish Remodeling,,https://www.customfinishremodeling.com/,5.0,41,"75 Pleasant St, Southington, CT 06489, USA",Home Remodeling,~15mi zone,True,95,Tee Box,
f76b960a-7f47-4ae9-983b-8025a635727c,Myers Home Improvements LLC,(860) 329-1341,https://myershomeimprovementsllc.com/,4.9,50,"49 Josephine Terrace, Bristol, CT 06010, USA",Home Remodeling,~15mi zone,True,95,Tee Box,
26663fa7-5f21-4028-be1b-c470e4c1a969,Ethics Home Building and Remodeling,(844) 384-4277,http://www.ethicshomebuilding.com/,5.0,24,"228 Beths Ave, Bristol, CT 06010, USA",Home Remodeling,~15mi zone,True,95,Tee Box,
61584b24-6462-4897-b2a3-72b7efd74814,Apple Valley Home Improvement LLC,(860) 384-1899,https://www.applevalleyct.com/,4.5,19,"61 Tanglewood Dr, Southington, CT 06489, USA",Home Remodeling,~15mi zone,True,95,Tee Box,
175beb92-7072-4b97-8bc9-3daa72154f4d,County Home Improvements LLC.,(860) 681-3605,http://www.countyhomeimprovements.com/,4.8,77,"79 Woodland St, Bristol, CT 06010, USA",Home Remodeling,~15mi zone,True,95,Tee Box,
1c35bbf5-7d86-4918-bfdf-4d872f120211,AAF REMODELING & HOME IMPROVEMENT,(203) 490-9711,https://www.facebook.com/Aafremodeling?mibextid=ZbWKwL,4.9,28,"50 Ridge Rd, Naugatuck, CT 06770, USA",Home Remodeling,~15mi zone,True,95,Tee Box,
c763d964-70c8-449f-847a-8c427587a31d,First Choice Bathroom Remodeling,(860) 560-1028,https://www.1stchoicepros.com/,5.0,110,"30 Hayden Ave Suite A, Plainville, CT 06062, USA",Home Remodeling,~15mi zone,True,95,Tee Box,
c24914a7-0d8a-4751-8329-c60058e2a9db,Sullivan Brothers Remodeling,(203) 879-4555,http://sullivan-brothers.com/,4.3,6,"1 Wolcott Rd, Wolcott, CT 06716, USA",Home Remodeling,~15mi zone,True,95,Tee Box,
acc0424b-92bf-4fe7-bbe5-ddca3f07b51b,Elite Remodeling Services,(860) 830-9222,https://eliteremodelingct.com/,5.0,7,"12 Highwood Ave, Southington, CT 06489, USA",Home Remodeling,~15mi zone,True,95,Tee Box,
31bc7f87-e421-4de2-8e67-0e10b5de9001,Fredco Kitchen and Bath LLC,(860) 505-5966,https://fredcoct.wixsite.com/fredcokitchenandbath,4.9,49,"122 Spring St C3, Southington, CT 06489, USA",Home Remodeling,~15mi zone,True,95,Tee Box,
0d1a14ce-e8da-466d-a0c7-fdff46e32c68,Hasa Home Improvement,(203) 233-4478,http://hasahomeimprovement.com/,5.0,8,"2171 E Main St, Waterbury, CT 06705, USA",Home Remodeling,~15mi zone,True,95,Tee Box,
204630c5-6faf-4736-85e4-7a3559aae2dd,Summa Construction Services LLC.,(860) 628-0073,http://www.summaconstructionservices.com/,4.8,13,"1482 Meriden-Waterbury Turnpike, Plantsville, CT 06479, USA",Home Remodeling,~15mi zone,True,95,Tee Box,
e28af1bd-0aef-4675-8028-f6cad41664ae,Ronny's Home Improvement,(203) 449-7009,https://ronnyshomeimprovement.com/,5.0,25,"833 River Rd, Shelton, CT 06484, USA",Home Remodeling,~15mi zone,True,95,Tee Box,
3bb7f156-9951-4730-a50d-8aa645858e97,MDC HOME IMPROVEMENT,(203) 822-1383,https://www.mdchomecare.com/,5.0,20,"408 Blohm St, West Haven, CT 06516, USA",Home Remodeling,~15mi zone,True,95,Tee Box,
ace27019-3308-4a7a-a48d-c8987785b3fa,JMS Home Improvement & Remodeling LLC,(203) 435-7599,https://www.jmshomeimprovementsllc.com/,4.7,13,"59 Rabbit Rock Rd, East Haven, CT 06513, USA",Home Remodeling,~15mi zone,True,95,Tee Box,
21360d37-5c27-41a9-9f32-c461a0d1bd72,TC Praxis Building and Remodeling,(203) 444-1967,https://www.tcpraxis.com/,5.0,17,"81 Main Street Anx, New Haven, CT 06512, USA",Home Remodeling,~15mi zone,True,95,Tee Box,
5a6f230b-0353-4350-993b-668399cf271d,DiMartino Home Improvement,(203) 239-0558,https://www.dimartinohi.com/,5.0,12,"323 Washington Ave 4 ""Rear, North Haven, CT 06473, USA",Home Remodeling,~15mi zone,True,95,Tee Box,
b9564a47-f838-4951-b28a-53d4c1619262,Malpica Home Improvement,(203) 916-2019,https://malpicahomeimprovement.asteriumedia.info/,4.6,39,"366 Lenox St, New Haven, CT 06513, USA",Home Remodeling,~15mi zone,True,95,Tee Box,
1700ef16-a2a7-4184-8f45-f18da529506b,TREND VISION REMODEL,(475) 317-8817,http://www.trendvisionremodel.com/,5.0,7,"646 Ferry St, New Haven, CT 06513, USA",Home Remodeling,~15mi zone,True,95,Tee Box,
e92b3259-0888-418c-91e1-ffcb28401e55,KLG Designs LLC,(203) 982-5405,http://www.klgdesignsllc.com/,5.0,33,"201 Wisteria Dr, Naugatuck, CT 06770, USA",Home Remodeling,~15mi zone,True,95,Tee Box,
1d180934-8d83-4539-8143-776d53737ac3,Suchite Home Improvement,(203) 809-9472,https://suchitehomeimprovement.com/,4.9,22,"Malden St, West Haven, CT 06516, USA",Home Remodeling,~15mi zone,True,95,Tee Box,
4ca06c62-5e4c-4c96-904c-53b4c78ca30e,Dream Maker Remodeling,(203) 522-7595,https://www.dreammakerremodelingct.com/,5.0,7,"75 Hodder Dr, Hamden, CT 06514, USA",Home Remodeling,~15mi zone,True,95,Tee Box,
75456b21-265a-4771-953e-806a9aad3aeb,Imagine Remodel,(860) 530-5001,http://www.imagineremodel.com/,5.0,40,"4 Alcap Ridge, Cromwell, CT 06416, USA",Home Remodeling,~15mi zone,True,95,Tee Box,
ce644c8f-9cc3-4c69-9bca-1eaa0096d379,Heartwood Home Improvements LLC,(860) 406-0100,https://www.heartwoodct.com/?utm_source=google&utm_medium=wix_google_business_profile&utm_campaign=6903244378511775565,5.0,8,"136 Aspen Dr, Middletown, CT 06457, USA",Home Remodeling,~15mi zone,True,95,Hazard,
f708202a-c45b-4718-854c-e8d8fc379f4c,Advanced Home Remodeling LLC,(860) 938-0402,https://sites.google.com/view/advancedhomeremodelingllc/home,5.0,8,"24 Cherry Ln, Durham, CT 06422, USA",Home Remodeling,~15mi zone,True,95,Do Not Call,
7cef895b-004a-4155-ac5e-6f8141345314,Bencar Building Systems LLC,(203) 269-9204,https://www.bencarbuildingsystems.com/,4.9,55,"210 N Plains Industrial Rd, Wallingford, CT 06492, USA",Home Remodeling,~15mi zone,True,95,Do Not Call,
29223a65-7ddd-4a83-9770-9568b2f8d8a4,CareFree Home Pros,(860) 864-4287,https://carefreehomepros.com/?utm_source=4287&utm_medium=organic&utm_campaign=middletown-ct-gbp,4.8,45,"34 Industrial Park Pl Unit A-D, Middletown, CT 06457, USA",Home Remodeling,~15mi zone,True,95,Tee Box,
1bebbe59-d4c2-44e9-b064-ac5bd8c1323d,Our House Design & Construction,(203) 794-0304,http://ourhousellc.com/,4.9,87,"77 Main St N #101, Southbury, CT 06488, USA",Home Remodeling,~15mi zone,True,95,Tee Box,
9f515ab7-357f-4227-863c-7bbfc52d3698,Housecraft Home Remodeling,(203) 290-2000,https://www.housecrafthomeremodeling.com/,4.7,13,"163 Governors Hill Rd, Oxford, CT 06478, USA",Home Remodeling,~15mi zone,True,95,Tee Box,
3e0bcd13-085b-47f6-9f5b-ca075b7fdedc,Landmark Home Improvements LLC,(475) 364-5515,http://www.landmarkhomeimprove.com/,5.0,5,"36 Elaine Dr, Southbury, CT 06488, USA",Home Remodeling,~15mi zone,True,95,Tee Box,
54cd6023-3e52-4bf6-a1d4-90a8d9276b11,Alan Dinsmoor Contracting Services,(203) 910-5005,http://alandcs.com/,4.8,17,"429 Long Meadow Rd, Middlebury, CT 06762, USA",Home Remodeling,~15mi zone,True,95,Tee Box,
ff8f649f-9c72-433d-af39-f2e81d39a433,A&D Home Remodeling llc,(860) 488-6091,https://ad-remodeling.com/,4.9,104,"697 Cedar St, Newington, CT 06111, USA",Home Remodeling,~15mi zone,True,95,Tee Box,
ad07bc5b-94e2-46c9-9485-b086b2e61e1d,KB Build LLC,(860) 878-7876,https://kbbuildllc.com/,5.0,12,"1014 Wethersfield Ave, Hartford, CT 06114, USA",Home Remodeling,~15mi zone,True,95,Tee Box,
ed0ecec9-2fd3-403e-bc26-ae83195928c7,My Home Kitchen + Bath,(860) 321-4327,https://myhomekitchenandbath.com/contact-us?utm_source=google&utm_medium=organic&utm_campaign=gmb,4.9,33,"2231 Berlin Tpke, Newington, CT 06111, USA",Home Remodeling,~15mi zone,True,95,Tee Box,
ccb99bf3-5602-47ba-af3a-464b2e084a1a,"Recovery Restoration, LLC",(860) 480-3779,https://www.recoveryrestorationllc.com/,5.0,49,"17 Beaver View Ct, Woodbury, CT 06798, USA",Home Remodeling,~15mi zone,True,95,Tee Box,
25a056f7-1e23-4606-a3ea-0099c0b98c0a,We Improve For You LLC,(475) 257-1182,http://weimproveforyou.com/,4.8,64,"1204 Main St STE 259, Branford, CT 06405, USA",Home Remodeling,~15mi zone,True,95,Tee Box,
c3593571-ebc9-4013-aef9-893417cad0b2,Best Home Remodeling CT,(203) 615-4789,https://besthomeremodelingct.com/,5.0,5,"53-59 School Ground Rd #13, Branford, CT 06405, USA",Home Remodeling,~15mi zone,True,95,Tee Box,
e424e485-b01d-435b-8b13-69ac83dab4b2,Building Concepts,(203) 643-0091,http://www.buildingconceptsct.com/,4.8,45,"302 E Main St, Branford, CT 06405, USA",Home Remodeling,~15mi zone,True,95,Tee Box,
62d7123c-da66-4d22-8724-cc718b6f7e19,cova home design llc,(203) 204-3979,https://covahomedesignllc.com/,5.0,4,"1204 Main St, Branford, CT 06405, USA",Home Remodeling,~15mi zone,True,95,Tee Box,
43bbf675-fc7d-46cf-a491-7660fa0c9d85,Ivy Homes,(203) 442-9412,https://ivyhomesct.com/contact?utm_source=google&utm_medium=organic&utm_campaign=gmb,5.0,8,"5 Foxon Rd suite 8, North Branford, CT 06471, USA",Home Remodeling,~15mi zone,True,95,Tee Box,
daf0ea13-313d-44b3-a1ca-d57d5210140c,CT Home Construction LLC,(203) 954-6484,https://cthomeconstruction.com/,5.0,3,"9 Brookwood Ln, Shelton, CT 06484, USA",Home Remodeling,~15mi zone,True,95,Tee Box,
dcb1bfa4-609e-49ef-8b9f-85f895bedc20,RIDGE Remodeling LLC,(203) 668-0016,https://ridgeremodelingct.com/,5.0,6,"2 Jonathan Ln, Shelton, CT 06484, USA",Home Remodeling,~15mi zone,True,95,Tee Box,
0cbff3ef-0abc-450c-bb09-29136e50b899,KDM Kitchens LLC,(203) 250-6445,https://kdmkitchens.com/,4.8,24,"132 S Main St, Cheshire, CT 06410, USA",Home Remodeling,~15mi zone,True,95,Tee Box,
007b11f1-267d-4768-a6b3-d55303ff2582,Expert Kitchens and Baths,(860) 410-5122,http://expertkitchensct.com/,4.8,19,"161 Woodford Ave STE 1, Plainville, CT 06062, USA",Home Remodeling,~15mi zone,True,95,Tee Box,
bc3fc8de-27ad-4524-b058-16c4c80c2281,Award Kitchen & Bath,(860) 719-6260,https://awardkb.com/?utm_source=NEXT&utm_medium=Google_website,5.0,24,"2 Whiting St, Plainville, CT 06062, USA",Home Remodeling,~15mi zone,True,95,Tee Box,
92d20f67-27e2-43e3-89f7-9f8bdf72b18d,Kitchen Advantage,(203) 764-2056,http://www.kitchenadvantage.com/,4.7,48,"276 State St, North Haven, CT 06473, USA",Home Remodeling,~15mi zone,True,95,Tee Box,
bf6935d1-69d6-4fcd-947e-67ecf4ca5e30,The Kitchen Company,(203) 288-3866,https://thekitchencompany.com/,4.4,35,"370 Sackett Point Rd, North Haven, CT 06473, USA",Home Remodeling,~15mi zone,True,95,Tee Box,
10bdb030-b94e-4be2-86e9-06ec10a37b9a,Kitchen Design Center,(203) 799-0587,http://www.kitchendesigncenter-ct.com/,5.0,3,"278 Boston Post Rd, Orange, CT 06477, USA",Home Remodeling,~15mi zone,True,95,Tee Box,
bcbaa5d4-55ba-4be5-94d0-73bdb7ed6fab,M & R Kitchens + Baths,(203) 678-4615,https://www.mrkitchenandbath.com/,5.0,32,"150 N Plains Industrial Rd, Wallingford, CT 06492, USA",Home Remodeling,~15mi zone,True,95,Tee Box,
a3a53132-45fd-44b8-807c-1604b8331f0e,Galleria Dream Kitchen and Bath,(860) 343-7004,https://galleriadreamkitchens.com/,4.9,17,"234 Middle St, Middletown, CT 06457, USA",Home Remodeling,~15mi zone,True,95,Tee Box,
10750c20-b5a4-4a7d-8b70-0d9974039468,Marble Design & Renovation LLC,(203) 501-2577,https://marbledesignllc.com/,4.9,54,"365 Christian St, Oxford, CT 06478, USA",Home Remodeling,~15mi zone,True,95,Tee Box,
9e0cb6b4-10b2-4d86-b62c-50916cecf10c,Southbury Kitchens,(203) 264-4800,https://www.southburykitchens.com/,5.0,19,"77 Main St N Suite 111, Southbury, CT 06488, USA",Home Remodeling,~15mi zone,True,95,Tee Box,
74e53eab-ec6c-4321-ac34-b1e9a32bc19f,Holland Kitchens & Baths LLC,(860) 236-3111,http://www.hollandkitchens.com/?utm_source=gbp&utm_medium=organic,4.7,12,"590 New Park Ave, West Hartford, CT 06110, USA",Home Remodeling,~15mi zone,True,95,Tee Box,
68c7430d-be06-4f76-99f7-e0ebd4f546f8,Superior Kitchen and Bath,(860) 215-3079,https://www.superiorkitchenandbaths.com/,4.6,40,"199 Shunpike Rd, Cromwell, CT 06416, USA",Home Remodeling,~15mi zone,True,95,Tee Box,
ce12430d-dc5b-492d-ae29-4bef4aa21369,Better Built Kitchens and Bathrooms,(860) 829-8587,https://betterbuiltkitchensandbathrooms.com/,3.5,33,"239 Christian Ln, Berlin, CT 06037, USA",Home Remodeling,~15mi zone,True,95,Tee Box,
3f20d45f-62de-47f4-ba2c-0c04749993e4,DreamMaker Bath & Kitchen,(860) 665-8094,https://dreamkitchenct-kitchenremodeler.business.site/?utm_source=gmb&utm_medium=referral,4.4,42,"65 Louis St # G, Newington, CT 06111, USA",Home Remodeling,~15mi zone,True,95,Tee Box,
9fbbbb72-c584-4971-a2a2-2f5848014177,Express Kitchens: Newington,(860) 436-3686,https://expresskitchens.com/newington-showroom/?utm_source=google&utm_medium=organic&utm_campaign=GMBNW,4.1,104,"3311 Berlin Tpke, Newington, CT 06111, USA",Home Remodeling,~15mi zone,True,95,Tee Box,
dc7a1f8e-74f9-4880-8164-f41e8df0497e,West Hartford Finishing Co,(860) 953-5182,https://whfinishing.com/,4.6,55,"100 Vanderbilt Ave, West Hartford, CT 06110, USA",Home Remodeling,~15mi zone,True,95,Tee Box,
6f5195a9-1062-4a20-abdb-60689ae4daaa,Jorge Builders,(959) 201-1448,https://jorgebuilders.com/,5.0,6,"130 Waverly Dr, Newington, CT 06111, USA",Home Remodeling,~15mi zone,True,95,Tee Box,
674b76ce-b3a6-49e4-9358-3d213ed38acf,Gozzo Design & Remodel LLC,(860) 236-9761,http://www.gozzodesignremodel.com/,4.7,6,"20 Jefferson Ave #9, West Hartford, CT 06110, USA",Home Remodeling,~15mi zone,True,95,Tee Box,
e96b14ff-81f4-4eb5-9ec7-26dab3b361b3,Express Kitchens: Southington,(860) 969-8693,https://expresskitchens.com/southington-showroom/,4.4,64,"958 Queen St, Southington, CT 06489, USA",Home Remodeling,~15mi zone,True,95,Tee Box,
2552f772-106a-4cdc-8fc8-c8ad1e15d8e9,CT Shower and Bath,(860) 236-6500,http://www.ctshowerandbath.com/,4.7,20,"555 New Park Ave, West Hartford, CT 06110, USA",Home Remodeling,~15mi zone,True,95,Tee Box,
cbcf1dac-7986-482c-836e-91b0353cdc1a,Michaud Enterprises LLC,(860) 677-7851,http://www.michaudenterprises.com/,5.0,4,"15 Reservoir Rd, Farmington, CT 06032, USA",Home Remodeling,~15mi zone,True,95,Tee Box,
7803fcf7-9fea-4ba1-8c95-b612b6945976,Hartford's Kitchen Factory LLC,(860) 216-6147,https://hartfordskitchenfactory.com/,4.9,32,"540 Flatbush Ave, Hartford, CT 06106, USA",Home Remodeling,~15mi zone,True,95,Tee Box,
db40bb14-327e-4a24-9364-4c2226e908e5,Kitchen & Flooring Depot,(860) 757-3330,https://www.website.kitchenflooringdepot.com/,4.5,42,"2434 Berlin Tpke #7, Newington, CT 06111, USA",Home Remodeling,~15mi zone,True,95,Tee Box,
8a98a3ef-87f1-48eb-ac52-8e60fc6c7be3,Red Door Kitchen & Bath Studio,(203) 458-1961,http://www.reddoorkbstudio.com/,5.0,3,"705 Boston Post Rd #2a, Guilford, CT 06437, USA",Home Remodeling,~15mi zone,True,95,Tee Box,
5e0784c9-a03a-4876-b455-3a62c5ec59b3,Dovetail Custom Kitchens,(203) 208-4211,https://dovetailcustomkitchens.com/,5.0,15,"1036 Main St, Branford, CT 06405, USA",Home Remodeling,~15mi zone,True,95,Tee Box,
1cc7c69d-80d2-4aef-8d35-4b353e227913,KNB Design LLC,(203) 777-6661,https://knbdesign.com/,4.6,82,"91 Shelton Ave, New Haven, CT 06511, USA",Home Remodeling,~15mi zone,True,95,Tee Box,
64ac7260-8f22-4799-9eec-042dcb00b5aa,Total Kitchens & Bath LLC,(203) 208-0191,https://totalkitchensandbath.com/,5.0,4,"121 Cedar St, Branford, CT 06405, USA",Home Remodeling,~15mi zone,True,95,Tee Box,
04890aa2-61ff-4933-a0a8-f43b640d407a,QuinnHaven Kitchen & Bathroom showroom,(860) 918-0388,https://www.quinnhavendesign.com/,5.0,13,"121 N Plains Industrial Rd Unit c, Wallingford, CT 06492, USA",Home Remodeling,~15mi zone,True,95,Tee Box,
7695d7b3-33fe-4a1d-b330-27457c78b132,Artisan Tile Kitchen and Bath,(203) 458-8453,http://artisantilekitchenandbath.com/,5.0,22,"1200 Boston Post Rd, Guilford, CT 06437, USA",Home Remodeling,~15mi zone,True,95,Tee Box,
a06c5b23-7a52-4b6f-92d1-3345c90acf77,"Everything Under the Roof, LLC",(203) 208-1042,http://www.eutronline.com/,4.0,4,"15 Olson Rd, North Branford, CT 06471, USA",Home Remodeling,~15mi zone,True,95,Tee Box,
aa4c3834-cf3a-404b-99b1-8a9769937f6e,Affordable Granite & Cabinets LLC,(203) 859-5514,http://www.affordablegranitect.com/,4.8,179,"11 Leonardo Dr, North Haven, CT 06473, USA",Home Remodeling,~15mi zone,True,95,Tee Box,
86791488-3947-4dc4-af40-eb75e44ec867,Kitchens by Pellegrino,(203) 308-2103,https://www.pellegrinokitchens.com/,5.0,15,"2693 State St, Hamden, CT 06517, USA",Home Remodeling,~15mi zone,True,95,Tee Box,
1a894f24-2940-4017-9f5c-bcd301ff0165,Onofrio's Total Construction,(203) 208-1970,,4.7,18,"121 Cedar St, Branford, CT 06405, USA",Home Remodeling,~15mi zone,True,95,Tee Box,
5e6953ed-b7ad-4137-aac6-3cb4d877df74,W.A. Marazzi Cabinets & Countertops,(203) 776-1331,https://www.marazzicabinets.com/,5.0,3,"109 Quinnipiac Ave, North Haven, CT 06473, USA",Home Remodeling,~15mi zone,True,95,Tee Box,
edcc1c33-0cec-42d1-98ea-d5c7a56eb817,Sorrento Home,(475) 347-9423,https://www.sorrentohomect.com/,5.0,6,"2614 Boston Post Rd, Guilford, CT 06437, USA",Home Remodeling,~15mi zone,True,95,Tee Box,
8be6b4cc-81fc-4dc0-ba2d-8b22e99bb840,"P.A.T. Installations LLC, Specializing In IKEA Kitchen Installations",(203) 466-3343,http://www.patinstall.com/,5.0,11,"115 Laura Ln, East Haven, CT 06512, USA",Home Remodeling,~15mi zone,True,95,Tee Box,
5342d595-6a1a-4b5c-94ed-1a0eb2d3cd17,Stone Lab Surfaces LLC,(203) 507-2175,http://www.stonelabct.com/,4.9,48,"23 Raccio Park Rd, Hamden, CT 06514, USA",Home Remodeling,~15mi zone,True,95,Tee Box,
dc8080eb-ae96-40b8-8052-f6033a132215,Common Vision,(203) 776-9800,https://commonvis.com/,5.0,3,"131 Leeder Hill Dr STE 8, Hamden, CT 06517, USA",Home Remodeling,~15mi zone,True,95,Tee Box,
79bc534d-56b8-45ce-a61c-7fb6c7bbc01a,Re-Bath,(860) 891-2643,https://www.rebath.com/location/hartford-newhaven/?utm_source=google&utm_medium=organic&utm_campaign=gmb,4.9,250,"20 Tuttle Pl Unit 1, Middletown, CT 06457, USA",Home Remodeling,~15mi zone,True,95,Tee Box,
89804a95-3cf1-4b38-b118-9639b1778f2f,Marquis Bath Remodeling,(860) 398-1914,http://www.marquisbaths.com/,4.6,10,"478 Main St, Middlefield, CT 06455, USA",Home Remodeling,~15mi zone,True,95,Tee Box,
c2adf3c3-52d1-4564-8cc6-de069b34455e,South Broad Paint & Home Center,(203) 774-4700,https://www.southbroadpaintcenter.com/,4.9,54,"1267 S Broad St, Wallingford, CT 06492, USA",Home Remodeling,~15mi zone,True,95,Tee Box,
11e67a67-1450-4823-940b-ba16028b088a,Mr. Resurface LLC,(203) 578-5260,https://mrresurface.com/,5.0,138,"1776 Meriden Rd unit 1b rear building, Wolcott, CT 06716, USA",Home Remodeling,~15mi zone,True,95,Tee Box,
0d3f8f51-e50a-405f-abac-39f8948d7c1e,MyBudgetBath.com,(203) 856-6052,http://www.mybudgetbath.com/,5.0,3,"437 Georges Hill Rd, Southbury, CT 06488, USA",Home Remodeling,~15mi zone,True,95,Tee Box,
da934939-e921-4c76-9c15-fc829abf3fb5,Belso Design & Build,(203) 941-6000,http://www.belsodb.com/,4.6,9,"47 Vernon St, Waterbury, CT 06708, USA",Luxury Interior,~15mi zone,True,95,Tee Box,
70ec83c0-1ad7-4649-8277-953496dfde89,Design by the Jonathans,(203) 557-3205,https://thejonathans.com/,4.9,49,"85 Willow St, New Haven, CT 06511, USA",Luxury Interior,~15mi zone,True,95,Tee Box,
aaf5419b-31f8-4e18-8167-d83cf234fad4,Studio Allie,(415) 533-2483,https://www.studioallie.com/contact/,5.0,3,"300 Bellevue Rd, New Haven, CT 06511, USA",Luxury Interior,~15mi zone,True,95,Green,
a8e04629-bd06-4abc-9861-68c695414cf1,House of Char Design,(203) 513-8456,http://houseofchardesign.com/,4.0,4,"475 Howe Ave, Shelton, CT 06484, USA",Luxury Interior,~15mi zone,True,95,Fairway,
daa0b988-7e86-48de-8a32-9311e7a72fc1,Design House Interiors,(203) 836-4909,http://www.designhousect.com/,5.0,48,"6 N Main St, Wallingford, CT 06492, USA",Luxury Interior,~15mi zone,True,95,Fairway,
c7620823-b3ff-4ac1-a2d6-4ac4a6d80a57,LDD Interiors,(860) 316-5718,http://lddinteriors.com/,5.0,7,"140 West St, Middlefield, CT 06455, USA",Luxury Interior,~15mi zone,True,95,Tee Box,
2ef9f785-2071-4595-aa4f-3f312092fa1b,Vision Staging,(203) 410-6759,https://visionstagingct.com/about,5.0,9,"750 N Farms Rd, Wallingford, CT 06492, USA",Luxury Interior,~15mi zone,True,95,Tee Box,
9e8ecfcf-1011-4765-9225-ec7a15e1c837,APK Designs LLC (Design Studio and Cabinetry Showroom),(203) 304-1270,http://www.apk-designs.com/,5.0,20,"103 S Main St, Newtown, CT 06470, USA",Luxury Interior,~15mi zone,True,95,Tee Box,
a341d9fc-05bf-4444-a5df-b2c8fb133ece,Kellie Burke Interiors,(860) 232-9128,http://www.kellieburke.com/,4.8,12,"1041 New Britain Ave, West Hartford, CT 06110, USA",Luxury Interior,~15mi zone,True,95,Tee Box,
a0e928c1-7bce-49ae-8497-d94a20080ad8,"MCK Interiors, LLC",(860) 985-6901,http://www.mckinteriors.com/,5.0,8,"85 Center St, Wethersfield, CT 06109, USA",Luxury Interior,~15mi zone,True,95,Tee Box,
5e499772-073d-469d-b5d5-6998cdb74a40,SLN INTERIORS,(860) 833-5652,https://www.slninteriors.com/,5.0,4,"SLN INTERIORS, LLC, 4 Main St, Farmington, CT 06032, USA",Luxury Interior,~15mi zone,True,95,Tee Box,
9a8def63-e88b-470f-8c47-052904ed70eb,SABIN VIEHLAND interior design,(203) 586-1114,http://sabinviehland.com/,4.8,12,"101 Main St S STE 2, Bethlehem, CT 06751, USA",Luxury Interior,~15mi zone,True,95,Tee Box,
b97d1d34-20fb-458c-be9b-f081792897c8,"Put It Together, llc",(203) 263-7836,https://putittogetherllc.com/,4.4,7,"122 S Pomperaug Ave ste 2b, Woodbury, CT 06798, USA",Luxury Interior,~15mi zone,True,95,Tee Box,
c984bb34-ca4d-4584-b040-60ea6f910069,Classy Closets CT,(203) 402-0440,http://www.classyclosetsct.com/,5.0,12,"105 Far Horizons Dr, Shelton, CT 06484, USA",Luxury Interior,~15mi zone,True,95,Fairway,
d83371e9-680e-40fd-a398-272833011f7a,California Closets - Monroe,(203) 924-8444,https://www.locations.californiaclosets.com/ct/connecticut,5.0,48,"164 Enterprise Dr, Monroe, CT 06468, USA",Luxury Interior,~15mi zone,True,95,Tee Box,
5799ec38-3a2e-4887-a653-cb4906610f4b,Nutmeg Table Company,(203) 519-5507,https://nutmegtablecompany.com/,5.0,19,"1691 Thomaston Ave Fourth Floor, Waterbury, CT 06704, USA",Luxury Interior,~15mi zone,True,95,Tee Box,
931e5f7c-3ce1-4748-8dd6-035d72606851,Urban Wood & Steel LLC,(203) 288-4834,http://www.urbanwoodandsteel.com/,5.0,3,"3800 Whitney Ave, Hamden, CT 06518, USA",Luxury Interior,~15mi zone,True,95,Tee Box,
81204cc7-acf7-4d72-af04-f63385ec9baa,Accolade Furniture,(203) 265-0524,http://www.accoladefurniture.com/,4.2,5,"340 Quinnipiac St #41, Wallingford, CT 06492, USA",Luxury Interior,~15mi zone,True,95,Tee Box,
9d9af846-98e4-4a8e-bc85-9d4b31db9115,Roska Upholstery,(203) 721-2498,https://www.roskaupholstery.com/,5.0,12,"127 Echo Lake Rd Unit 18, Watertown, CT 06795, USA",Luxury Interior,~15mi zone,True,95,Tee Box,
b8663336-eb92-4566-bf26-e08ad936ad24,Connecticut Upholstery,(203) 464-1488,http://www.connecticutupholstery.com/,4.9,55,"1456 Highland Ave Suite A, Cheshire, CT 06410, USA",Luxury Interior,~15mi zone,True,95,Tee Box,
8cfa056e-0437-45d1-826a-582fe124787b,Dusty Dude Woodworks,,https://www.dustydudewoodworks.com/,5.0,18,"1 Richmond Pl, Bristol, CT 06010, USA",Luxury Interior,~15mi zone,True,95,Tee Box,
c8d171a7-38d2-417b-8ac3-eb8e268915fa,Fairhaven Furniture,(203) 776-3099,https://fairhaven-furniture.com/?utm_source=google&utm_medium=organic&utm_campaign=Google+Business+Profile,4.8,150,"72 Blatchley Ave, New Haven, CT 06513, USA",Luxury Interior,~15mi zone,True,95,Fairway,owner in at 11 on 3/26
aae2125d-6efd-41d5-ae77-e9455133c782,Katahdin Furniture,(203) 777-5551,http://katahdin-furniture.com/,4.6,14,"60 Whitney Ave, New Haven, CT 06510, USA",Luxury Interior,~15mi zone,True,95,Tee Box,
1f0fb277-35f0-4aa2-a09f-8ef055e1a823,JMT'S Wood Shop,(203) 843-0462,https://jmtwoodshop.com/,5.0,4,"99 Cynthia Dr, West Haven, CT 06516, USA",Luxury Interior,~15mi zone,True,95,Flagstick,
940d8902-243e-4bc2-b141-058871268628,Lisy's Discount Furniture LLC,(475) 300-2129,http://lisysfurniturellc.com/,3.1,146,"523 Campbell Ave, West Haven, CT 06516, USA",Luxury Interior,~15mi zone,True,95,Tee Box,
06e0b2aa-e17f-4356-a05b-a33ad78ca504,Closetwood,(203) 292-0117,https://www.closetwood.com/,4.8,17,"2816 State St, Hamden, CT 06517, USA",Luxury Interior,~15mi zone,True,95,Do Not Call,
ba03a767-6683-4420-a0d4-334c94b82a97,Dinette Depot,(860) 666-5000,http://www.dinettedepot.com/,4.2,70,"2691 Berlin Tpke, Newington, CT 06111, USA",Luxury Interior,~15mi zone,True,95,Tee Box,
85190a5f-1e31-4e42-a4ae-30c535f96bbb,daCunha's Woodworks,(860) 529-3889,http://www.facebook.com/DACUNHASWOODWORKSLLC,5.0,1,"45 Noble St, New Britain, CT 06051, USA",Luxury Interior,~15mi zone,True,95,Tee Box,
80dbbfd8-c10d-4cfa-86b5-b144d940a851,Imperial Decorating & Upholstering,(860) 232-2277,http://imperialdecorating.com/,4.8,32,"41 Prescott St, West Hartford, CT 06110, USA",Luxury Interior,~15mi zone,True,95,Tee Box,
a5edc00b-7b0b-4930-bb9d-65839a90a569,Reworx,(860) 417-2858,http://www.reworxct.com/?utm_source=google&utm_medium=wix_google_business_profile&utm_campaign=7558492043510922432,4.9,42,"310 Watertown Rd, Morris, CT 06763, USA",Luxury Interior,~15mi zone,True,95,Tee Box,
efe1131c-ead4-4926-8e3c-e7aa59941443,grOv,(860) 845-0435,https://www.grovcollection.com/,5.0,3,"310-1 Watertown Rd, Morris, CT 06763, USA",Luxury Interior,~15mi zone,True,95,Tee Box,
4b48a9b1-4d6d-4f46-80aa-d718d622adef,Designable,(203) 626-1015,https://www.designablemakes.com/,4.8,13,"1102 Hoop Pole Rd, Guilford, CT 06437, USA",Luxury Interior,~15mi zone,True,95,Tee Box,
fe53ff25-ad4d-423d-8378-bf6f048f3a40,Jody's Recovery Room,(203) 488-9963,http://jodysrecoveryroom.com/,5.0,33,"540 E Main St # 15, Branford, CT 06405, USA",Luxury Interior,~15mi zone,True,95,Tee Box,
ca61899d-033b-4e40-ae56-faf2a930976b,Modern Oak,(203) 494-2131,https://www.modern-oak.co/,5.0,8,"235 Montowese St, Branford, CT 06405, USA",Luxury Interior,~15mi zone,True,95,Tee Box,
7695f8dd-2e97-48d4-aeb1-7be63b6f056c,Outdoor Lighting Design by Preferred Properties,(855) 879-5335,https://www.outdoorlightingdesign.com/,5.0,6,"1456 Highland Ave, Cheshire, CT 06410, USA",Luxury Interior,~15mi zone,True,95,Tee Box,
6c4f4f2a-f323-48bc-be78-69c78492b5b3,Preferred Properties Landscape and Masonry,(203) 250-1030,http://www.preferredpropertieslandscaping.com/,5.0,3,"1456 Highland Ave, Cheshire, CT 06410, USA",Luxury Interior,~15mi zone,True,95,Tee Box,
c9211005-64bf-467a-b3ab-9d992f35569f,Grand Light,(203) 828-6596,http://grandlight.com/,4.0,4,"104 Day St, Seymour, CT 06483, USA",Luxury Interior,~15mi zone,True,95,Tee Box,
265702bf-3bd6-44b3-aa7d-27d044185e4d,"Styld Accordingly, LLC",(203) 829-4595,https://www.etsy.com/shop/StyldAccordinglyLLC/edit?ref=seller-platform-mcnav,5.0,10,"76 Center St, Waterbury, CT 06702, USA",Luxury Interior,~15mi zone,True,95,Tee Box,
cb996af8-1f8e-4fa8-81e1-7bee42e921bd,Connecticut Lighting Centers,(860) 621-7585,https://www.ctlighting.com/,4.3,99,"50 Graham Pl, Southington, CT 06489, USA",Luxury Interior,~15mi zone,True,95,Tee Box,
17460f41-c014-4000-ab18-2fd18d86a112,The Lighting Quotient,(203) 931-4455,https://www.thelightingquotient.com/,4.0,4,"114 Boston Post Rd, West Haven, CT 06516, USA",Luxury Interior,~15mi zone,True,95,Tee Box,
178aca0a-8abe-4086-a3a4-8e86ea587440,Valley Lighting & Home Decor,(203) 736-6921,https://valleyhomelighting.com/,4.4,79,"3 Chestnut St, Ansonia, CT 06401, USA",Luxury Interior,~15mi zone,True,95,Tee Box,
6edfbffd-c6ad-4287-ae64-51c87b388c0e,"Torrco Design Center, Bath & Kitchen Showroom",(203) 479-6935,http://www.torrcodesigncenter.com/,5.0,9,"105 Hamilton St, New Haven, CT 06511, USA",Luxury Interior,~15mi zone,True,95,Tee Box,
a8605db4-35e0-4156-a1dc-58df1a8951fd,Your Lighting Source,(475) 655-7557,https://www.yourlightingsource.com/,4.2,26,"51 Railroad Ave, West Haven, CT 06516, USA",Luxury Interior,~15mi zone,True,95,Tee Box,
149b0fd3-de77-44ab-893c-aba5a071e2a4,Wallingford Lamp & Shade,(203) 269-2177,https://www.ctlamps.com/antique-restoration-rewiring-and-repair,4.7,27,"124 Center St, Wallingford, CT 06492, USA",Luxury Interior,~15mi zone,True,95,Tee Box,
ac9c5ec1-1bee-4243-acf0-488a831c98a4,Galleria Design Center | Middletown CT,(860) 346-1923,https://www.galleriadesigncenter.com/,4.6,36,"234 Middle St, Middletown, CT 06457, USA",Luxury Interior,~15mi zone,True,95,Tee Box,
0027e37d-3f09-4dff-8ca9-3d23c20aee3a,Lighting Affiliates Ltd,(860) 721-1171,http://lightingaffiliates.com/,4.8,5,"1208 Cromwell Ave UNIT E, Rocky Hill, CT 06067, USA",Luxury Interior,~15mi zone,True,95,Tee Box,
2adbc4ce-8bf7-4896-983e-da5058004dd2,Connecticut Lighting Centers,(860) 249-7631,https://www.ctlighting.com/,4.6,234,"312 Murphy Rd, Hartford, CT 06114, USA",Luxury Interior,~15mi zone,True,95,Tee Box,
2e07d60f-5208-450e-8081-ef954632683f,Restoration Lighting Gallery,(860) 493-2532,https://www.myrlg.com/,4.7,32,"312 Murphy Rd, Hartford, CT 06114, USA",Luxury Interior,~15mi zone,True,95,Tee Box,
2949ea0b-a4c5-4962-b8e2-fa2b2da262d2,i2Systems,(860) 567-0708,http://www.i2systems.com/,4.1,10,"355 Bantam Lake Rd, Morris, CT 06763, USA",Luxury Interior,~15mi zone,True,95,Tee Box,
5a71200d-6112-4713-8e9b-9680090d7d2b,Lightscapes,(203) 209-3162,http://lightscapesct.com/,4.9,18,"51 Ballaro Dr, Shelton, CT 06484, USA",Luxury Interior,~15mi zone,True,95,Tee Box,
e6c230ed-1975-4275-803d-f67fa71f5157,Lumenture,(203) 864-3333,http://www.lumenture.com/,4.8,24,"482 Pepper St, Monroe, CT 06468, USA",Luxury Interior,~15mi zone,True,95,Tee Box,
58b03fa9-1b25-4605-afed-c66a5d02c4c5,Valley Electric Supply Company,(203) 734-1635,https://valleyhomelighting.com/,4.4,16,"3 Chestnut St #2, Ansonia, CT 06401, USA",Luxury Interior,~15mi zone,True,95,Tee Box,
edbc0e4d-79c0-4bd6-ba99-c601cc36e82f,Kalmia Med Spa,(475) 206-0973,http://kalmiamedspa.com/,5.0,27,"104 Elm St, Cheshire, CT 06410, USA",Women-Owned,~15mi zone,True,95,Tee Box,
75aa7810-366f-4674-a739-a2fb971a83dc,Muse Medical Aesthetics,(475) 434-2960,https://musemedicalct.com/,5.0,17,"123 Union City Rd, Prospect, CT 06712, USA",Women-Owned,~15mi zone,True,95,Tee Box,
e8692fb2-f08a-4739-b9ba-304b9bb5841b,Luna Wellness & Aesthetics,(475) 342-4009,http://www.lunawellnessct.com/,4.9,67,"830 S Main St, Cheshire, CT 06410, USA",Women-Owned,~15mi zone,True,95,Tee Box,
e900e885-1161-49ab-a377-fb75a3834395,D'vine Medical Spa,(203) 528-4718,https://dvinemedspa.com/,4.8,64,"590 Middlebury Rd, Middlebury, CT 06762, USA",Women-Owned,~15mi zone,True,95,Do Not Call,
a223db18-3692-42e8-92be-efa9632a23a9,Pure Essence Center for Wellness and Aesthetics,(203) 721-5111,https://www.pureessencect.com/,4.9,41,"524 Wolcott Rd, Wolcott, CT 06716, USA",Women-Owned,~15mi zone,True,95,Green,emailed iole the owner but didnt speakwith her 
3b7632f2-1eaa-44e4-af67-5f53fd93c517,AM Wellness Spa,(203) 575-0083,https://amwellnessmedspawolcott.zoca.com/?utm_source=googlemaps&utm_medium=googlemapsprofile&utm_campaign=googlemaps,4.6,201,"372 Wolcott Rd, Wolcott, CT 06716, USA",Women-Owned,~15mi zone,True,95,Fairway,
e2b6b958-e861-4965-b4a0-12d448d578e4,"Re:nu 180 Medspa - Middlebury, CT",(860) 384-6555,https://renu180.com/,5.0,35,"835 Straits Turnpike, Middlebury, CT 06762, USA",Women-Owned,~15mi zone,True,95,Fairway,
7e7034c3-6e76-4d78-b6a7-005ec48eda7c,Privá MedSpa - Oxford,(203) 701-7700,https://www.privamedspa.com/,5.0,38,"315 Center Rock Green suite 9, Oxford, CT 06478, USA",Women-Owned,~15mi zone,True,95,Fairway,
7ccfdca9-0a33-4593-a597-324237cbf5fb,Rouge Medical Aesthetics,,http://rougemedicalaesthetics.com/,5.0,53,"125 Commerce Ct #6, Cheshire, CT 06410, USA",Women-Owned,~15mi zone,True,95,Tee Box,
870bd34b-d8ef-48d3-a11a-245a4a19cb35,Glo Med Spa CT,(860) 866-6927,http://glomedspact.com/,4.9,59,"710 Main St Building #3 Suite 12, Plantsville, CT 06479, USA",Women-Owned,~15mi zone,True,95,Fairway,
0f5ba4e1-8800-42e3-a701-bb9cddb263cc,The Beauty Spot MedSpa,(475) 254-9435,http://www.thebeautyspotmedspa.com/,5.0,46,"528 Washington Ave Suite 2, North Haven, CT 06473, USA",Women-Owned,~15mi zone,True,95,Fairway,
129fe48c-23fb-4dc3-89a9-354a587e90cf,Pure Medical Spa and Wellness Center,(475) 316-6294,http://puremedspaandwellness.com/,5.0,51,"530 Middlebury Rd #105a, Middlebury, CT 06762, USA",Women-Owned,~15mi zone,True,95,Tee Box,
f8b12294-c829-472e-b44e-d92f1695615b,Elysian Aesthetics Center,(203) 823-9139,http://www.elysianaestheticscenter.com/,4.4,26,"520 Washington Ave Unit 1110, North Haven, CT 06473, USA",Women-Owned,~15mi zone,True,95,Tee Box,
e8c0f5f8-f5d7-4492-9180-f900144bcd0b,Radiant Beauty & Health Oxford,(914) 589-6288,https://radiantbeautyandhealth.com/,4.4,41,"100 Oxford Rd Hm, Oxford, CT 06478, USA",Women-Owned,~15mi zone,True,95,Tee Box,
95e613dd-0114-4fb8-ba55-bd0eecc9446b,Gold Ivy Wellness | Women's Wellness & Aesthetics,(203) 806-0768,https://www.goldivywellness.com/,4.9,43,"Executive Suites, 900 Straits Turnpike 1st floor, Suite F, Middlebury, CT 06762, USA",Women-Owned,~15mi zone,True,95,Tee Box,
46f3947f-e1a7-46f7-a433-37a2488d57ed,Evanesco Laser Spa,(860) 338-0410,https://evanescolaserspa.com/,5.0,5,"1760 Watertown Ave, Oakville, CT 06779, USA",Women-Owned,~15mi zone,True,95,Tee Box,
787d6a1e-7090-477d-843c-9801bfd9f601,"Re:nu 180 Medspa - Southington, CT",(860) 384-6555,https://renu180.com/,5.0,92,"550 N Main St, Southington, CT 06489, USA",Women-Owned,~15mi zone,True,95,Tee Box,
3a878adf-9bba-4267-9acb-e7050a8fe520,Aria Medical Aesthetics,(860) 426-1363,http://www.ariamedicalaesthetics.com/,4.9,67,"941 Queen St, Southington, CT 06489, USA",Women-Owned,~15mi zone,True,95,Tee Box,
d00e6cdb-5ea5-4c9b-8e44-cd15ed358de4,Magnolia Med Spa,(860) 798-4600,https://www.magnoliamedspact.com/,4.9,49,"4 Forest Park Dr Suite 4-1-LB, Farmington, CT 06032, USA",Women-Owned,~15mi zone,True,95,Tee Box,
bcf20325-de0a-4278-a3f2-443fc2af7618,Heavenlee A European Head and Med Spa,(860) 609-7420,https://www.heavenleemedspa.com/,5.0,66,"17 Farmington Ave unit m 1, Plainville, CT 06062, USA",Women-Owned,~15mi zone,True,95,Tee Box,
9ecd9860-bf18-43fd-8d1c-c8ba1c67d3f7,Self-Image MedSpa,(860) 914-0648,https://www.selfimagemedspa.com/,5.0,58,"10 Forest Park Dr #1-B, Farmington, CT 06032, USA",Women-Owned,~15mi zone,True,95,Tee Box,
28e09e3c-e841-4cc8-8d7b-83bce3d1ae44,Grace Medical Aesthetics,(860) 578-4722,http://www.gracemedicalaesthetics.com/,4.8,47,"1095 West St Suite 4, Southington, CT 06489, USA",Women-Owned,~15mi zone,True,95,Tee Box,
76d7f538-fad7-4fca-ba67-260414f94eb4,Fletcher Medspa,(860) 839-6013,https://www.fletchermedspa.com/,5.0,78,"963 Queen St b, Southington, CT 06489, USA",Women-Owned,~15mi zone,True,95,Tee Box,
ef883da1-f975-4f36-a1fc-f4ee8ac10597,La France Medical Aesthetics,(860) 845-8296,http://www.lafrancemed.com/,4.7,104,"72 Pine St, Bristol, CT 06010, USA",Women-Owned,~15mi zone,True,95,Tee Box,
f7526f5f-3784-4fd9-92aa-a1cf74040119,Rendezvous MedSpa,(860) 973-8658,https://rendezvousmedspact.zoca.com/?utm_source=googlemaps&utm_medium=googlemapsprofile&utm_campaign=googlemaps,5.0,26,"641 Clark Ave, Bristol, CT 06010, USA",Women-Owned,~15mi zone,True,95,Tee Box,
c4a5455b-e980-483e-ab96-8f1031b1662c,Karyn esthetician,(203) 721-3439,http://karynmedspa.com/,5.0,12,"67 Bank St, Waterbury, CT 06702, USA",Women-Owned,~15mi zone,True,95,Tee Box,
c747be75-be2e-4287-b41c-ca2809778466,IV Hydration Lounge & Med Spa,(860) 283-4249,http://ivhydrationlounge.net/,4.5,46,"130 S Main St #1D, Thomaston, CT 06787, USA",Women-Owned,~15mi zone,True,95,Tee Box,
65a182a2-9a42-42e3-b005-819a9c9ffa24,Willow Facial Aesthetics,(860) 406-4188,https://www.willowfacialaesthetics.com/,5.0,15,"240 Main St Unit C, Farmington, CT 06032, USA",Women-Owned,~15mi zone,True,95,Tee Box,
63a5a123-ad9f-4a4b-833e-ba47d1f03260,Vive Vida Medical,(860) 614-0457,https://vivevidamed.com/,5.0,14,"4 Forest Park Dr Suite 4-1-LB, Farmington, CT 06032, USA",Women-Owned,~15mi zone,True,95,Tee Box,
ff958e0f-b5c7-4701-b829-72bbff8ab051,Blush Med Spa,(203) 263-9353,http://www.blushmedspact.com/,4.9,87,"33 Old Tavern Rd Suite B, Orange, CT 06477, USA",Women-Owned,~15mi zone,True,95,Tee Box,
562938f0-2924-4a1e-9eec-2a36e7581643,Vanity Medical Spa,(203) 551-1897,http://vanityisavirtue.com/,4.9,114,"515 Bridgeport Ave, Shelton, CT 06484, USA",Women-Owned,~15mi zone,True,95,Tee Box,
798372e9-61c6-4f63-bffd-2e0b913b099b,The Bella Medical Spa,(475) 269-5555,https://thebellamedicalspa.com/,4.8,40,"494 Bridgeport Ave, Shelton, CT 06484, USA",Women-Owned,~15mi zone,True,95,Tee Box,
844af863-1877-473e-b757-0359afc637cd,Charli Blake's Med Spa,(860) 750-9705,https://www.charliblakesmedspa.com/?utm_source=GBP,5.0,22,"2 Linsley St, North Haven, CT 06473, USA",Women-Owned,~15mi zone,True,95,Tee Box,
4c5731ab-f457-4af7-89ca-a7907c928cec,Onyx Wellness & Aesthetics,(860) 992-7148,http://www.onyxwellnessct.com/,5.0,39,"365 Hemingway Ave, East Haven, CT 06512, USA",Women-Owned,~15mi zone,True,95,Tee Box,
7aac94c7-429d-4d17-a22a-cfa3b09fd8bc,The RadianceMD,(475) 338-3496,https://theradiancemd.com/,5.0,83,"291 S Lambert Rd Suite 5, Orange, CT 06477, USA",Women-Owned,~15mi zone,True,95,Tee Box,
09cef140-7ded-4bf2-92ab-28767b0c1579,Vanity Medical Spa,(203) 551-1897,http://vanityisavirtue.com/,4.8,45,"2468 Whitney Ave, Hamden, CT 06518, USA",Women-Owned,~15mi zone,True,95,Tee Box,
91e9b4ba-86c9-4c94-885b-b897496b7df4,Transcend Medical Aesthetics,(860) 744-5186,https://www.transcendmedicalaesthetics.org/?utm_source=GBP,5.0,32,"400 Universal Dr N unit 429, North Haven, CT 06473, USA",Women-Owned,~15mi zone,True,95,Tee Box,
544fbcc1-cd6c-4722-b0ca-3e05d74a83c7,Highly Maintained Med Spa,(203) 296-3739,http://www.highlymaintained.com/,4.9,34,"900 Whalley Ave, New Haven, CT 06515, USA",Women-Owned,~15mi zone,True,95,Tee Box,
c34379de-9783-42c9-9ff3-4bf17b8f580f,Dolce Vida Medical Spa,(203) 513-8457,https://www.dolcevidamedspa.com/?utm_source=gmb_auth,4.7,83,"2590 Whitney Ave, Hamden, CT 06518, USA",Women-Owned,~15mi zone,True,95,Tee Box,
feebb67d-79d5-4acd-879c-d7489cf19d28,Luca Health & Wellness,(475) 207-2040,http://www.lucahealthandwellness.com/,5.0,12,"Inside Rebel Salon, 285 Nicoll St, New Haven, CT 06511, USA",Women-Owned,~15mi zone,True,95,Tee Box,
345e1351-2f22-4673-98fd-3bc270817251,Aura Aesthetics,(203) 671-0999,https://auraaestheticsct.glossgenius.com/,5.0,11,"251 W Main St Effortless, Branford, CT 06405, USA",Women-Owned,~15mi zone,True,95,Tee Box,
17843927-7938-4037-94d6-98db27708b44,Anti-Aging Centers of Connecticut,(203) 848-1484,http://aacofct.com/,4.8,231,"761 Campbell Ave, West Haven, CT 06516, USA",Women-Owned,~15mi zone,True,95,Tee Box,
277e7c2a-a5c6-42b4-b459-290adeb7ea04,Emira Aesthetics,(475) 241-3150,https://www.emiraaesthetics.com/,5.0,69,"493 Whitney Ave, New Haven, CT 06511, USA",Women-Owned,~15mi zone,True,95,Tee Box,
f791a670-ece0-4922-babd-a430d7d58571,Bel Lavi Medical Aesthetics,(860) 288-5088,https://bellavimedicalaesthetics.com/,5.0,204,"350 Center St Suite 212, Wallingford, CT 06492, USA",Women-Owned,~15mi zone,True,95,Tee Box,
881a1b8e-1dc1-472f-8fda-2f852d6fd6a5,Glow Medical Aesthetics,(203) 530-8991,https://www.glowmedspact.com/?utm_source=google&utm_medium=organic&utm_campaign=gbp,5.0,83,"172 Center St, Wallingford, CT 06492, USA",Women-Owned,~15mi zone,True,95,Tee Box,
fd43282e-a98e-49c5-97d4-272a3032ba88,Park Avenue Esthetics,(203) 793-7550,https://www.parkavenuesthetics.com/,5.0,246,"85 Barnes Rd Suite 108, Wallingford, CT 06492, USA",Women-Owned,~15mi zone,True,95,Tee Box,
3aec7e07-666c-4f60-bff1-fe2857a9d7a1,Aesthetics by Aimie Lynn,(203) 269-2875,https://www.aestheticsbyaimielynn.com/,5.0,10,"329 Main St STE 202, Wallingford, CT 06492, USA",Women-Owned,~15mi zone,True,95,Tee Box,
522ba35b-2b68-4086-8d29-62e7f7f208c5,The Vitality Lounge,(860) 573-6016,https://thevitalityloungect.com/?utm_campaign=gmb,5.0,22,"43 Hall Ave 1st Floor, Wallingford, CT 06492, USA",Women-Owned,~15mi zone,True,95,Tee Box,
878758b7-daf6-4cce-85d7-75de7d84b6ab,Look Aesthetics,(203) 804-1888,https://look-aesthetics.com/,5.0,22,"850 N Main Street Ext Westview Building 1, 2nd Floor, Wallingford, CT 06492, USA",Women-Owned,~15mi zone,True,95,Tee Box,
898cbc22-f4b8-4e39-8200-c367cebfb1e3,Everglow Medical Aesthetics,,https://www.everglowma.com/,5.0,6,"160 West St Ste 1A, Cromwell, CT 06416, USA",Women-Owned,~15mi zone,True,95,Tee Box,
85663412-15ca-4ea1-b782-d3af87d5b87c,"G MEDICAL AESTHETICS, PLLC",(203) 721-5254,https://gmedicalaesthetics.com/,4.2,5,"41 Poverty Rd 74 G, Southbury, CT 06488, USA",Women-Owned,~15mi zone,True,95,Tee Box,
263787dc-e766-4a07-a1aa-e0511c417c79,"DermAesthetics Anti-Aging, Laser & Medical Skin Care Center",(203) 699-6772,https://dermaestheticsct.com/,4.9,117,"348 Main St S, Southbury, CT 06488, USA",Women-Owned,~15mi zone,True,95,Tee Box,
70aa388e-b1ea-4437-965a-18e9323fd8d8,BLOOM skin+wellness,(718) 685-4669,https://bloomskinwellness.glossgenius.com/,5.0,191,"5 Riverside Rd suite 2, Sandy Hook, CT 06482, USA",Women-Owned,~15mi zone,True,95,Tee Box,
c3371ca1-f59d-469d-93a0-8521e0dc5388,Modern Glo Medical Aesthetic Skin Studio,(860) 431-3063,https://modernglofarmington.zoca.com/?utm_source=googlemaps&utm_medium=googlemaps&utm_campaign=googlemaps,5.0,79,"7 Brick Walk Ln, Farmington, CT 06032, USA",Women-Owned,~15mi zone,True,95,Tee Box,
0af6aecc-9bc6-4aa6-95a0-831923062493,La Bella Medical Aesthetics LLC,(860) 840-7300,http://www.labella.us/,5.0,248,"130 Birdseye Rd, Farmington, CT 06032, USA",Women-Owned,~15mi zone,True,95,Tee Box,
e90c8d00-8b19-4514-9721-c20ff831bd8a,Re:nu 180 Medspa,(860) 384-6555,https://renu180.com/,4.9,55,"262 Brockett St, Newington, CT 06111, USA",Women-Owned,~15mi zone,True,95,Tee Box,
e4996c58-5182-45da-90cc-571f0fba16ec,Premier Medical Aesthetics,(860) 499-4643,https://premiermedct.com/,5.0,121,"1091 Farmington Ave, Berlin, CT 06037, USA",Women-Owned,~15mi zone,True,95,Tee Box,
9dbfb2be-8e47-4ba0-b6ab-6edaf013f447,Laurel Hills Aesthetics and Wellness,(860) 500-6301,https://www.laurelhillsmedspa.com/,5.0,23,"142 Market Square, Newington, CT 06111, USA",Women-Owned,~15mi zone,True,95,Tee Box,
201a43bf-d78e-4f34-bd82-7b3245f614dc,Flawless Medical Aesthetics,(860) 729-4646,https://www.flawlessmedicalaesthetics.info/,5.0,14,"Entrance on the back of the building, 53 New Britain Ave suite 7, Rocky Hill, CT 06067, USA",Women-Owned,~15mi zone,True,95,Tee Box,
f05a3e92-468d-4037-a936-ddee0f2abd62,FemCare MedSpa,(860) 970-4302,https://femcaremedspa.com/,5.0,123,"20 Jefferson Ave Suite 2, West Hartford, CT 06110, USA",Women-Owned,~15mi zone,True,95,Tee Box,
6bd643cf-b02b-42a0-93fa-9c3fbfab89e5,Infinite MedSpa,,https://infinitemedspact.com/,4.6,80,"50 Progress Cir STE 6A, Newington, CT 06111, USA",Women-Owned,~15mi zone,True,95,Tee Box,
82206a40-890a-4606-a9ea-409061db1d0e,Beyond Beauty,(860) 888-7796,https://beyondbeautyct.com/,5.0,16,"100 Corporate Pl, Rocky Hill, CT 06067, USA",Women-Owned,~15mi zone,True,95,Tee Box,
ea238a3b-621c-46e6-a088-88aef323a22f,Lov MedSpa West Farms,(959) 203-7732,https://lovmedspa.com/,4.6,21,"1600 SE Rd #11, Farmington, CT 06032, USA",Women-Owned,~15mi zone,True,95,Tee Box,
72ce0ad1-983b-480c-b384-ece120e98fa6,Pure Skin MedSpa of Branford,(203) 208-4278,https://www.ctskin.com/,4.9,204,"1169 Main St, Branford, CT 06405, USA",Women-Owned,~15mi zone,True,95,Tee Box,
dcd880ed-6039-4902-a3ca-d328eae5c2c4,Truth Medical Aesthetics,(203) 484-3777,https://truthmedct.com/,5.0,171,"33 Water St unit 3, Guilford, CT 06437, USA",Women-Owned,~15mi zone,True,95,Tee Box,
5f792040-287d-4083-987f-a55c1dcc674a,DK Aesthetic Clinic Med spa,(475) 382-1056,https://www.dkaestheticclinic.com/,5.0,166,"375 E Main St Suite 4a, Branford, CT 06405, USA",Women-Owned,~15mi zone,True,95,Tee Box,
c8be1a25-de68-44ba-8232-b76eba5cfe46,Clarity Medical Aesthetics,(203) 903-1455,https://clarityct.com/,4.8,126,"1205 Boston Post Rd, Guilford, CT 06437, USA",Women-Owned,~15mi zone,True,95,Tee Box,
2bfddcf7-baf4-4169-bc6d-97a7962dd9c5,EBGlo,(203) 767-1118,https://www.ebglo.com/,5.0,25,"652 Boston Post Rd Unit 3 (rear building, Guilford, CT 06437, USA",Women-Owned,~15mi zone,True,95,Tee Box,
7181ed7a-2e7c-40e7-b459-5272e029097d,YOLO Laser Center & Med Spa,(203) 533-4560,https://www.yolomedspa.com/?utm_source=google&utm_medium=organic&utm_campaign=gbp&utm_term=YOLO-Laser-Center-%26-Med-Spa&utm_content=website,4.7,39,"1010 Village Walk, Guilford, CT 06437, USA",Women-Owned,~15mi zone,True,95,Fairway,
332eda3d-2269-4111-9d7c-cba4b3c88ccd,The Brown Skin Co.,,http://www.thebrownskinco.com/,5.0,88,"458 Grand Ave Suite 203, New Haven, CT 06513, USA",Women-Owned,~15mi zone,True,95,Tee Box,
dc80df3b-68c2-4c87-8522-1e87778619c3,A Better You At Skinsations,(203) 453-0368,http://www.abetteryouatskinsations.com/,4.9,87,"35 Boston St, Guilford, CT 06437, USA",Women-Owned,~15mi zone,True,95,Fairway,
697eae0a-38ad-4a66-ac5b-a4fe44a79c8d,Esana Plastic Surgery Center & MedSpa,(203) 562-7662,http://www.esanamedspa.com/,4.7,112,"1 Audubon St # 201, New Haven, CT 06511, USA",Women-Owned,~15mi zone,True,95,Tee Box,
4023ef4a-333a-47bf-b28e-93ab3877fdea,Esana,(203) 453-2323,http://www.esanamedspa.com/,4.9,103,"10 Long Hill Rd, Guilford, CT 06437, USA",Women-Owned,~15mi zone,True,95,Fairway,
655666b1-e748-44ac-92f5-798e32cc7022,Dolce Vida Medical Spa,(203) 513-8457,https://www.dolcevidamedspa.com/?utm_source=gmb_auth,4.9,236,"140 Monroe Turnpike # D, Trumbull, CT 06611, USA",Women-Owned,~15mi zone,True,95,Tee Box,
46f75745-b748-48c1-8014-d31d9c07c4e8,Radiant Beauty & Health Trumbull,(914) 559-7693,https://radiantbeautyandhealth.com/,4.6,103,"115 Technology Dr UNIT A103, Trumbull, CT 06611, USA",Women-Owned,~15mi zone,True,95,Tee Box,
3d26eee4-12e3-4e15-b53b-3ae8e1ac5387,Golden Aesthetics,(203) 785-0100,https://www.golden-aesthetics.com/,5.0,54,"125 S Main St, Newtown, CT 06470, USA",Women-Owned,~15mi zone,True,95,Green,call monday
a48363ab-cfd3-428e-b9cc-0a61bf56e4f4,Women's Choice Aesthetics / Mammography,(203) 445-0813,http://womenschoicect.com/,4.9,469,"115 Technology Dr Unit B301, Trumbull, CT 06611, USA",Women-Owned,~15mi zone,True,95,Tee Box,
04dbf1e6-4c09-44cd-9ee0-b295ee0eae38,"Alia Aesthetics Medical Spa -Filler, Botox, Nails, Waxing, Facials",(203) 441-7427,http://aliaaestheticsmedicalspa.com/,5.0,6,"10 Broadway, Trumbull, CT 06611, USA",Women-Owned,~15mi zone,True,95,Tee Box,
af10d8ed-9e86-4540-8546-f6cca6fb0bf7,M Spa and Skin Care,(203) 513-2258,http://mspaandskincare.com/,4.7,136,"61 Bridgeport Ave, Shelton, CT 06484, USA",Women-Owned,~15mi zone,True,95,Tee Box,
eb53b554-b09a-4d6c-928c-c490d5deb069,Sage Aesthetix,(860) 970-5974,http://sageaesthetix.com/,5.0,14,"421 Wolcott Rd, Wolcott, CT 06716, USA",Women-Owned,~15mi zone,True,95,Fairway,
1b070858-78f5-42fc-8cca-4c2f210e251e,The Luxe Practitioner,(203) 535-0391,https://www.theluxepractitioner.com/,5.0,21,"655 Saw Mill Rd STE 4, West Haven, CT 06516, USA",Women-Owned,~15mi zone,True,95,Tee Box,
900caca1-03c4-4634-9a23-0b500fd08905,MF ESTHETICS,(203) 308-5135,https://mfesthetics.square.site/,5.0,32,"908 State St Lowr Level, New Haven, CT 06511, USA",Women-Owned,~15mi zone,True,95,Tee Box,
42f10404-a7fd-46d0-99bc-861aa390ccb5,Luxe Beauty & Aesthetics LLC,(203) 996-8049,http://luxebeautyandaesthetics.com/,4.6,11,"Inside Browology + Aesthetics Suites, 1231 E Main St, Meriden, CT 06450, USA",Women-Owned,~15mi zone,True,95,Tee Box,
885f24fe-64cd-49ce-862c-19b2f5af36ad,Aesthetic Antidote,(203) 903-3513,http://www.aestheticantidote.com/,4.7,51,"271 Baileyville Rd, Middlefield, CT 06455, USA",Women-Owned,~15mi zone,True,95,Tee Box,
721f6ea7-5deb-412e-a8ed-e70f1e7ef1bf,Ophelia Medical & Aesthetics,(203) 260-3399,https://opheliamedspa.com/?utm_source=GBP,5.0,3,"87 S Main St, Newtown, CT 06470, USA",Women-Owned,~15mi zone,True,95,Tee Box,
ec99bdcd-e8f7-45bc-bd79-3578467f91f0,Sculpt Aesthetics,(203) 349-1438,http://sculptaestheticsct.com/,5.0,13,"32 Church Hill Rd Building E, Newtown, CT 06470, USA",Women-Owned,~15mi zone,True,95,Tee Box,
cb12d982-2a93-4fa8-b3c4-13a239b97c58,VIVID Aesthetics & Wellness,(860) 740-2016,http://www.vividaw.com/,5.0,87,"110 Court St #2B, Cromwell, CT 06416, USA",Women-Owned,~15mi zone,True,95,Tee Box,
1957072e-bccd-4eeb-a78d-91e0016a8e4c,Medical Aesthetics Bar,(860) 841-6403,https://vagaro.com/medicalaestheticsbar,4.4,7,"449 Silas Deane Hwy, Wethersfield, CT 06109, USA",Women-Owned,~15mi zone,True,95,Tee Box,
65ec8c34-aa78-4968-bb06-3b3dc67d0c5b,Bravo Medical Aesthetics,(860) 257-0470,http://www.bravomedicalaesthetics.com/,5.0,8,"825 Cromwell Ave, Rocky Hill, CT 06067, USA",Women-Owned,~15mi zone,True,95,Tee Box,
5bf64079-e1cc-46d4-8598-acba6d6d6617,Tatiana Rodriguez Aesthetics,(860) 719-8981,https://tatiana-rodriguez-aesthetics-107504.square.site/,5.0,25,"154 New Britain Ave, Rocky Hill, CT 06067, USA",Women-Owned,~15mi zone,True,95,Tee Box,
b35c690f-1a4e-4892-a0a3-df65a42d7f9d,On The Go Aesthetics,(860) 841-5106,https://www.vagaro.com/us03/onthegoaesthetics,5.0,18,"183 Montowese St A3, Branford, CT 06405, USA",Women-Owned,~15mi zone,True,95,Tee Box,
1559473d-5687-4e93-8870-2648a0b84628,Level Up Medical Aesthetics Institute,(203) 887-6943,https://levelupmai.com/,5.0,6,"50 York St, Guilford, CT 06437, USA",Women-Owned,~15mi zone,True,95,Tee Box,
985e9dcd-a907-4a92-b767-bc0974befaa1,A. Aesthetics,(203) 671-3869,http://atcrowley66.wix.com/aesthetics,5.0,44,"2821 Old Dixwell Ave, Hamden, CT 06518, USA",Women-Owned,~15mi zone,True,95,Tee Box,
ee9fa904-00b9-4ad1-b43f-7e3d015a8d48,Soleil Aesthetics {Modern Day Wellness Center},,https://www.vagaro.com/skinstudio94,5.0,14,"31 Washington Ave #1, North Haven, CT 06473, USA",Women-Owned,~15mi zone,True,95,Tee Box,
8f5d7f16-6f03-4a00-a527-fde0ab3f76f9,Align Studios LLC,(959) 216-8130,https://www.alignstudiosct.com/,5.0,95,"360 N Main St #3, Southington, CT 06489, USA",Women-Owned,~15mi zone,True,95,Tee Box,
b88bb0c5-21bf-467f-adfd-8852a2785281,Studio Centro Pilates,,https://studiocentropilates.com/,5.0,17,"123 Union City Rd, Prospect, CT 06712, USA",Women-Owned,~15mi zone,True,95,Tee Box,
6992f545-fda4-4888-b8d9-d99d5629c9fd,The Sanctuary Pilates and Yoga,(203) 984-5620,https://www.thesanctuaryct.com/,4.7,15,"332 Center Rock Green, Oxford, CT 06478, USA",Women-Owned,~15mi zone,True,95,Tee Box,
e1ab1bd0-eed4-43be-84cf-601d930abc5d,SPYNE Pilates Studio,(203) 519-7496,http://www.spynepilates.com/,5.0,23,"1255 Middlebury Rd #2-3, Middlebury, CT 06762, USA",Women-Owned,~15mi zone,True,95,Tee Box,
bae1ceef-11be-455f-a76a-234887c857df,Cheshire Pilates Studio,(203) 980-6591,http://www.cheshirepilates.com/,5.0,8,"355 Highland Ave #202, Cheshire, CT 06410, USA",Women-Owned,~15mi zone,True,95,Tee Box,
06547431-d5eb-4ac7-8ae0-e27a12232c2c,Phoenix Yoga & Wellness LLC,(203) 260-7383,http://phoenixyogact.com/,5.0,64,"39 New Haven Rd #10, Seymour, CT 06483, USA",Women-Owned,~15mi zone,True,95,Tee Box,
03a23144-95cb-46f0-92b1-b7b3406ec772,Physical Therapy & Pilates,(203) 272-3155,http://ptandpilates.com/,5.0,13,"288 Highland Ave, Cheshire, CT 06410, USA",Women-Owned,~15mi zone,True,95,Tee Box,
1f7cecdb-d767-492c-ac8e-6cd3ad1ce5b5,Soul n Body,(203) 654-9728,https://soulnbodywellness.com/,5.0,25,"2055 Meriden Rd, Cheshire, CT 06410, USA",Women-Owned,~15mi zone,True,95,Tee Box,
42b4056d-743e-43d6-b6ff-c6b98ac8c031,Evolve: Fitness for Body & Soul,(203) 671-6692,https://www.evolvewithlauren.com/,5.0,3,"45 Ives St, Hamden, CT 06518, USA",Women-Owned,~15mi zone,True,95,Tee Box,
725e8fb5-8034-4115-a9c9-362d85c8442e,Open Barre,,https://openbarrewithashley.com/,4.8,20,"408 Highland Ave, Cheshire, CT 06410, USA",Women-Owned,~15mi zone,True,95,Tee Box,
48a623bb-bda7-4c0b-bbdb-b47b819085b9,Ground Up Studio Pilates & Physical Therapy,(860) 421-3501,https://www.groundupstudioct.com/,5.0,7,"244 Main St 2nd flr, Farmington, CT 06032, USA",Women-Owned,~15mi zone,True,95,Tee Box,
fd8c4318-2de8-456d-8535-e71f8c51d887,Solana Sculpt,(860) 248-6135,https://www.solanasculpt.com/,5.0,26,"59A Whiting St, Plainville, CT 06062, USA",Women-Owned,~15mi zone,True,95,Tee Box,
3c9b6bd2-8d5a-403b-b434-f4138a9d42c5,Foresi's Individualized Training LLC,(860) 690-9796,http://www.stayfitconnecticut.com/,5.0,2,"around back, 122 Spring St Unit D4, Southington, CT 06489, USA",Women-Owned,~15mi zone,True,95,Fairway,
1924a56b-b0f5-463e-adf8-7299003a7252,Core Pilates,(475) 260-1055,https://corepilatesct.com/,5.0,38,"375 Bridgeport Ave, Shelton, CT 06484, USA",Women-Owned,~15mi zone,True,95,Tee Box,
6ed0b64d-f0f7-4a3a-bcb1-5badedf7d658,ALIGN Studio LLC,(203) 670-0765,https://alignstudio.square.site/?fbclid=PAAaZsDkAC_tG19Hzunrkek78OTEG1gmQUlvhgg1jxQ3awJB5yrWVgyZXJoxg_aem_ASUqAURdGuPJ9m8e3zm_h9HYl72y9vHKelbTxQ1HwvK-i9EgyLa1OwO8GJYT9Nm7j0s,5.0,60,"212 Crown St Floor 2, New Haven, CT 06510, USA",Women-Owned,~15mi zone,True,95,Tee Box,
300f5de6-9f37-4482-9c48-117762a9416f,Club Pilates,(203) 672-5998,http://www.clubpilates.com/newhaven/?utm_source=google.com&utm_medium=referral&utm_campaign=yext,4.4,87,"298 Crown St, New Haven, CT 06511, USA",Women-Owned,~15mi zone,True,95,Tee Box,
99cd18ac-9716-4133-afe1-7065cea8b05c,Pilates Haven,,http://pilateshaven.com/,4.9,28,"85 Willow Street FOX BLDG, New Haven, CT 06511, USA",Women-Owned,~15mi zone,True,95,Tee Box,
26556dc7-ff13-4974-af15-c671783333db,Fitness & Pilates Wellness Center,(203) 922-9489,https://www.fitnessandpilatesct.com/,5.0,44,"25 Constitution Blvd S, Shelton, CT 06484, USA",Women-Owned,~15mi zone,True,95,Tee Box,
0ff17ab1-7eb9-4f9e-a26f-91589d0b1714,GLOW FITNESS LLC,,https://www.glowfitnessct.com/,5.0,19,"Lower Level, 100 Broadway, North Haven, CT 06473, USA",Women-Owned,~15mi zone,True,95,Tee Box,
c0c85364-172c-42f6-a2d5-1771e717b62c,New Haven Pilates,,http://www.newhavenpilates.com/,4.3,6,"Erector Square, 319 Peck Street, New Haven, CT 06513 Bldg 6W, Ste F next to Fresh Yoga, New Haven, CT 06513, USA",Women-Owned,~15mi zone,True,95,Tee Box,
dc912b43-db68-46dd-b286-3f00920fce3a,"Sweatfluence, New Haven",,https://www.sweatfluence.com/,4.8,164,"300 Crown St, New Haven, CT 06511, USA",Women-Owned,~15mi zone,True,95,Tee Box,
c9faebf1-8618-4159-8e2a-50414b7475d7,Divinely Rooted LLC,(203) 675-7155,https://www.divinelyrooted.com/,4.9,41,"33 N Main St, Wallingford, CT 06492, USA",Women-Owned,~15mi zone,True,95,Tee Box,
fa59295a-ae63-490a-827a-c9d2c7bcdd59,SPYNE Pilates Studio,(203) 671-6709,https://spynepilates.com/southbury/,5.0,13,"77 Main St N #204, Southbury, CT 06488, USA",Women-Owned,~15mi zone,True,95,Tee Box,
89997f69-edd6-4581-88de-29d844d3bc4c,The Pilates Room,(720) 323-7007,http://www.thepilatesroomct.com/,4.9,47,"220 Main St S, Southbury, CT 06488, USA",Women-Owned,~15mi zone,True,95,Tee Box,
c0bf34c2-e44e-44df-b83c-6d2afdcf9fc8,"Flow To Fit Yoga, LLC - Southbury",(203) 910-3141,http://www.flowtofityoga.com/,5.0,32,"134 Main St S, Southbury, CT 06488, USA",Women-Owned,~15mi zone,True,95,Tee Box,
dd76aedf-e4e5-4b91-8e71-9373fce01827,Personal Euphoria,(860) 748-7574,http://www.personaleuphoria.com/,5.0,16,"400 Hartford Ave, Wethersfield, CT 06109, USA",Women-Owned,~15mi zone,True,95,Tee Box,
00ee8b82-593a-4947-812b-75b17f286c49,Club Pilates,(959) 223-3298,https://www.clubpilates.com/location/newington/?utm_source=google.com&utm_medium=referral&utm_campaign=yext,3.4,7,"3313 Berlin Tpke Unit 5, Newington, CT 06111, USA",Women-Owned,~15mi zone,True,95,Tee Box,
747fc1a2-4e70-4f4a-a95e-341ce20e1ab8,Club Pilates,(860) 214-7055,http://www.clubpilates.com/westhartford/?utm_source=google.com&utm_medium=referral&utm_campaign=yext,4.4,52,"1445 New Britain Ave, West Hartford, CT 06110, USA",Women-Owned,~15mi zone,True,95,Tee Box,
aff2dec2-b468-48c2-b91c-1f11d10529f6,Pilates Defined,(860) 899-1515,http://www.pilates-defined.com/,4.7,23,"1143 New Britain Ave, West Hartford, CT 06110, USA",Women-Owned,~15mi zone,True,95,Tee Box,
6e2a66e9-dd55-47cb-83fe-c64d64fbd1e3,Core Barre Studio,(860) 938-8751,https://corebarrestudio.com/,5.0,22,"85 Market Square, Newington, CT 06111, USA",Women-Owned,~15mi zone,True,95,Tee Box,
4b863d33-1016-4e70-a7fb-49dfed360402,The Posture Bar,(860) 888-2819,http://www.theposturebar.com/,4.4,14,"780 Farmington Ave, Farmington, CT 06032, USA",Women-Owned,~15mi zone,True,95,Tee Box,
c8d89653-bbb3-4ae0-9862-b0002bd1f3f5,FAB Studio,(339) 987-0124,https://www.joinfabfitness.com/,5.0,7,"778 Farmington Ave, Farmington, CT 06032, USA",Women-Owned,~15mi zone,True,95,Tee Box,
79225158-50fe-44b0-8b5f-6c7ffc042936,Core Luxe Pilates LLC,(860) 477-5893,http://www.coreluxepilates.com/,5.0,50,"710 Bantam Rd Suite B, Bantam, CT 06750, USA",Women-Owned,~15mi zone,True,95,Tee Box,
b2c1da4f-9822-42bc-894b-ea7bd4646536,Simply Fit Junkies,(203) 527-5566,https://simplyfitjunkies.com/,5.0,73,"1650 Watertown Ave Suite 10A, Waterbury, CT 06708, USA",Women-Owned,~15mi zone,True,95,Tee Box,
78ef40c6-ae6f-40ed-82ee-5d5789cf9664,Coastal Core Pilates,(475) 301-4906,https://www.coastalcorepilates.com/,5.0,27,"23 S Main St, Branford, CT 06405, USA",Women-Owned,~15mi zone,True,95,Tee Box,
1d9c9af8-d834-4a3a-9647-b34c51b3a5e7,IMX Pilates North Branford,(203) 484-4440,https://www.imxpilates.com/connecticut/north-branford,5.0,8,"999 Foxon Rd, Twin Lakes Commons West 2nd Floor, North Branford, CT 06471, USA",Women-Owned,~15mi zone,True,95,Tee Box,
863c11db-8e45-456b-8d3b-8c606979a612,TrueForm Studio,,https://www.trueformstudio.com/,5.0,17,"2470 Boston Post Rd, Guilford, CT 06437, USA",Women-Owned,~15mi zone,True,95,Tee Box,
4e8ebb82-5bbd-4c05-86d0-ce05940e653f,NOMAD Yoga + Barre,(203) 430-6698,http://nomadyogabarre.com/,5.0,29,"500 Washington Ave Second Floor, Unit 1, North Haven, CT 06473, USA",Women-Owned,~15mi zone,True,95,Tee Box,
d490d877-302a-48b4-8921-3142dc19d446,KAR Pilates,(203) 216-8453,https://www.kar-pilates.com/,5.0,35,"6540 Main St suite 4, Trumbull, CT 06611, USA",Women-Owned,~15mi zone,True,95,Tee Box,
c43ce74f-278a-457d-af7b-f34fdd321b93,Balanced Pilates and Barre Studio,(203) 482-8423,https://balancedpilatesbarre.com/,5.0,8,"125 S Main St, Newtown, CT 06470, USA",Women-Owned,~15mi zone,True,95,Tee Box,
9f228dfc-33b1-46ff-8fbe-3f1f8b5fa362,PilatesYou,(203) 906-5246,https://www.pilatesyou.com/contact,5.0,15,"156 Roosevelt Dr, Seymour, CT 06483, USA",Women-Owned,~15mi zone,True,95,Tee Box,
3db672f1-4d38-4b32-be74-28c2d93e5721,CT Fitness Pros,(203) 922-2662,http://bookeo.com/ctfitnesspros,5.0,5,"576 Booth Hill Rd, Shelton, CT 06484, USA",Women-Owned,~15mi zone,True,95,Tee Box,
6e16bd87-04df-4bca-b223-08d771e96454,A Wellness Life,(203) 470-9909,http://awellnesslife.com/,5.0,5,"Monroe, CT 06468, USA",Women-Owned,~15mi zone,True,95,Tee Box,
6a6499b4-6752-44fe-a966-a0a819a87691,SoulSpace Yoga & Wellness,,http://www.yogasouthington.com/,5.0,11,"26-28 W Main St, Plantsville, CT 06479, USA",Women-Owned,~15mi zone,True,95,Tee Box,
6684d01e-21eb-47a9-871b-4391a55ef005,The Network Yoga,(860) 426-3642,https://www.thenetworkyoga.com/,4.9,70,"The Network, 409 Canal St, Plantsville, CT 06479, USA",Women-Owned,~15mi zone,True,95,Fairway,
9ae9cc90-3771-44a3-9e3c-0a039f3b0284,Some Like It Hot Power Yoga,(203) 444-6779,http://somelikeithotpoweryoga.com/,4.8,40,"3588 Whitney Ave, Hamden, CT 06518, USA",Women-Owned,~15mi zone,True,95,Tee Box,
3d2bca5b-eb95-4384-9427-e66dbd9fd59a,Sattva Wellness Studio,(203) 695-4162,https://www.becomethedreamseeker.com/,5.0,10,"26 Hotchkiss St, Naugatuck, CT 06770, USA",Women-Owned,~15mi zone,True,95,Tee Box,
155cf649-5d1c-49fd-b879-441355fdc38e,AT Sangha Yoga Bethany,(203) 873-7568,http://www.atsanghayoga.com/,5.0,17,"696 Amity Rd, Bethany, CT 06524, USA",Women-Owned,~15mi zone,True,95,Tee Box,
c015c8d9-5284-4b46-9a3d-c035b2170d0c,The Om Center,(860) 417-3770,http://www.noplacelikeomcenter.com/,5.0,49,"27 Siemon Company Dr Suite 107W, Watertown, CT 06795, USA",Women-Owned,~15mi zone,True,95,Tee Box,
ac7ccd2f-21c0-47a3-b480-10b1189dc42a,The Yoga Room,,https://www.theyogaroomct.com/,5.0,15,"52 Waterbury Rd 2nd floor, Prospect, CT 06712, USA",Women-Owned,~15mi zone,True,95,Tee Box,
fc11d8d1-c470-4c70-acdc-fe99877caa1b,Divine Rose Wellness Center,(860) 426-0822,http://www.divinerose.net/,5.0,71,"76 N Main St, Southington, CT 06489, USA",Women-Owned,~15mi zone,True,95,Tee Box,
ea206fdd-384c-4096-a80f-6847d67906f3,"Fitness Fury X-perience, LLC",(203) 721-0349,http://www.theffxp.com/,4.7,7,"140 Homer St, Waterbury, CT 06704, USA",Women-Owned,~15mi zone,True,95,Tee Box,
dec68227-2c7b-4105-b618-1e4addf9d26a,Jazzercise Hamden Fitness Studio,(860) 966-5431,http://jazzercise.com/,5.0,3,"at Mt Carmel Congregational Church, 3284 Whitney Ave, Hamden, CT 06518, USA",Women-Owned,~15mi zone,True,95,Tee Box,
09674957-7ca8-46b5-9f2e-47dd3b879110,"Alchemy Massage, Yoga and Retreats",(860) 322-2006,https://alchemymassageandyoga.com/,5.0,10,"26-28 W Main St 2nd Floor, Plantsville, CT 06479, USA",Women-Owned,~15mi zone,True,95,Tee Box,
6590d401-c10b-400d-9a49-cffbf529632d,Nourished Roots Yoga,(203) 437-0353,http://www.nourishedrootsyoga.com/,4.9,54,"34 Main St, Thomaston, CT 06787, USA",Women-Owned,~15mi zone,True,95,Tee Box,
328a3380-91b1-411f-995d-ca8626b0342a,Clocktower Yoga,(860) 605-3918,http://www.sarahecarey.net/,5.0,17,"135 S Main St, Tower 2nd Floor, Thomaston, CT 06787, USA",Women-Owned,~15mi zone,True,95,Tee Box,
1d5f609e-5bd2-4ae6-aecc-e81deb67c9a8,Sky's The Limit - Aerial Fitness & Yoga,(860) 936-8552,http://www.skysthelimitafy.org/,5.0,9,"222 Main St, Farmington, CT 06032, USA",Women-Owned,~15mi zone,True,95,Fairway,
6d55927b-41cf-4ada-b47d-ed3e889915fb,Vital Life Center,(860) 479-0466,http://www.vitallifecenter.org/,4.4,66,"100 W Main St, Plainville, CT 06062, USA",Women-Owned,~15mi zone,True,95,Tee Box,
ff54e7d1-d4d0-40f2-b7a7-d20b797a58af,"Vibe Worldwide, LLC",,https://vibeworldwide.us/,5.0,17,"77 Whiting St, Plainville, CT 06062, USA",Women-Owned,~15mi zone,True,95,Tee Box,
8f57934b-cef8-4f83-a380-a55493489c3d,East Rock Shala,,https://www.eastrockshala.com/,4.9,28,"493 Whitney Ave 2nd Floor, New Haven, CT 06511, USA",Women-Owned,~15mi zone,True,95,Tee Box,
798af1ac-92c4-4154-a4d9-a406d58bfbea,Gandiva Yoga,(475) 441-3678,http://www.gandivayogact.com/,5.0,31,"59 Amity Rd Unit 7, New Haven, CT 06515, USA",Women-Owned,~15mi zone,True,95,Tee Box,
6eeeae22-0c7a-4858-ab20-d217305cc02a,bodinh yoga studio,,http://www.bodinh.com/,4.7,13,"270 Amity Rd #129, Woodbridge, CT 06525, USA",Women-Owned,~15mi zone,True,95,Tee Box,
a0157622-a8c7-4d55-a83c-fd62aec8b0bf,True Bikram Yoga,(203) 785-0844,http://www.truebikramyoga.com/,4.9,54,"Lower Level, 59 Elm St, New Haven, CT 06510, USA",Women-Owned,~15mi zone,True,95,Tee Box,
79ada71f-7e26-4d50-83c7-81fd10dd5b65,Breathing Room Yoga,(203) 562-5683,http://www.breathingroomct.com/,4.8,58,"216 Crown St, New Haven, CT 06510, USA",Women-Owned,~15mi zone,True,95,Tee Box,
24530419-2702-4a50-ba7e-db4b9cb67ad2,Kaia Yoga and Meditation North Haven,(203) 745-5462,https://www.kaiayoga.com/northhaven,5.0,3,"26 Broadway, North Haven, CT 06473, USA",Women-Owned,~15mi zone,True,95,Tee Box,
ba5f7092-d469-489f-9fd4-79f22983571d,Fresh Yoga,(203) 776-9642,http://www.freshyoga.com/,4.4,18,"319 Peck St # G8, New Haven, CT 06513, USA",Women-Owned,~15mi zone,True,95,Tee Box,
2be39e93-0c4c-4e93-a9e5-3ee12568ec59,Good Vibes Yoga Studio,(203) 824-1929,http://goodvibesyogastudio.massageplanet.com/,5.0,23,"4 Cooke Rd, Wallingford, CT 06492, USA",Women-Owned,~15mi zone,True,95,Tee Box,
0196a6d8-bcdc-4fd1-88b5-ae357a0aea7c,Starr Mill Yoga,(860) 740-4939,http://www.starrmillyoga.com/,5.0,28,"91 Beverly Heights, Middletown, CT 06457, USA",Women-Owned,~15mi zone,True,95,Tee Box,
dcc2afe8-a437-413d-a22d-62ae0c94a584,Kaia Yoga & Meditation - Downtown Wallingford,(203) 741-9936,https://www.kaiayoga.com/wallingford,5.0,24,"220 N Colony Rd STE D, Wallingford, CT 06492, USA",Women-Owned,~15mi zone,True,95,Tee Box,
9c96f911-dfa9-4c3a-a5e8-2f2768ecc234,Liz Hall Yoga,(860) 978-9534,http://www.lizhallyoga.com/,5.0,3,"328 Paddock Ave, Meriden, CT 06450, USA",Women-Owned,~15mi zone,True,95,Tee Box,
54936af2-295e-44d0-bf7f-279347782db7,The Movement Collective,(203) 507-8708,http://vagaro.com/themvmtcollective,5.0,20,"290 Pratt St Unit 1331, Meriden, CT 06450, USA",Women-Owned,~15mi zone,True,95,Tee Box,
894fead2-7988-4064-a3bf-2e83a5e04bb1,Transcend Fest,(203) 823-6378,https://www.transcendfest.com/,5.0,5,"99 Powder Hill Rd, Middlefield, CT 06455, USA",Women-Owned,~15mi zone,True,95,Tee Box,
995fc3c9-a1ec-48c3-b1b2-6291378069c3,Star Studio LLC,(203) 537-1836,http://starstudiollc.com/,5.0,8,"74 Cambridge St, Meriden, CT 06450, USA",Women-Owned,~15mi zone,True,95,Tee Box,
94d343e7-acfa-4323-93f8-38ed3ca392d9,Verbena Holistic Center,(860) 426-3787,http://verbenaholisticcenter.com/,4.9,50,"92 N Summit St Rear, Entry Floor 2, Southington, CT 06489, USA",Women-Owned,~15mi zone,True,95,Tee Box,
a8cd0fca-f3de-41ce-8c90-0c458268859a,The Newtown Yoga Center,,http://www.thenewtownyogacenter.com/?utm_source=google&utm_medium=wix_google_business_profile&utm_campaign=15552722636148227316,5.0,40,"78 South Main Street, 6 Glen Rd, Newtown, CT 06470, USA",Women-Owned,~15mi zone,True,95,Tee Box,
357dff7f-16f5-4e52-a7c6-c757c5ea4223,Woodbury Yoga Center,(203) 263-2254,http://www.woodburyyogacenter.org/,4.9,7,"122 Westside Rd, Woodbury, CT 06798, USA",Women-Owned,~15mi zone,True,95,Tee Box,
e1588e6c-da75-4036-9b2d-5499b2268529,Mind Soma Health,(203) 510-1975,http://www.mindsomahealth.com/,5.0,20,"175 Main St S #1b, Woodbury, CT 06798, USA",Women-Owned,~15mi zone,True,95,Tee Box,
8dee9e31-08af-4ee7-8a81-6f20c25b22c2,Herbs Love And Yoga,(917) 267-8203,http://www.herbsloveandyoga.com/,5.0,48,"111 Church Hill Rd Suite 1, Sandy Hook, CT 06482, USA",Women-Owned,~15mi zone,True,95,Tee Box,
18d32228-ef4e-4fe5-ad7f-9c268866c2ed,Newtown Wellness Collective,(203) 437-7999,https://www.newtownwellnesscollective.com/,5.0,9,"75 Glen Rd Suite 203, Sandy Hook, CT 06482, USA",Women-Owned,~15mi zone,True,95,Tee Box,
05edc2da-cf6a-4bd1-a4bb-115f410f88f4,Barre Boutique,(203) 491-2160,http://www.barreboutiquect.com/,5.0,44,"87 S Main St, Newtown, CT 06470, USA",Women-Owned,~15mi zone,True,95,Tee Box,
a9248ab4-6ae9-483e-ac50-01ec944b3935,"Evolution Yoga & Wellness Co., Newington CT",(860) 269-3929,https://www.evolutionyogaandwellness.com/,4.9,47,"122 Market Square, Newington, CT 06111, USA",Women-Owned,~15mi zone,True,95,Tee Box,
7bd40534-8f36-4709-a69a-ebc8fc09a863,West Hartford Yoga,(860) 953-9642,http://www.westhartfordyoga.com/,4.5,39,"23 Brook St, West Hartford, CT 06110, USA",Women-Owned,~15mi zone,True,95,Tee Box,
75249c1b-052f-431c-aba8-9b38a8562f92,Hot 11 Yoga Studio,,http://www.hot11yoga.com/,4.9,61,"412 Cromwell Ave, Rocky Hill, CT 06067, USA",Women-Owned,~15mi zone,True,95,Tee Box,
09888087-79bb-4b71-a364-1bfdf319d66f,Pip Yoga,(401) 261-4943,https://www.pipyogastudio.com/,5.0,3,"Entrance on Jefferson Street, 485 New Park Ave Unit C, West Hartford, CT 06110, USA",Women-Owned,~15mi zone,True,95,Tee Box,
1b13d356-4f31-4da2-bb7b-061a40f768f6,Peaceful and Prenatal,(860) 850-0525,http://peacefulandprenatal.com/,5.0,81,"33 Webster Square Rd, Berlin, CT 06037, USA",Women-Owned,~15mi zone,True,95,Tee Box,
55e307e2-3c32-4ffa-85cd-b8e163a98fb9,Kula Collective,(434) 962-5227,https://www.thekulacollective.org/,5.0,15,"499 Bantam Rd, Litchfield, CT 06759, USA",Women-Owned,~15mi zone,True,95,Tee Box,
870cdc00-333d-4563-8d05-75d9e279c53a,Lisa's Yoga Studio,,https://lisasyogastudio.com/,5.0,13,"235 N Main St, Branford, CT 06405, USA",Women-Owned,~15mi zone,True,95,Tee Box,
744e5cd9-3cf1-4329-9d4c-6917449cd266,Raven's Wing Yoga,(203) 488-9642,http://www.ravenswingyoga.com/,4.7,12,"19 S Main St, Branford, CT 06405, USA",Women-Owned,~15mi zone,True,95,Tee Box,
5433fdeb-e001-486f-af09-64a4a46d87ef,11:11 Yoga Studio,(860) 271-9674,http://1111yogastudio.net/,5.0,9,"1221 Village Walk, Guilford, CT 06437, USA",Women-Owned,~15mi zone,True,95,Tee Box,
7cc37cd6-7291-4eb4-9b00-2691a5eafae3,EBB and Flo Wellness,,https://ebbandflowellness.com/,5.0,48,"365 E Main St, Branford, CT 06405, USA",Women-Owned,~15mi zone,True,95,Tee Box,
fe8b9bd7-e1fb-42d7-967b-be65c82e5d11,CENTER Yoga + Wellness,(860) 669-9642,http://www.centeryogawellness.com/,5.0,7,"647 Boston Post Rd, Guilford, CT 06437, USA",Women-Owned,~15mi zone,True,95,Tee Box,
cb0b2e30-8d32-47a4-86c9-0afb4df41e45,One World Wellness Studio,(203) 998-5688,https://www.oneworldroasters.com/coffee-events.html,5.0,3,"967 N High St, East Haven, CT 06512, USA",Women-Owned,~15mi zone,True,95,Tee Box,
fe246828-8ce4-45db-97c8-d6a0ff1befcb,Full of Joy Yoga & Gardening,(203) 909-1535,http://fullofjoyoga.com/,5.0,3,"48 Norris St, Hamden, CT 06517, USA",Women-Owned,~15mi zone,True,95,Tee Box,
88258668-095c-41af-82e4-813287cbac49,Yoga Ayurveda Love,(203) 675-2195,https://www.yogaayurvedalove.com/,5.0,16,"85 Willow St 2nd Floor, New Haven, CT 06511, USA",Women-Owned,~15mi zone,True,95,Tee Box,
32af3482-b27a-4b71-bc29-67f2d5db4e5d,Full Circle Hot Yoga,(203) 590-2022,http://www.fullcirclehotyoga.com/,4.9,161,"477 Main St, Monroe, CT 06468, USA",Women-Owned,~15mi zone,True,95,Tee Box,
d2306584-28ac-425a-93bd-f69f7932ac14,Yogativiti,(203) 929-7979,https://www.yogativiti.com/,4.7,41,"3 Corporate Dr STE 201, Shelton, CT 06484, USA",Women-Owned,~15mi zone,True,95,Tee Box,
77909ad0-cbf5-4793-836d-82f08099f715,Mother's Embrace Yoga,(203) 414-2607,http://www.mothersembraceyoga.com/,5.0,3,"The Sports Center, 784 River Rd, Shelton, CT 06484, USA",Women-Owned,~15mi zone,True,95,Tee Box,
af64147b-a516-447f-8fdc-8b375eebbfca,Intrinsic Wellness Studio,(475) 231-1012,http://www.intrinsicwellnessstudio.com/,5.0,40,"105 Technology Dr, Trumbull, CT 06611, USA",Women-Owned,~15mi zone,True,95,Tee Box,
8450e486-8e00-4ff2-98e1-365f67175c58,Planiteventsbyyasony,(917) 747-1305,,5.0,30,"110 Bagley Terrace, Waterbury, CT 06705, USA",Women-Owned,~15mi zone,True,95,Tee Box,
38705a36-ca1c-455e-ac85-350cf9759fee,Jubilee Events,,http://www.eventjubilee.com/,5.0,30,"210 Maple Ave PO, Cheshire, CT 06410, USA",Women-Owned,~15mi zone,True,95,Tee Box,
bf1303d1-62ca-4cd4-9a76-7ca7c27044ca,Pink Olive Events,(203) 710-0245,https://pinkoliveevents.com/,4.9,56,"242 S Main St 2nd floor, Cheshire, CT 06410, USA",Women-Owned,~15mi zone,True,95,Tee Box,
fcfe62ab-d5c2-4236-a513-b32c5cfc656e,Crafts N Parties LLC,(475) 315-1345,http://www.craftsnparties.com/,5.0,5,"310 Wilson St, Waterbury, CT 06708, USA",Women-Owned,~15mi zone,True,95,Tee Box,
b029d2d9-acdd-4920-b0f6-6662bbcb67fb,SS Party Decor,(860) 924-9028,https://sspartydecor.com/,5.0,21,"25 Buena Vista Dr, Unionville, CT 06085, USA",Women-Owned,~15mi zone,True,95,Tee Box,
2569f116-98c9-4f0c-ae2b-44988c37002b,Elaborate Wedding & Event Planner LLC,(959) 888-1438,https://elaboratewep.com/,5.0,28,"357 N Main St, Bristol, CT 06010, USA",Women-Owned,~15mi zone,True,95,Tee Box,
9e6ad07e-8b06-4c31-9e0f-8aa7f1265a6f,Balloon Genius,(860) 351-4577,https://balloongenius.com/,5.0,22,"None, Farmington, CT 06032, USA",Women-Owned,~15mi zone,True,95,Tee Box,
a7f9f758-5bc5-4006-8f96-1e627e221c61,Nadia Lewis Celebrations,(646) 469-7695,http://www.nadialewiscelebrations.com/,5.0,17,"Riverview Ave, Shelton, CT 06484, USA",Women-Owned,~15mi zone,True,95,Tee Box,
df963bad-2413-4738-b069-8c53b71c0620,Beespokeco.com,(203) 996-0623,https://www.beespokeco.com/,5.0,11,"New Haven, CT 06515, USA",Women-Owned,~15mi zone,True,95,Tee Box,
fe71361f-b6c0-4cf7-916a-085fc8b5876a,"Love & Surprise, LLC",(203) 710-1313,https://lovensurprise.mihapp.co/,5.0,9,"83 Huntington Rd, New Haven, CT 06512, USA",Women-Owned,~15mi zone,True,95,Tee Box,
6e1d8e26-95bf-4ed5-9bbc-530a36d28cea,Creative Concepts by Lisa,(475) 441-7123,http://creativeconceptsbylisact.com/,4.9,51,"9 S Colony St, Wallingford, CT 06492, USA",Women-Owned,~15mi zone,True,95,Fairway,
6baf5212-c5e9-4dfa-be98-065587272294,RICO Entertainment Events,(860) 922-7426,http://www.ricoevents.com/,4.9,99,"14 W Main St, Meriden, CT 06450, USA",Women-Owned,~15mi zone,True,95,Tee Box,
c2b0b139-ae4b-45de-be29-722a23c49012,Two Vows Events LLC,(203) 525-3402,http://twovowsevents.com/,5.0,23,"61 Bridle Path Rd, Southbury, CT 06488, USA",Women-Owned,~15mi zone,True,95,Tee Box,
eab7785c-3157-4fe9-9f7b-bd964a85cfd0,Envisioned Events CT,(860) 265-5359,http://envisionedeventsct.com/,5.0,28,"2592 Berlin Tpke, Newington, CT 06111, USA",Women-Owned,~15mi zone,True,95,Tee Box,
fe256e29-a97c-4db8-883e-244eeccbb2c6,Wildflower Events + Design,(845) 797-4767,http://www.wildflowereventsdesign.com/,5.0,24,"114 Knollwood Rd, West Hartford, CT 06110, USA",Women-Owned,~15mi zone,True,95,Tee Box,
65305924-8009-4e97-9d78-7c60e71a527a,1st Love Events CT,(860) 249-3535,http://1stlovect.com/,4.8,89,"2315 Berlin Tpke, Newington, CT 06111, USA",Women-Owned,~15mi zone,True,95,Tee Box,
8e5a9a0c-8e62-4e03-84e4-243b8ed24d60,Gracefully Elite Floral & Events Design LLC,(203) 901-4422,http://gracefullyelite.com/,5.0,5,"1575 Thomaston Ave UNIT 8, Waterbury, CT 06704, USA",Women-Owned,~15mi zone,True,95,Fairway,
dcaa74a1-0122-4db2-abe9-564eb4e1ae82,My Color Events & Design LLC,(203) 548-7769,https://mycolorevents.com/,5.0,51,"1565 Monroe Turnpike, Monroe, CT 06468, USA",Women-Owned,~15mi zone,True,95,Fairway,
71d4a12d-fb51-490a-ad33-ba9ef560827d,Flowers From the Farm,(203) 248-2987,https://flowersfromthefarm.org/,5.0,62,"1035 Shepard Ave, Hamden, CT 06514, USA",Women-Owned,~15mi zone,True,95,Tee Box,
c2c6596d-b9d1-491c-aeb6-0963b1abaeaa,The Garden Path Florist,(860) 747-1099,https://www.gardenpathflorist.com/about-us,4.8,16,"1239 Shuttle Meadow Rd, Southington, CT 06489, USA",Women-Owned,~15mi zone,True,95,Tee Box,
c8b5e403-938a-4194-bf98-c53e74972b81,Urban Floral,(203) 441-4628,https://urbanfloral.net/,5.0,36,"1776 Meriden Rd Suite B, Wolcott, CT 06716, USA",Women-Owned,~15mi zone,True,95,Tee Box,
23325ea4-c27e-4423-b332-70898393fe65,In Bloom Event Designs by Powerstation Events,(203) 250-8500,https://www.powerstationevents.com/weddings/floral-decor,4.8,16,"1718 Highland Ave B, Cheshire, CT 06410, USA",Women-Owned,~15mi zone,True,95,Tee Box,
eea88f8c-b86f-47f0-84c5-e47c25ac806b,Waterbury Flower Shop & Gifts,(203) 575-7133,https://www.waterburyflowershop.net/,4.9,38,"335-B Meriden Rd, Waterbury, CT 06705, USA",Women-Owned,~15mi zone,True,95,Tee Box,
985d3aeb-ae75-40d7-a712-9352dbcc0219,Stylish Blooms Floral Studio,(860) 392-8045,http://www.stylishblooms.com/,4.9,47,"35 A Wooster Ct, Bristol, CT 06010, USA",Women-Owned,~15mi zone,True,95,Tee Box,
acd91c0a-f715-4f34-ae2d-9a0b9b9b46f5,BLOOM,(203) 800-4223,http://www.gatheratbloom.com/,5.0,43,"794 Edgewood Ave, New Haven, CT 06515, USA",Women-Owned,~15mi zone,True,95,Tee Box,
d861f4ca-42f7-474b-b209-9ba46f7b858e,Fozia's Flowers,(203) 393-9187,http://foziaflowers.com/,5.0,97,"1729 Dixwell Ave, Hamden, CT 06514, USA",Women-Owned,~15mi zone,True,95,Tee Box,
da4c06a3-82cb-421c-a48f-60b83a5c6465,The Flower Nook,(203) 404-6180,https://www.theflowernookct.com/,4.9,163,"193 State St, North Haven, CT 06473, USA",Women-Owned,~15mi zone,True,95,Tee Box,
7768eedf-ab73-42e2-906d-db10dacf2089,BLOSSOM SHOP,(203) 782-1550,http://www.blossomshopct.com/,4.5,90,"138 Orange St, New Haven, CT 06510, USA",Women-Owned,~15mi zone,True,95,Tee Box,
b9638414-cf95-4c43-9916-635b1fb72523,Fairy Meadow Flowers,,https://fairymeadowflowers.com/,5.0,39,"979 State St, New Haven, CT 06511, USA",Women-Owned,~15mi zone,True,95,Tee Box,
e0afbde2-4469-4cd4-b9a6-07bc671fd4b1,Dowling Flowers,(203) 288-5876,https://www.dowlingflowers.com/,4.8,64,"105 Sanford St, Hamden, CT 06514, USA",Women-Owned,~15mi zone,True,95,Tee Box,
2a8858a7-69b9-4bca-b63f-e45b7be66bfc,Hamden Florist,(203) 288-7272,https://www.hamdenflorist.com/?utm_source=google&utm_medium=gbp&y_source=1_MjA4OTM1NDgtNzE1LWxvY2F0aW9uLndlYnNpdGU%3D,4.6,60,"2340 Whitney Ave, Hamden, CT 06518, USA",Women-Owned,~15mi zone,True,95,Tee Box,
a02009ef-a1c2-4eeb-b61e-69de73502e62,Mae Flower and Gift Shop,(475) 224-5932,http://www.maeflowershop.com/,4.7,42,"302 Dixwell Ave, New Haven, CT 06511, USA",Women-Owned,~15mi zone,True,95,Tee Box,
f9cfea3d-98cd-44f6-95b4-f115295b3de5,Flowers by Lisa,(203) 468-6151,https://www.flowersbylisap.net/,4.4,68,"33 Hemingway Ave, East Haven, CT 06512, USA",Women-Owned,~15mi zone,True,95,Tee Box,
83508fe4-05d3-453c-a21a-ca1bc7bfeff1,Barnes House Of Flowers,(203) 269-6630,https://www.barneshouseofflowers.net/,4.5,22,"630 Washington Ave, North Haven, CT 06473, USA",Women-Owned,~15mi zone,True,95,Tee Box,
be285527-1fa2-4cdd-b5e5-542a1c3009b0,"Woodbury Floral Designs, LLC",(203) 266-9149,http://www.woodburyfloraldesign.com/,5.0,180,"15 Hollow Rd, Woodbury, CT 06798, USA",Women-Owned,~15mi zone,True,95,Tee Box,
900a22e9-d134-49ad-bfe3-7018f46d6ee0,House of Flora Flowers and More,(860) 953-5672,http://www.houseofflora.com/,4.6,197,"896 New Britain Ave, Hartford, CT 06106, USA",Women-Owned,~15mi zone,True,95,Tee Box,
4db9ac3a-bf4e-4263-a96e-b6221be1e580,Haworth's Flowers & Gifts,(860) 677-1684,http://www.haworthsflowers.com/,4.9,885,"47 Garden St, Farmington, CT 06032, USA",Women-Owned,~15mi zone,True,95,Tee Box,
b4ce0ced-1a33-4faf-8435-2ab766af4668,"Basia’s Flower Studio, LLC",(860) 594-4032,https://basiasflowers.com/,5.0,10,"33 Charles St, New Britain, CT 06051, USA",Women-Owned,~15mi zone,True,95,Tee Box,
10115f80-d69d-4dbd-af62-844f53cf8659,Kolami Floral,(860) 839-2071,http://www.kolamifloral.com/,4.8,37,"83 Main St, Newington, CT 06111, USA",Women-Owned,~15mi zone,True,95,Tee Box,
8146c8ca-9cbb-4f52-b0e8-1996a2bcac49,McInerney's Flower Shop,(860) 632-0789,http://www.mcinerneysflowershop.com/,4.8,97,"929 Middle St, Middletown, CT 06457, USA",Women-Owned,~15mi zone,True,95,Tee Box,
c2bea3c7-8916-4bfb-b229-601c5f6c90f1,Berlin Flower Shop,(860) 598-9020,http://www.berlinflowershop.com/?utm_source=google&utm_medium=organic&utm_campaign=gbp_website_link,5.0,18,"120 Mill St, Berlin, CT 06037, USA",Women-Owned,~15mi zone,True,95,Tee Box,
cca7f23b-e0be-4262-8a41-000d251cb64d,Brierley Johnson Florist,(860) 223-5492,https://www.brierleyjohnsonflorist.com/?utm_source=Google&utm_medium=Google+Maps&utm_campaign=Local,4.8,42,"87 High Rd, Kensington, CT 06037, USA",Women-Owned,~15mi zone,True,95,Tee Box,
167688cc-29f4-4161-aa4d-cf6d121ad3de,Any Occasion Creation Florist,(203) 553-4435,https://aocflorist.com/,4.6,99,"1090 Chapel St, New Haven, CT 06510, USA",Women-Owned,~15mi zone,True,95,Tee Box,
ee50dca9-bb94-4d62-89d5-45aa9af8906d,Wallingford Flower,(203) 265-1514,https://wallingfordflower.com/,4.9,163,"190 Center St, Wallingford, CT 06492, USA",Women-Owned,~15mi zone,True,95,Tee Box,
f092b1a3-ab31-45d5-a90e-a5dc904d4bec,Florals By Kait,(203) 208-1208,https://floralbykait.com/,4.9,119,"365 E Main St, Branford, CT 06405, USA",Women-Owned,~15mi zone,True,95,Tee Box,
4a590656-c97d-4d13-ac84-2f2d5dc00b8c,Cynthia's Flower Shop,(203) 481-3115,https://cynthiasflowershop.com/,4.8,156,"188 N Main St #1, Branford, CT 06405, USA",Women-Owned,~15mi zone,True,95,Tee Box,
9bc3ced6-0ad4-4688-909c-dfee441126f3,Roselatte flower,(646) 300-2955,http://roselatteflower.com/,4.9,10,"182 Crown St, New Haven, CT 06510, USA",Women-Owned,~15mi zone,True,95,Tee Box,
8b793c58-8fef-4f13-8077-519a45461fb7,Loreta Daka Floral Boutique LLC,(475) 225-6080,https://www.loretadaka.com/,5.0,41,"115 Ripton Rd, Shelton, CT 06484, USA",Women-Owned,~15mi zone,True,95,Tee Box,
40321a21-8d03-44b0-904b-a4eb8f57d6f9,Eden Florist LLC,(203) 220-8881,https://www.edenflorist.shop/?utm_source=google&utm_medium=gbp&y_source=1_MjAyMjI4ODE0Ni03MTUtbG9jYXRpb24ud2Vic2l0ZQ%3D%3D,5.0,9,"115 Main St Ste 8, Monroe, CT 06468, USA",Women-Owned,~15mi zone,True,95,Tee Box,
234971f8-c46f-4e7e-aa15-3519a90fef5a,Peach Blossom Boutique,,http://www.peachblossomboutique.com/,4.6,23,"306 Center Rock Green, Oxford, CT 06478, USA",Women-Owned,~15mi zone,True,95,Tee Box,
977918ff-512f-441b-9a03-a52dac4667cd,Flirt,(203) 287-0092,https://www.flirtboutiquect.com/,3.2,10,"3551 Whitney Ave # 1, Hamden, CT 06518, USA",Women-Owned,~15mi zone,True,95,Tee Box,
75c0701c-9fb9-443e-b629-779b8f22530a,Moyas Majesty,(475) 988-1002,http://www.moyasmajesty.com/,5.0,10,"459 Union St #1126, Waterbury, CT 06706, USA",Women-Owned,~15mi zone,True,95,Tee Box,
8fcbbc05-a9c3-4c61-b9b3-41e62483c476,The Barn Boutique & Gifts,(203) 691-8225,https://barnboutiquect.com/,4.4,13,"3210 Whitney Ave, Hamden, CT 06518, USA",Women-Owned,~15mi zone,True,95,Tee Box,
eb5cbba3-e538-4019-b6fd-90740a89ca7a,Paparazzi Boutique,(860) 274-0348,https://paparazziboutique.com/,4.6,19,"681 Main St, Watertown, CT 06795, USA",Women-Owned,~15mi zone,True,95,Tee Box,
fe43c57d-cbdc-4a44-bc61-95e525a2b88d,Sharon's Flower Boutique,(203) 993-5505,https://www.flowerboutiquect.com/,5.0,26,"536 Washington Ave A-B, North Haven, CT 06473, USA",Women-Owned,~15mi zone,True,95,Tee Box,
1680d607-01a6-41d6-a3eb-bcedea0366b9,ZarMi bra boutique LLC,(475) 675-2243,http://www.zarmibraboutique.shop/,4.9,75,"Quarry Walk, 316 Center Rock Green, Oxford, CT 06478, USA",Women-Owned,~15mi zone,True,95,Tee Box,
2533aed2-9ebc-4f86-b65d-d750397f5488,Tiny Threads Boutique,(203) 285-5048,http://www.tinythreads.com/,4.9,8,"448 Washington Ave, North Haven, CT 06473, USA",Women-Owned,~15mi zone,True,95,Tee Box,
8d3e1bb8-df1b-42c5-aef6-f608413c6124,Tickled Pink,(203) 888-8898,https://tickledpinkshoppe.com/,4.7,84,"23 Bank St, Seymour, CT 06483, USA",Women-Owned,~15mi zone,True,95,Tee Box,
9cdd0305-b1e7-4cef-8895-d0f42a1813e3,The Red Owl Jewelry and Gifts,(203) 439-0401,https://www.redowlgifts.com/,4.8,52,"205 Maple Ave, Cheshire, CT 06410, USA",Women-Owned,~15mi zone,True,95,Tee Box,
877790e5-3c1d-464b-ac44-d5ab034094a7,Demi & Co - a boutique hair salon,(860) 417-2496,http://demiandcohairsalon.glossgenius.com/,4.8,20,"595 Straits Turnpike Unit 5, Watertown, CT 06795, USA",Women-Owned,~15mi zone,True,95,Tee Box,
d3502e43-94cb-4999-bef3-1fa6ce32aec0,The Colour Boutique,(203) 907-8316,http://www.styleseat.com/thecolourboutique,4.7,36,"909 Prospect St suite 1a, Naugatuck, CT 06770, USA",Women-Owned,~15mi zone,True,95,Tee Box,
47942442-00f1-40de-8ec1-a9975e68e0d3,"Polished Beauty & Gift Boutique, LLC",(860) 426-0158,http://www.facebook.com/polishedbeautyboutiquect,5.0,22,"242 S Main St, Cheshire, CT 06410, USA",Women-Owned,~15mi zone,True,95,Tee Box,
73bb698e-59f8-4012-9c17-23c32ac938a0,Bu boutique,(475) 268-9535,http://buboutiquect.com/,5.0,30,"181 Hamilton Ave, Greenwich, CT 06830, USA",Women-Owned,~15mi zone,True,95,Tee Box,
e45e8e6c-3ad2-4ff0-b8e4-13c1899259c9,Dakota Stone Boutique,(860) 590-5400,https://www.dakotastoneboutique.com/,5.0,19,"1051 Farmington Ave Second Floor, Farmington, CT 06032, USA",Women-Owned,~15mi zone,True,95,Tee Box,
5f64633b-19a5-4c21-9987-e984b6206faa,Tamara Fashion stylist,(860) 590-5400,https://tamarafashionstylist.com/,5.0,4,"1051 Farmington Ave Fl 2, Farmington, CT 06032, USA",Women-Owned,~15mi zone,True,95,Tee Box,
a3f1d46a-e733-4f82-9dfd-2d90cf9c4a69,Timelesskick,(860) 310-8455,http://timelesskick.com/,3.4,10,"912 Terryville Ave, Bristol, CT 06010, USA",Women-Owned,~15mi zone,True,95,Tee Box,
25a5a570-8ab9-4e91-89ab-3e6dfddc3177,Twice As Good,(860) 276-4401,https://poplme.co/twiceasgood,4.8,6,"17 Farmington Ave Suite A6, Plainville, CT 06062, USA",Women-Owned,~15mi zone,True,95,Tee Box,
e0fe7bd5-0167-4ef3-817c-5a5a03f5e48f,Posh Pet Glamour Boutique,(203) 565-1876,https://poshpetglamourboutique.com/,4.2,5,"19 N Riverside Ave, Terryville, CT 06786, USA",Women-Owned,~15mi zone,True,95,Tee Box,
510120e5-a6da-4f36-b37e-7a4a6cb52d30,More Amour Boutique,(475) 333-0863,http://shopmoreamour.com/,5.0,15,"1130 Chapel St, New Haven, CT 06511, USA",Women-Owned,~15mi zone,True,95,Tee Box,
84ce041f-10f1-4f95-b90b-4109ebb422b7,dwell New Haven,(203) 691-6751,http://dwellnewhaven.com/,4.9,27,"1022 Chapel St, New Haven, CT 06510, USA",Women-Owned,~15mi zone,True,95,Tee Box,
b1fa3ed1-f744-477e-9243-b7f58ee27acb,idiom,(203) 782-2280,http://www.idiomboutique.com/,4.7,10,"1014 Chapel St, New Haven, CT 06510, USA",Women-Owned,~15mi zone,True,95,Tee Box,
71297e68-4f52-4230-b195-d63fceee1c72,Lou Lou Boutiques,(203) 687-4457,http://loulouboutiques.com/,4.2,17,"23 Broadway, New Haven, CT 06511, USA",Women-Owned,~15mi zone,True,95,Tee Box,
bbe13566-2af4-40a7-bee4-ea193c28eadc,Chocolate Angel Boutique,(203) 600-1585,https://www.chocolateangelboutique.com/,4.5,16,"429 Campbell Ave, West Haven, CT 06516, USA",Women-Owned,~15mi zone,True,95,Tee Box,
63fe47a7-31f4-48af-82de-d24d273f4fa1,Eastern Boutique,(203) 795-1488,https://www.easternboutiqueusa.com/,4.7,23,"254 Bull Hill Ln #2b, Orange, CT 06477, USA",Women-Owned,~15mi zone,True,95,Tee Box,
ee3f3d19-dee7-4d36-991b-5b6c37ab309c,Odeon Boutique,(203) 389-8704,https://www.odeonboutique.com/,5.0,7,"918 Whalley Ave, New Haven, CT 06515, USA",Women-Owned,~15mi zone,True,95,Tee Box,
83764cd4-b4f6-4efc-8a17-116a74d6008f,Shelton Gift Boutique,(203) 671-0040,http://www.sheltongiftboutique.com/,4.9,35,"415 Howe Ave, Shelton, CT 06484, USA",Women-Owned,~15mi zone,True,95,Tee Box,
ade36989-5561-4430-a133-6c97e8dc8728,High Rollers Boutique,(203) 535-1929,https://www.instagram.com/highrollersboutique203,5.0,3,"84 Farren Ave, New Haven, CT 06513, USA",Women-Owned,~15mi zone,True,95,Tee Box,
341db30b-14f7-470b-9160-843defd2d769,Indulge Day Spa and Boutique,(203) 691-8286,https://indulgedayspaandboutique.com/,4.9,27,"2005 Whitney Ave, North Haven, CT 06473, USA",Women-Owned,~15mi zone,True,95,Tee Box,
73af821e-7f0c-4745-8108-619a71b98d45,Deida's Fashion LLC,(203) 871-1454,https://instagram.com/deidas.fashion?igshid=MzMyNGUyNmU2YQ==,5.0,1,"3000 Whitney Ave, Hamden, CT 06514, USA",Women-Owned,~15mi zone,True,95,Tee Box,
44da1a76-1fe6-49b4-97bb-8c6e04fa809a,Smithmade Essentials,,https://smithmade-essentials.com/,5.0,4,"New Haven, CT 06515, USA",Women-Owned,~15mi zone,True,95,Tee Box,
231ae9b7-a936-4213-a47f-68a66d8ee947,Eleve,(475) 405-8442,http://thebrandeleve.square.site/,5.0,4,"190 Center St, Meriden, CT 06450, USA",Women-Owned,~15mi zone,True,95,Tee Box,
30d08c53-b036-4792-af7c-291805db66a5,Tesoro Artisan Gift Boutique & Gallery,(860) 704-0607,https://www.tesorouniquegifts.com/,4.5,28,"763 Hanover Rd, Meriden, CT 06451, USA",Women-Owned,~15mi zone,True,95,Tee Box,
05029bf3-6a2d-4f15-b1ad-37a795040cb1,The Dressing Room Boutique,(203) 269-4333,http://www.thedressingroomboutique.com/,4.5,49,"7 S Elm St, Wallingford, CT 06492, USA",Women-Owned,~15mi zone,True,95,Tee Box,
b7872f84-b1d7-4bbf-96ad-5ebd0748786a,Donna Bee's Designs,(203) 537-1851,http://www.donnabees.com/,5.0,2,"44 Milton Dr, Meriden, CT 06450, USA",Women-Owned,~15mi zone,True,95,Tee Box,
1b33e633-669d-45a0-a92b-a61225e22cb4,Dynamite Designs Boutique,(203) 269-4337,http://dynamiteboutique.com/,4.5,78,"By Appointment, 300 Church St, Wallingford, CT 06492, USA",Women-Owned,~15mi zone,True,95,Tee Box,
7d13a162-7b4f-4f4e-947f-b51f841a9c54,Strength and Grace Boutique,(203) 491-2090,https://www.strengthandgraceboutique.com/,5.0,10,"6 Glen Rd #101, Sandy Hook, CT 06482, USA",Women-Owned,~15mi zone,True,95,Tee Box,
6f4706ae-de11-48c5-a4c2-28698fac5419,La Maison Rouge Boutique,(860) 338-9400,https://www.lamaisonrougeboutique.com/,5.0,6,"4 Main St S, Woodbury, CT 06798, USA",Women-Owned,~15mi zone,True,95,Tee Box,
d5ecd071-941a-4fc7-b749-29facccd0476,Shop Cathy B,(203) 586-1919,http://www.shopcathyb.com/,4.7,6,"641 Main St S, Woodbury, CT 06798, USA",Women-Owned,~15mi zone,True,95,Tee Box,
ab16932e-f790-4be8-9ae8-40002de61195,Sabrina Style,(203) 304-1902,https://www.sabrinastyle.com/,4.1,129,"4 Washington Ave, Sandy Hook, CT 06482, USA",Women-Owned,~15mi zone,True,95,Tee Box,
9a77a3cd-9081-4ea5-874d-0c1af5a25333,Natural Appeal Boutique,(203) 405-3016,https://order.myquantic.com/?q=naturalQzc4NDk=,5.0,6,"134 Main St S, Southbury, CT 06488, USA",Women-Owned,~15mi zone,True,95,Tee Box,
20ff4687-80bb-4223-aeee-15ecd19e0d54,New Insights Metaphysical Boutique,(203) 204-6263,https://newinsightsboutique.com/,4.9,60,"111 Church Hill Rd, Sandy Hook, CT 06482, USA",Women-Owned,~15mi zone,True,95,Tee Box,
01aa5a02-a3ba-40a3-9aa4-cf801989e675,The Persnickety Bride,(203) 426-2598,http://www.thepersnicketybride.com/,4.9,176,"84a S Main St, Newtown, CT 06470, USA",Women-Owned,~15mi zone,True,95,Tee Box,
1b3572d7-f6d7-4846-8b50-593730064b11,Pink Moon Massage and Wellness Boutique,(203) 982-5129,https://www.pinkmoonmassageboutique.com/?utm_source=google&utm_medium=wix_google_business_profile&utm_campaign=16786736250652532240,5.0,8,"134 Main St S # 31C, Southbury, CT 06488, USA",Women-Owned,~15mi zone,True,95,Tee Box,
0f1bc4ab-7fc4-4491-8504-91012a5737cb,Queen Estelle's Boutique,(860) 993-0586,https://www.gloryteacups.com/,5.0,1,"943 Silas Deane Hwy suite 7, Wethersfield, CT 06109, USA",Women-Owned,~15mi zone,True,95,Tee Box,
ca6d7ed2-5a4e-4fbd-b806-63f2a2cd0903,Aaliyah's Boutique,,,5.0,1,"7 Glen St, New Britain, CT 06051, USA",Women-Owned,~15mi zone,True,95,Tee Box,
52070e2b-6d04-4846-9382-740716a743e6,Marijane Boutique,(203) 458-3933,http://www.marijaneboutique.com/,4.6,30,"57 Whitfield St #2658, Guilford, CT 06437, USA",Women-Owned,~15mi zone,True,95,Tee Box,
48440dfe-ef47-455f-8c2b-5402b819e620,"Ella, where She shops",(203) 453-4799,https://www.ellawheresheshops.com/,5.0,15,"90 Broad St, Guilford, CT 06437, USA",Women-Owned,~15mi zone,True,95,Tee Box,
f59711e2-8100-4458-a674-763cf85926bc,Hello Boutique,(203) 562-0204,https://helloboutique.com/,4.9,88,"2351 Boston Post Rd Suite 404, Guilford, CT 06437, USA",Women-Owned,~15mi zone,True,95,Tee Box,
0e3708d9-b703-4de2-afac-9ef669449ac6,Lille Shoppe,(203) 457-7096,https://www.lilleshoppe.com/,5.0,13,"23 Water St Unit 5, Guilford, CT 06437, USA",Women-Owned,~15mi zone,True,95,Tee Box,
5e432d97-c919-4a19-94b1-acf4f708e8e5,Possessions LLC,(203) 483-1885,https://possessionsclothingct.com/,4.9,9,"1074 Main St, Branford, CT 06405, USA",Women-Owned,~15mi zone,True,95,Tee Box,
cacde96d-44bf-47d8-bb5f-01dbfc8e8f1e,LuLu's Chichi Boutique,(203) 453-6887,,4.0,9,"75 Whitfield St, Guilford, CT 06437, USA",Women-Owned,~15mi zone,True,95,Tee Box,
b32e4255-52de-48e3-92a8-307a3f04d460,BoTique,,https://www.bo-tique.com/,5.0,6,"688 Boston Post Rd, Guilford, CT 06437, USA",Women-Owned,~15mi zone,True,95,Tee Box,
6349b1b6-0617-4aca-8966-017f88058689,Zongozon,(203) 823-6479,https://www.zongozonshop.com/?fbclid=PAZXh0bgNhZW0CMTEAAaf0X0PCjypRPqQ7q-eyFVo0DPDjqENVjVK1Ju3R86H_7O-SIk8kTC8NT1Qlrw_aem_kUQMq5_yZLDbwmZnCQq6xQ,5.0,5,"43 Whalley Ave, New Haven, CT 06511, USA",Women-Owned,~15mi zone,True,95,Tee Box,
3db85ce5-0c97-47cf-8e22-2b5e97481a46,"Avant Garde Salon, New Age Boutique & Wellness Center",(203) 481-8443,http://avantgardect.com/,4.9,29,"328 E Main St, Branford, CT 06405, USA",Women-Owned,~15mi zone,True,95,Tee Box,
9632c5fa-b84a-45dc-8ec1-f96a33b4bf5d,Allusions Salon & Boutique,(203) 483-2858,http://allusionshairsalon.com/,4.6,14,"1206 Main St, Branford, CT 06405, USA",Women-Owned,~15mi zone,True,95,Tee Box,
76331ebc-ce32-4ac1-9dae-a3d0de817efc,The Dancer's Boutique LLC / Down Under Tanning Salon,(203) 469-6637,https://www.thedancersboutique.com/,4.6,28,"224 Main St, East Haven, CT 06512, USA",Women-Owned,~15mi zone,True,95,Tee Box,
800cb8da-fc07-4712-8372-b2e22d3bf461,Elizabeth's Creations Bridal Boutique,(203) 933-7377,http://www.elizabethscreationbridalboutique.com/,4.6,18,"138 Campbell Ave, West Haven, CT 06516, USA",Women-Owned,~15mi zone,True,95,Tee Box,
8e687d91-d279-4a7c-ad7e-d55be8a4fbcd,Millie Jo's on Main,(203) 220-8596,https://milliejosonmain.com/,5.0,2,"444 Main St, Monroe, CT 06468, USA",Women-Owned,~15mi zone,True,95,Tee Box,
1afdc1c7-c75d-4be4-9264-107e1c922e3c,Jo Davi Salon & Boutique,(203) 374-7111,http://www.jodavisalon.com/,4.7,51,"140 Monroe Turnpike, Trumbull, CT 06611, USA",Women-Owned,~15mi zone,True,95,Tee Box,
498e8b9e-281f-402a-93d3-6e02b0e6c54a,Rumanoff's Jewelers,(203) 230-1199,http://www.rumanoffs.com/,5.0,214,"4130 Whitney Ave, Hamden, CT 06518, USA",Women-Owned,~15mi zone,True,95,Tee Box,
f769ee2e-0770-4fb6-846a-cf1a4862358d,Ruby's Jewelers,(203) 407-8668,,4.9,103,"3056 Whitney Ave, Hamden, CT 06518, USA",Women-Owned,~15mi zone,True,95,Tee Box,
3e00c2ac-987c-4120-bbe7-c2e0aa28d357,Marie's Jewelry,(203) 755-4653,http://www.mariesjewelry.com/,4.8,174,"2444 E Main St, Waterbury, CT 06705, USA",Women-Owned,~15mi zone,True,95,Tee Box,
82db54fa-4712-4a8d-9d6b-8d6055b7bf3e,Pergjoni Family Jewelers,(203) 249-9687,,4.9,146,"848 S Main St, Plantsville, CT 06479, USA",Women-Owned,~15mi zone,True,95,Tee Box,
dbcc1d4f-c510-4c10-b90c-0e60a59c9f93,Raymond's Jewelers,(860) 274-4300,http://www.raymondsct.com/,5.0,44,"637 Main St, Watertown, CT 06795, USA",Women-Owned,~15mi zone,True,95,Tee Box,
e5f70e30-1597-4e07-a3a1-1bb1ac27a3f9,AVRY Permanent Jewelry,(833) 931-8224,http://bookavry.com/,5.0,10,"57 Dodge Ave Ste 230, North Haven, CT 06473, USA",Women-Owned,~15mi zone,True,95,Tee Box,
ac3114bb-8e7d-4e65-a4d4-289ec23ed320,Mikraft Jewelry & Repairs,(203) 879-7464,http://mikraft.jewelershowcase.com/,4.8,50,"1800 Meriden Rd, Wolcott, CT 06716, USA",Women-Owned,~15mi zone,True,95,Tee Box,
d3c09ae4-d491-48b4-966f-0e19dd9f9107,Sullivan's Jewelers,(203) 598-3305,http://sullivansjewelry.com/,4.9,290,"403 Middlebury Rd, Middlebury, CT 06762, USA",Women-Owned,~15mi zone,True,95,Tee Box,
684c8af2-a901-454c-8ee8-b00486ab4a8b,Bradis Diamond Jewelry,(203) 297-7203,http://bradisdiamond.com/,5.0,7,"197 E Main St, Waterbury, CT 06702, USA",Women-Owned,~15mi zone,True,95,Tee Box,
49c9d7b4-5942-4b11-94fc-d21d6f2d1363,Mai Jewelry,(203) 591-1731,http://www.maijewelryct.com/,4.6,117,"495 Union St, Waterbury, CT 06706, USA",Women-Owned,~15mi zone,True,95,Tee Box,
9639504f-64d5-4819-8773-91ec590fb645,Ed's Jewelry LLC,(203) 757-0018,http://edsjewelry.jewelershowcase.com/,5.0,43,"625 Wolcott St, Waterbury, CT 06705, USA",Women-Owned,~15mi zone,True,95,Tee Box,
499b33a4-326c-424e-8243-64c9bfd92fe5,David Jewelers,(860) 417-6551,http://www.davidjewelersct.com/,4.7,37,"750 Straits Turnpike, Watertown, CT 06795, USA",Women-Owned,~15mi zone,True,95,Tee Box,
605cebbd-8fa3-430a-8882-fd2dfddfa910,"DW Gem Services, LLC",(877) 271-4367,https://www.dwgems.com/,5.0,85,"355 Highland Ave Suite 201B, Cheshire, CT 06410, USA",Women-Owned,~15mi zone,True,95,Tee Box,
b2ebf1b9-8f3e-4ca3-b56f-d3ef2c959e1b,Di Lustro Jewelry Mfr,(203) 469-8214,http://dilustrojewelry.com/,4.9,57,"280 Main St #280, East Haven, CT 06512, USA",Women-Owned,~15mi zone,True,95,Tee Box,
28351c3f-2572-42c2-aadd-6f4464fdd63e,Westville Jewelers,(203) 387-9800,https://westvillejewelers.com/,4.9,27,"901 Whalley Ave, New Haven, CT 06515, USA",Women-Owned,~15mi zone,True,95,Tee Box,
8d4f9e39-b4a2-4500-82b0-bbe22693ce1b,Gilden's Jewelers,(203) 562-0078,https://theshopsatyale.com/listings/gildens-jewelers/,4.1,35,"55 Whitney Ave, New Haven, CT 06510, USA",Women-Owned,~15mi zone,True,95,Tee Box,
cce1b1be-cae3-4b2f-8dcb-fc5a3efa15eb,Lewis Jewelers,(203) 734-1619,http://lewisjewelersct.com/,4.9,112,"176 Main St, Ansonia, CT 06401, USA",Women-Owned,~15mi zone,True,95,Tee Box,
f31cf227-3543-4a68-962d-6f7a8bf54395,Leslie's Jewelers,(203) 933-3291,,4.7,32,"27 Wagner Pl, West Haven, CT 06516, USA",Women-Owned,~15mi zone,True,95,Tee Box,
1ad65b72-10db-477f-91eb-d85b26ed8072,Adrian Rose Jewelry,(203) 836-0901,https://www.adrianrosejewelry.com/,5.0,49,"48C N Plains Industrial Rd, Wallingford, CT 06492, USA",Women-Owned,~15mi zone,True,95,Tee Box,
14c331c4-209b-4eef-ab81-8bdcbe562ae5,Rose and Choc,,https://www.roseandchoc.com/,5.0,19,"956 N Colony Rd, Wallingford, CT 06492, USA",Women-Owned,~15mi zone,True,95,Tee Box,
fa7a5b9c-cfc0-4844-8f1c-51f213fc3333,Craig Jewelers,(203) 269-4699,http://www.craigjewelers.com/,4.9,34,"33 N Main St A, Wallingford, CT 06492, USA",Women-Owned,~15mi zone,True,95,Tee Box,
40ec9474-bf44-4404-886e-9569aa55288b,Dante's Jewelry & Repair,(860) 346-4779,https://www.dantesjewelry.com/,4.8,93,"871-b Newfield St, Middletown, CT 06457, USA",Women-Owned,~15mi zone,True,95,Tee Box,
ad339aa9-383d-4c17-873a-2bcec82daabc,Onyx Jewelers,(203) 405-1969,http://www.onyxjewelers.com/,4.8,38,"740 Main St S, Woodbury, CT 06798, USA",Women-Owned,~15mi zone,True,95,Tee Box,
df2e7193-e2bb-4b5e-991c-8b3cbae5563e,KAY Jewelers,(203) 757-6601,https://stores.kay.com/ct/waterbury/1203?cid=seo-listings,4.8,236,"495 Union St Suite 2156, Waterbury, CT 06706, USA",Women-Owned,~15mi zone,True,95,Tee Box,
369a4653-5146-406e-ac8b-cb4ad2ee9303,Jon's Jewelers,(203) 233-7584,,5.0,5,"695 Main St, Watertown, CT 06795, USA",Women-Owned,~15mi zone,True,95,Tee Box,
1f7a7b07-cb55-4d5e-8a40-146c93d3e8d6,Faltom Jewelers,(203) 729-8693,http://faltomjewelers.com/,4.3,36,"108 Church St, Naugatuck, CT 06770, USA",Women-Owned,~15mi zone,True,95,Tee Box,
b95793cb-8364-4cfc-b930-ba1fc8be6f8a,SALEH JEWELERS,(959) 888-0047,https://salehjewelers.net/,4.8,37,"39 W Farms Mall, Farmington, CT 06032, USA",Women-Owned,~15mi zone,True,95,Tee Box,
c527d115-e740-4a0c-9cd2-ec9864a3ae1e,Behold Jewelry and Designs,,https://www.beholdjewelry.com/,5.0,4,"9B Tolles St, West Hartford, CT 06110, USA",Women-Owned,~15mi zone,True,95,Tee Box,
c9d788a1-ecd3-40b8-846b-5362d9bf097a,Turgeon Jewelers,(860) 436-6400,http://turgeonjewelers.com/,4.9,76,"3219 Berlin Tpke, Newington, CT 06111, USA",Women-Owned,~15mi zone,True,95,Tee Box,
4500d59a-614c-4019-a8bf-7f9c9431a771,Fabulous Jewelry,(860) 956-8108,https://timfabulousjewelry.com/,4.2,45,"1410 Berlin Tpke, Wethersfield, CT 06109, USA",Women-Owned,~15mi zone,True,95,Tee Box,
36fd6db7-95e3-40ec-956b-7030525eb55f,Monarch Jewelers,(860) 679-7700,http://monarchjewelers.com/,4.9,29,"838 Farmington Ave #2, Farmington, CT 06032, USA",Women-Owned,~15mi zone,True,95,Tee Box,
bbfce32c-e98f-44bb-bb5c-1bb421cd5d6b,Gem Jewelry,(860) 236-1986,http://www.gemjewelry.com/,4.6,82,"1129 New Britain Ave, West Hartford, CT 06110, USA",Women-Owned,~15mi zone,True,95,Tee Box,
73cbbea3-f500-4a90-b8ca-e3e3af2a21d9,Curated,(860) 831-3222,http://curateddesignsct.com/,5.0,3,"902 Farmington Ave, Farmington, CT 06032, USA",Women-Owned,~15mi zone,True,95,Tee Box,
ca9681b0-4372-49ad-8440-9955ccd3a1ec,Harstans Jewelers,(203) 453-4700,http://www.harstansguilford.com/,5.0,57,"862 Boston Post Rd, Guilford, CT 06437, USA",Women-Owned,~15mi zone,True,95,Tee Box,
bc1738b5-5cd4-42db-be51-3956ce0f50d3,Water Street Jewelers,(203) 533-5062,http://www.waterstreetjewelry.com/,4.9,110,"61 Whitfield St, Guilford, CT 06437, USA",Women-Owned,~15mi zone,True,95,Tee Box,
4b66fb16-656b-4aed-833d-44b511db2b75,Palmer's Jewelers & Mfr,(203) 481-6559,https://www.palmersjewelers.com/,4.4,21,"Market Place Shopping Center, 22 Leetes Island Rd, Branford, CT 06405, USA",Women-Owned,~15mi zone,True,95,Tee Box,
02476fef-cf9d-4580-924d-eb47c9d81f8a,Branford Jewelers,(203) 488-4653,http://www.branfordjewelers.com/,4.8,147,"567 Main St, Branford, CT 06405, USA",Women-Owned,~15mi zone,True,95,Tee Box,
bd12e805-ef0a-4612-88b4-289514a3b8d1,Susan Roberts Jewelry,(203) 915-2685,https://www.susanrobertsjewelry.com/,5.0,12,"48 Palmer Rd, Branford, CT 06405, USA",Women-Owned,~15mi zone,True,95,Tee Box,
2df4c081-8719-4d45-ba0c-ff4437d4d77d,Alex's Jewelers LLC,(203) 265-4883,,4.3,19,"203 Center St, Wallingford, CT 06492, USA",Women-Owned,~15mi zone,True,95,Tee Box,
e6c3248e-352c-48e1-9359-39ed8b3df12f,Cruise Planners,(203) 402-0632,https://www.royalservicetravel.com/,4.3,12,"12 Dogwood Ln, Beacon Falls, CT 06403, USA",Women-Owned,~15mi zone,True,95,Tee Box,
2d89adb5-c456-46a3-8f42-a21cb0537e20,Scully Travel,(203) 879-2593,http://scullytravelllc.com/,4.4,21,"580 Wolcott Rd UNIT 2, Wolcott, CT 06716, USA",Women-Owned,~15mi zone,True,95,Tee Box,
6970e28a-bfdf-45ec-bb5b-b97e6360e579,Family Travel Concierge,(860) 822-2254,http://www.familytc.com/,5.0,180,"28 S Ridge Rd, Farmington, CT 06032, USA",Women-Owned,~15mi zone,True,95,Tee Box,
f1719258-fbbd-441e-8525-e60a7c7e5e1a,Oh The Places You Can Go - Travel by La Buena Vida,(860) 877-2202,http://www.travelbylabuenavida.com/,5.0,5,"108 Hilltop Rd, Plainville, CT 06062, USA",Women-Owned,~15mi zone,True,95,Tee Box,
ccf6cc5a-0a61-4731-93a6-64b1c7bd7f5d,Kaz Tours & Travel,(860) 997-1198,http://www.kaztoursandtravel.com/,4.9,37,"49 View St, Plainville, CT 06062, USA",Women-Owned,~15mi zone,True,95,Tee Box,
88f3e294-c99b-416b-aa53-0aa07f2dc6ce,Mt Carmel Travel Center,(203) 281-4316,http://www.mtcarmeltvl.com/,4.5,28,"1220 Whitney Ave, Hamden, CT 06517, USA",Women-Owned,~15mi zone,True,95,Tee Box,
372c47cf-7040-4b38-85f0-073fd12bd92d,Nasr Travels Agency LLC,(860) 970-7683,http://www.nasrtravels.com/,4.9,12,"727 Campbell Ave #202, West Haven, CT 06516, USA",Women-Owned,~15mi zone,True,95,Tee Box,
4f28c775-3ccf-4870-8bbd-a601af68236b,Adler Travel,(203) 288-8100,http://www.adlertravel.com/,4.5,31,"1834 Whitney Ave, Hamden, CT 06517, USA",Women-Owned,~15mi zone,True,95,Tee Box,
b0253114-f5f0-4a9a-89da-485a9adbd4d6,Hamden Travel Agency,(203) 288-7718,https://www.hamdentravel.com/,4.4,7,"2911 Dixwell Ave # 208, Hamden, CT 06518, USA",Women-Owned,~15mi zone,True,95,Tee Box,
49a4b0f9-8a0e-4d60-a58a-1c9f13731773,ROSE MARIE'S TRAVEL LLC.,(203) 446-9150,http://rosemariestravel.com/,5.0,1,"4 Round Tree Dr, Ansonia, CT 06401, USA",Women-Owned,~15mi zone,True,95,Tee Box,
805ffe50-5e85-4b19-b5fb-314f715c4ca6,Traveland,(800) 246-0466,http://www.traveland.net/,4.7,15,"564 Racebrook Rd, Orange, CT 06477, USA",Women-Owned,~15mi zone,True,95,Tee Box,
8cda4d1f-6ec0-42e8-981c-e4be8585fcbd,Traveler's Choice,(203) 795-8687,,2.0,2,"236 US-1, Orange, CT 06477, USA",Women-Owned,~15mi zone,True,95,Tee Box,
79d0b9a4-e527-4548-84eb-5d6c4e3554f7,Custom Travel,(203) 949-9990,http://www.cttravel.com/,4.8,97,"5 Bridle Ln, Wallingford, CT 06492, USA",Women-Owned,~15mi zone,True,95,Tee Box,
743b304e-0fde-4682-86b1-3f5a8f7300ea,Bella Europa Travel,(203) 433-2173,http://www.bellaeuropatravel.com/,5.0,16,"1447 Middletown Ave Unit 222, Northford, CT 06472, USA",Women-Owned,~15mi zone,True,95,Tee Box,
ef3d8ce8-c0c8-4c35-8955-7d6c2858efaa,Squire Travel Planners,(203) 238-1251,http://www.squiretravel.com/,4.6,5,"1260 E Main St #2, Meriden, CT 06450, USA",Women-Owned,~15mi zone,True,95,Tee Box,
29e80cb3-b073-4b0a-875a-30f3cebaa21c,Pino Travel Ltd,(203) 237-7466,http://www.pinotravel.com/,4.9,10,"1237 E Main St #4, Meriden, CT 06450, USA",Women-Owned,~15mi zone,True,95,Tee Box,
6020c6b0-dc8c-4386-9b0a-06627b1179e2,Gallagher Travel Shoppe,(203) 265-2856,https://gallaghertravelshoppe.com/,4.5,8,"369 Center St, Wallingford, CT 06492, USA",Women-Owned,~15mi zone,True,95,Tee Box,
03dbc4dd-f757-49b5-85b7-6a338778e6ea,"One Travel, llc",(860) 827-1244,https://onetravelllc.com/,3.5,67,"113 Broad St, New Britain, CT 06053, USA",Women-Owned,~15mi zone,True,95,Tee Box,
ad878aae-ba4c-4e36-bfb8-cd9c56d7c309,Eileen's Travel LLC,(860) 665-9080,,4.8,28,"263 Stamm Rd, Newington, CT 06111, USA",Women-Owned,~15mi zone,True,95,Tee Box,
07ae4e36-57b3-4581-babc-10029a216221,French's Worldwide Travel,(860) 666-4625,http://www.frenchsworldwidetravel.com/,4.8,20,"50 Market Square, Newington, CT 06111, USA",Women-Owned,~15mi zone,True,95,Tee Box,
1ba2a0cd-b72d-46ed-bda3-bb38e07a5b40,Madison Travel & Multi Services,(860) 953-1911,,3.8,8,"154 Shield St, West Hartford, CT 06110, USA",Women-Owned,~15mi zone,True,95,Tee Box,
2dd4e787-0815-4703-bed6-9490277c2a47,EVEREST LLC,(860) 223-0142,https://www.facebook.com/everestllcnewbritain/,4.9,17,"213 Broad St, New Britain, CT 06053, USA",Women-Owned,~15mi zone,True,95,Tee Box,
513defc0-3ab6-44fd-ba0b-77710633e641,Empowered Resolve LLC - Guardian Ad Litem/Advocacy Services,(475) 400-9477,https://www.empowerresolve.com/,4.9,39,"602 New Britain Ave Suite 101, Hartford, CT 06106, USA",Women-Owned,~15mi zone,True,95,Tee Box,
5f58246d-1755-4430-afb5-1280666500c6,Wheeler Health - Waterbury Family Health & Wellness Center,(888) 793-3500,https://wheelerhealth.online/Waterbury-FWHC,4.3,199,"855 Lakewood Rd, Waterbury, CT 06704, USA",Women-Owned,~15mi zone,True,95,Tee Box,
bc220c65-42ba-4f11-b6ca-907e504c2875,Healing Springs Wellness Center LLC,(860) 385-1472,https://healingspringswellness.com/,4.8,21,"1006 S Main St Suite 4, Plantsville, CT 06479, USA",Women-Owned,~15mi zone,True,95,Tee Box,
fabbd7f3-a93c-4749-8137-88b8c4cbda71,Sanaré Wellness,(860) 600-0106,http://www.sanare.life/,5.0,14,"92 N Summit St, Southington, CT 06489, USA",Women-Owned,~15mi zone,True,95,Tee Box,
dc269853-a251-4768-a4b9-b169631056d4,Haven Wellness Center,(203) 714-4419,https://www.havenwc.com/,5.0,9,"305 Church St Suite 2, Naugatuck, CT 06770, USA",Women-Owned,~15mi zone,True,95,Tee Box,
8e5034b0-f590-4448-913c-b0729ab907e4,Caskey Wellness Center,(203) 758-1765,http://www.caskeywellnesscenter.com/,4.8,27,"819 Straits Turnpike, Middlebury, CT 06762, USA",Women-Owned,~15mi zone,True,95,Tee Box,
6a8a1c51-80fe-43fc-9a2e-aea223af4f52,Recharge Wellness Center Oxford,(203) 828-6492,https://www.rechargect.com/,5.0,14,"350 Center Rock Green suite 9, Oxford, CT 06478, USA",Women-Owned,~15mi zone,True,95,Tee Box,
541433d5-53e0-4b2a-91cd-70c230a145b3,Mount Carmel Fitness,(203) 479-0190,http://www.mtcarmelfitness.com/,4.9,34,"3714 Whitney Ave, Hamden, CT 06518, USA",Women-Owned,~15mi zone,True,95,Tee Box,
a3fcbe79-848c-41b1-9198-d90b2881dbf6,Restoration Health and Wellness Services LLC,(860) 479-1586,https://restoration-health-and-wellness-services-llc.ueniweb.com/?utm_campaign=gmb,4.5,16,"104 Waterbury Rd, Prospect, CT 06712, USA",Women-Owned,~15mi zone,True,95,Tee Box,
7922eebd-da09-4906-a8a8-3ac6d3b9a0b7,"Vita Sana Wellness, LLC",(203) 699-6264,http://www.vitasanawellnessllc.com/,5.0,89,"350 S Main St Suite 33, Cheshire, CT 06410, USA",Women-Owned,~15mi zone,True,95,Tee Box,
8949f047-6214-4c9f-9579-f049b821a406,Bristol Wellness Center,(860) 582-9355,http://www.healthtrax.com/,4.0,34,"842 Clark Ave, Bristol, CT 06010, USA",Women-Owned,~15mi zone,True,95,Tee Box,
7b18bfdf-5e22-43ab-9aa6-174896da0482,Wheeler Health - Plainville Family Health & Wellness Center,(888) 793-3500,https://wheelerhealth.online/Plainville-FHWC,3.2,92,"91 Northwest Dr, Plainville, CT 06062, USA",Women-Owned,~15mi zone,True,95,Tee Box,
9eaf65b0-c9f0-4078-b256-d1c454036e84,ESPN Wellness Center,(860) 766-2774,https://www.facebook.com/ESPNWellness/,5.0,9,"823-839 Middle St, Bristol, CT 06010, USA",Women-Owned,~15mi zone,True,95,Tee Box,
0fa711a8-01b3-49cb-84bf-9b79f6277c2d,Wheeler Health - Family Health & Wellness Center,(888) 793-3500,https://wheelerhealth.online/Bristol-FHWC,3.9,59,"One Hope St, Bristol, CT 06010, USA",Women-Owned,~15mi zone,True,95,Tee Box,
5ea57271-7506-41bc-b826-d36ce8a55578,Bridge Healing Arts Center,(860) 404-2578,http://www.bridgehac.com/,4.6,38,"304 Main St Suite 202/203/206, Farmington, CT 06032, USA",Women-Owned,~15mi zone,True,95,Tee Box,
c10a6c92-0610-410c-a504-3861db7f18bd,Harmony Massage & Wellness,(860) 793-6680,https://harmonymassageandwellnessct.com/,4.7,196,"550 N Main St, Southington, CT 06489, USA",Women-Owned,~15mi zone,True,95,Tee Box,
1fb5a041-5090-44a3-9922-a0b31ae50523,Caveman Cryotherapy Strength and Recovery,,http://cavemancryo.com/,5.0,93,"58 W Main St, Plainville, CT 06062, USA",Women-Owned,~15mi zone,True,95,Tee Box,
538d634a-4dda-425c-92eb-5833fe3cc622,Shoreline Wellness Center,(203) 931-1184,https://www.shorelinewellnesscenter.com/,3.6,83,"415 Main St, West Haven, CT 06516, USA",Women-Owned,~15mi zone,True,95,Tee Box,
60508b56-6e54-4472-92d6-91ea0febba35,Connecticut Psychiatric and Wellness Center,(203) 298-9005,https://www.ctpsychwellness.com/,3.5,27,"2446 Whitney Ave, Hamden, CT 06518, USA",Women-Owned,~15mi zone,True,95,Tee Box,
e5620b61-32ca-4b07-bd09-9edabac01be5,West Rock Wellness,(203) 930-2995,https://www.westrockwellness.com/?utm_source=google&utm_medium=wix_google_business_profile&utm_campaign=6899457638145873208,4.5,14,"869 Whalley Ave, New Haven, CT 06515, USA",Women-Owned,~15mi zone,True,95,Tee Box,
3a0c79d9-7f6c-4e19-aa06-a8d1d67aba9d,Ripple Float and Wellness Center,(203) 404-3260,http://ripplefloat.com/,4.9,67,"155 Temple St, New Haven, CT 06510, USA",Women-Owned,~15mi zone,True,95,Tee Box,
9a4322d4-6f8e-4854-9767-072737491709,Connecticut Psychiatric and Wellness Center,(203) 298-9005,https://www.ctpsychwellness.com/,3.0,20,"1 Bradley Rd, Woodbridge, CT 06525, USA",Women-Owned,~15mi zone,True,95,Tee Box,
e781e283-8206-4550-94f3-7650c066d2c8,Nolla Wellness,(203) 691-5279,http://www.nollawellness.com/,4.9,129,"493 Whitney Ave Ground Floor, New Haven, CT 06511, USA",Women-Owned,~15mi zone,True,95,Tee Box,
171b609d-eb03-4f29-9f4b-2e2652fc073c,Achieve Wellness Center,(203) 553-9949,http://www.achievewellnesscenter.com/,4.4,12,"35 Old Tavern Rd, Orange, CT 06477, USA",Women-Owned,~15mi zone,True,95,Tee Box,
666b0c01-c08c-46e3-bc62-32aede3d9b05,Elm City Wellness on Orange,(203) 691-7653,https://www.elmcitywellness.com/,4.8,109,"774 Orange St, New Haven, CT 06511, USA",Women-Owned,~15mi zone,True,95,Tee Box,
1a4662c7-f926-43cf-8c37-8c4fb648491a,Chiropractic & Wellness Center of New Haven,(203) 909-6173,http://www.chiropracticnewhaven.com/,4.9,225,"59 Elm St #100, New Haven, CT 06510, USA",Women-Owned,~15mi zone,True,95,Tee Box,
d1faa3cc-459b-42fe-86b9-d0bba5493f9b,Stillwater Wellness,(475) 731-8279,http://www.stillwater-wellness.com/,5.0,31,"661 Derby-Milford Rd, Orange, CT 06477, USA",Women-Owned,~15mi zone,True,95,Tee Box,
36775e08-451d-43b3-9ff0-0bacb077d55f,Apothecary & Wellness Center,(203) 789-4076,http://www.ynhh.org/src/patients-visitors/pharmacy.aspx,3.7,27,"1450 Chapel St, New Haven, CT 06511, USA",Women-Owned,~15mi zone,True,95,Tee Box,
c25d9118-77c5-43a5-95b5-335293d30770,The Hewitt Center for Breast Wellness at Griffin Hospital,(203) 732-1540,https://www.griffinhealth.org/the-hewitt-center-for-breast-wellness-at-griffin-hospital,4.0,28,"350 Seymour Ave, Derby, CT 06418, USA",Women-Owned,~15mi zone,True,95,Tee Box,
7755045e-5f7d-4cf5-afed-d59e15bedaf1,Connecticut Center for Psychiatric Wellness,(203) 680-0030,https://www.ctcenterforpsychwellness.com/contact,4.6,80,"136 Sherman Ave, New Haven, CT 06511, USA",Women-Owned,~15mi zone,True,95,Tee Box,
7f235562-8bd0-413c-9de2-5ca2133b7deb,Sound Health & Wellness LLC,(203) 691-8163,https://www.shealthandwellness.com/,4.3,11,"64 Thompson St A108, East Haven, CT 06513, USA",Women-Owned,~15mi zone,True,95,Tee Box,
cde190c5-15ee-490a-9e1b-83259a6cf800,Good Life Vitality Center,(203) 232-0084,http://goodlife-vc.com/,5.0,5,"415 Howe Ave 3rd Floor S, Shelton, CT 06484, USA",Women-Owned,~15mi zone,True,95,Tee Box,
92755e54-d8dd-42c8-8217-4efe83e456e4,TriumphbodyworkLLC,(203) 428-1926,https://triumphbodywork.com/,5.0,26,"19 Wagner Pl, West Haven, CT 06516, USA",Women-Owned,~15mi zone,True,95,Tee Box,
e54167a8-abff-488f-ab31-7a2a0367b612,"Therapeutic Health and Wellness, LLC",(203) 293-7763,http://www.therapeutichealthandwellness.com/,5.0,15,"30 Hazel Terrace # 20, Woodbridge, CT 06525, USA",Women-Owned,~15mi zone,True,95,Tee Box,
5ccd3411-4e80-4b71-87f8-380f459a33f4,Pulse IV Therapy,(203) 804-7277,http://pulseivtherapy.com/,5.0,107,"4133 Whitney Ave, Hamden, CT 06518, USA",Women-Owned,~15mi zone,True,95,Tee Box,
597b4836-067d-431d-8127-1e1f4233ee21,Float Forty One Exhale,(860) 384-0850,http://www.float41.com/,5.0,57,"17 Shunpike Rd, Cromwell, CT 06416, USA",Women-Owned,~15mi zone,True,95,Tee Box,
431e0aad-7542-4785-add3-0c975819d7e5,Synergy Health and Wellness LLC,(203) 217-8017,https://synergyhealthwellness.com/,5.0,3,"202 N Plains Industrial Rd, Wallingford, CT 06492, USA",Women-Owned,~15mi zone,True,95,Tee Box,
2c79abeb-fe7b-4b76-8ff1-1cac5965b04c,Willowbrook Health Center,(860) 840-7337,http://www.willowbrookhealthct.com/,4.9,34,"4 Willowbrook Rd, Cromwell, CT 06416, USA",Women-Owned,~15mi zone,True,95,Tee Box,
f546dda7-0b0c-470d-ac05-0be8c6e35b81,LIVation,(860) 414-2251,https://www.livationct.com/,5.0,31,"267 N Star Dr, Southington, CT 06489, USA",Women-Owned,~15mi zone,True,95,Tee Box,
7a58e50e-36f5-455e-8fd0-61a62200d163,CT Wellness Center,(203) 270-9888,https://www.ctwellnesscenter.com/contact-us-1,4.5,15,"107 Church Hill Rd, Sandy Hook, CT 06482, USA",Women-Owned,~15mi zone,True,95,Tee Box,
b1cf3b68-8550-4926-8d85-4e7f8751626d,Stretch Factory,(475) 204-0389,https://www.stretch-factory.com/,5.0,4,"17 Berkshire Rd, Sandy Hook, CT 06482, USA",Women-Owned,~15mi zone,True,95,Tee Box,
1847ba6d-0633-4d15-842b-13b7c459b571,Wheeler Health - New Britain Family Health & Wellness Center,(860) 793-3500,https://wheelerhealth.online/NewBritain-FHWC,4.1,161,"40 Hart St, New Britain, CT 06052, USA",Women-Owned,~15mi zone,True,95,Tee Box,
0304360c-4c4d-4dcf-a099-40946eee7873,The Center For Higher Living,(860) 812-0552,http://thecenterberlin.com/,4.9,15,"130 Webster Square Rd, Berlin, CT 06037, USA",Women-Owned,~15mi zone,True,95,Tee Box,
9ede647f-0644-472e-a421-1acf99cb8c57,Whole Health Wellness Center,(860) 674-0111,http://wholehealthllc.com/,5.0,9,"231 Farmington Ave Suite 201, Farmington, CT 06032, USA",Women-Owned,~15mi zone,True,95,Tee Box,
e6a44d84-5f7b-42d3-a714-84384b31a8dd,Superior Health & Wellness Clinic,(860) 494-2050,https://yoursuperiorwellness.com/?utm_source=Google&utm_medium=GBP&utm_campaign=Wethersfield,5.0,55,"449 Silas Deane Hwy STE 303, Wethersfield, CT 06109, USA",Women-Owned,~15mi zone,True,95,Tee Box,
7e007151-a750-453e-bbfb-19eb6d2cf8f3,Balance Massage & Wellness Center,(860) 508-3336,http://www.balancemassagect.com/,5.0,139,"135 Day St, Newington, CT 06111, USA",Women-Owned,~15mi zone,True,95,Tee Box,
905d7cfb-7029-47e5-95e8-eb1e3470aee6,Structural Health And Wellness Shari Casolo LMT,(860) 704-9120,http://structuralhealthandwellness.com/,5.0,35,"21 Rhodes Rd, Rocky Hill, CT 06067, USA",Women-Owned,~15mi zone,True,95,Tee Box,
d6a1aeb8-cfb3-4fd9-a4bb-645aa906fd5a,Serenity Wellness,(860) 975-7455,https://serenityw.com/,3.4,28,"388 E Main St, Branford, CT 06405, USA",Women-Owned,~15mi zone,True,95,Tee Box,
a6c6142c-a97a-4934-8852-1c8f0d3cf357,JMM Health & Wellness,(203) 533-7137,http://jmmwellness.com/,4.9,9,"2470 Boston Post Rd, Guilford, CT 06437, USA",Women-Owned,~15mi zone,True,95,Tee Box,
c3f548df-aeff-4c95-bd9f-ea2a20072348,Open Water Wellness,(475) 306-5613,https://openwaterct.com/,5.0,14,"1575 Boston Post Rd Suite 2 & 3, Guilford, CT 06437, USA",Women-Owned,~15mi zone,True,95,Tee Box,
6b21d7e6-1273-4af8-b3d8-98fa4c27cd3f,Surrender Wellness Spa,(203) 506-9142,http://surrendermassagefloat.com/,4.7,76,"236 Church St, Guilford, CT 06437, USA",Women-Owned,~15mi zone,True,95,Tee Box,
6e9aa6bb-cf85-4bf1-bca3-6f46a88eac3d,Healing Salt Cave and Wellness Spa,(203) 457-5107,https://www.thehealingsaltcave.com/,4.8,102,"260 River St, Guilford, CT 06437, USA",Women-Owned,~15mi zone,True,95,Tee Box,
3195b7c9-ca9e-4cdd-aa46-cc5c666c2db3,Healing Hands Sanctuary LLC,(860) 264-1919,http://healinghandssanctuaryllc.com/,5.0,4,"97 Washington Ave SUITE 3 FLOOR 2, North Haven, CT 06473, USA",Women-Owned,~15mi zone,True,95,Tee Box,
4ebeb71a-9b06-4e61-b293-799ee7b1b1e1,Ananta Wellness and Beauty Boutique,(844) 968-0287,http://www.anantawellnessspa.com/,5.0,14,"65 S Colony St STE E, Wallingford, CT 06492, USA",Women-Owned,~15mi zone,True,95,Tee Box,
d0a7935e-cbbe-4003-b6db-e8b30671e2e2,"Holistic Health & Healing Center, LLC",(203) 691-1685,http://www.hhhcenter.com/,3.8,6,"64 Thompson St A-103/104, East Haven, CT 06513, USA",Women-Owned,~15mi zone,True,95,Tee Box,
4628b5b5-0001-4f3f-a02d-b83fc55073b4,Blue Feather Wellness of CT,(203) 884-8228,https://bluefeatherct.com/,5.0,12,"38 Long Hill Rd, Guilford, CT 06437, USA",Women-Owned,~15mi zone,True,95,Tee Box,
27ef24fb-a1e2-4e87-9f63-9b7f9f8f98b3,Satori Lux Wholemystic Therapies & Wellness Center,(475) 308-0808,http://www.satorilux.com/,5.0,49,"652 Boston Post Rd STE 4, Guilford, CT 06437, USA",Women-Owned,~15mi zone,True,95,Tee Box,
56ce93ad-d85b-4c80-bcd6-f1aba778b1a4,Dr. Janelle Kleiner Kinected Family Wellness,(203) 533-2465,https://kinectedfamilywellness.com/,5.0,13,"705 Boston Post Rd Bldg C Suite 8B, Guilford, CT 06437, USA",Women-Owned,~15mi zone,True,95,Tee Box,
99e24696-b3a0-481f-89c0-a6a2719be83c,Salerno Wellness,(475) 269-2138,http://www.salernowellness.com/,4.8,29,"2 Trap Falls Rd Suite 503, Shelton, CT 06484, USA",Women-Owned,~15mi zone,True,95,Tee Box,
170742fe-8ffd-4504-82a5-5eb316e8da94,Move to Glow with Jessica Caruso,(914) 393-4934,https://www.movetoglowct.com/,5.0,3,"153 S Main St, Newtown, CT 06470, USA",Women-Owned,~15mi zone,True,95,Tee Box,
ca17fcfc-8b8c-4040-a109-c3c7ff2ee446,Stratford Acupuncture & Nutritional Wellness Center,(203) 257-7550,https://www.stratfordacupuncture.com/,4.9,162,"1000 Bridgeport Ave STE 508, Shelton, CT 06484, USA",Women-Owned,~15mi zone,True,95,Do Not Call,
db0695f7-330e-4901-a2fa-399066369775,Early Childhood Center at Central Avenue,(203) 720-5224,https://ecc.naugatuck.k12.ct.us/,3.4,5,"28 Central Ave, Naugatuck, CT 06770, USA",Women-Owned,~15mi zone,True,95,Tee Box,
3a9093ca-ff6d-4aab-8bc7-8f64cade3890,"Bright Years Middlebury, CT",(475) 284-8818,https://brightyears.com/middlebury/,4.7,13,"489 Middlebury Rd, Middlebury, CT 06762, USA",Women-Owned,~15mi zone,True,95,Tee Box,
9912ac93-1dc1-420e-b12c-fb9e50087f2f,Carrot Patch Early Learning Center,(203) 248-5433,https://www.carrotpatchkids.com/,4.3,7,"235 Johnson Rd, Hamden, CT 06518, USA",Women-Owned,~15mi zone,True,95,Tee Box,
aaf17cdb-567e-442c-a99c-a6fbc61706fb,Ark Early Care & Education Center,(203) 757-9917,https://thearkcdc.com/,4.3,16,"222 W Main St, Waterbury, CT 06702, USA",Women-Owned,~15mi zone,True,95,Tee Box,
3ac40003-e055-4997-a96b-513b1ae3241e,Bright Start Early Learning Center,(475) 343-4577,https://brightstartchildcareandpreschool.com/,4.8,26,"2055 Meriden Rd, Cheshire, CT 06410, USA",Women-Owned,~15mi zone,True,95,Tee Box,
f1f79df6-4044-45c1-bb08-f6c6f606c5ee,The Learning Experience - Cheshire,(203) 806-1195,https://thelearningexperience.com/centers/cheshire/?utm_source=google&utm_medium=organic&utm_campaign=gbp_listing,4.7,33,"425 Highland Ave, Cheshire, CT 06410, USA",Women-Owned,~15mi zone,True,95,Tee Box,
6a9c3b4b-6322-411f-b155-1c8cd1b3a5f4,Cadence Academy Preschool,(203) 718-8200,https://www.cadence-education.com/locations/ct/cheshire/540/?utm_source=google&utm_medium=local_listing&utm_campaign=local_seo,4.8,18,"1311 Highland Ave, Cheshire, CT 06410, USA",Women-Owned,~15mi zone,True,95,Tee Box,
5887de21-1321-4285-bab7-a5fc5fec9227,Easterseals Children's Academy,(203) 754-5141,http://www.easterseals.com/waterburyct/our-programs/childrens-services/child-care.html,4.0,4,"22 Tompkins St, Waterbury, CT 06708, USA",Women-Owned,~15mi zone,True,95,Tee Box,
b07c7760-e9c9-4ea3-b21f-231197962ff4,Muriel H. Moore Child Development Center,(203) 759-0841,http://www.newoppinc.org/,3.9,16,"444 N Main St, Waterbury, CT 06704, USA",Women-Owned,~15mi zone,True,95,Tee Box,
e27e4f3f-b8ba-4fae-80ff-f2b6615f0f62,Plainville Early Learning Center,(860) 747-3321,http://www.plainvilleelc.net/,4.5,8,"130 W Main St, Plainville, CT 06062, USA",Women-Owned,~15mi zone,True,95,Tee Box,
888a4cd5-34d8-4485-83f0-86e937dd7efa,Little Scholars Learning Academy,(860) 356-9900,https://www.123littlescholarslearningacademy.com/,5.0,13,"17 Farmington Ave, Plainville, CT 06062, USA",Women-Owned,~15mi zone,True,95,Tee Box,
0e2525c4-c570-420d-8170-7d30895cb776,The Nurturing Nest Early Learning Center,(860) 276-0013,https://nurturingnestct.com/?utm_source=GMB&utm_medium=GMB&utm_campaign=GMB,5.0,4,"1721 Meriden-Waterbury Turnpike, Southington, CT 06489, USA",Women-Owned,~15mi zone,True,95,Tee Box,
cabbaf9a-1380-4c9e-bce9-3359a4f29e8f,Country Garden Daycare Preschool,(203) 574-4981,https://www.countrygardenpreschool.com/,5.0,12,"250 Country Club Rd, Waterbury, CT 06708, USA",Women-Owned,~15mi zone,True,95,Tee Box,
23212569-e63b-4a03-bd41-7265753d5ab3,The Learning Experience - Southington,(860) 609-5066,https://thelearningexperience.com/centers/southington-ct/?utm_source=google&utm_medium=organic&utm_campaign=gbp_listing,4.4,27,"1268 West St, Southington, CT 06489, USA",Women-Owned,~15mi zone,True,95,Tee Box,
bdd37078-8519-4e08-accb-03358b054cda,"Imagine Nation, A Museum Early Learning Center",(860) 314-1400,http://www.imaginenation.org/,4.1,83,"1 Pleasant St, Bristol, CT 06010, USA",Women-Owned,~15mi zone,True,95,Tee Box,
c10712ab-26fc-4601-b4e9-3616b5f0abd2,"Town & Country Early Learning Centers, Southington",(860) 628-7900,http://townandcountryelc.com/,4.1,54,"Wellness Center, 1137 West St, Southington, CT 06489, USA",Women-Owned,~15mi zone,True,95,Tee Box,
71eb58ba-3d07-4829-8597-d7955dc596ab,Great Beginnings,(860) 747-1679,http://www.greatbeginningsdaycarecenter.com/,3.6,21,"195 East St, Plainville, CT 06062, USA",Women-Owned,~15mi zone,True,95,Tee Box,
28e00bfe-afcd-41d3-9efd-19e73b339bf7,Bright Start Child Care,(203) 879-2728,https://brightstartchildcareandpreschool.com/,4.0,47,"1790 Meriden Rd #3320, Wolcott, CT 06716, USA",Women-Owned,~15mi zone,True,95,Tee Box,
3f57020c-7d66-4748-8ab2-e87930e72f80,River Oak Academy,(959) 209-4284,https://riveroakacademy.com/,4.1,25,"795 Straits Turnpike, Watertown, CT 06795, USA",Women-Owned,~15mi zone,True,95,Tee Box,
001a2fa7-3f5b-471e-9303-55109da48d69,Nelly’s Nest Family Childcare,(929) 624-9807,,5.0,19,"894 Highland Ave, Waterbury, CT 06708, USA",Women-Owned,~15mi zone,True,95,Tee Box,
0c0b47f1-a0a9-4ab3-9134-4251ba8bbcff,Lighthouse Childcare Center,(203) 575-1385,https://lighthousechildcarecenter.com/,2.7,12,"1333 Thomaston Ave, Waterbury, CT 06704, USA",Women-Owned,~15mi zone,True,95,Tee Box,
9b704278-a2bd-4446-b846-1f9b3547df4c,Our Lady of Mount Carmel Little Saints Daycare,(203) 755-8278,http://www.olmcwtby.com/,2.2,5,"656 Congress Ave, Waterbury, CT 06708, USA",Women-Owned,~15mi zone,True,95,Tee Box,
5adf1085-6e95-4d04-9c8e-ebaf0d159048,Scott Swamp KinderCare,(860) 676-8298,https://www.kindercare.com/our-centers/farmington/ct/070279?utm_campaign=kc-lg&utm_source=yext&utm_medium=pro&utm_keyword=&utm_platform=&utm_matchtype=&utm_adgroupid=&utm_content=gmb&y_source=1_NTA3MDA5LTcxNS1sb2NhdGlvbi53ZWJzaXRl,4.6,30,"197 Scott Swamp Rd, Farmington, CT 06032, USA",Women-Owned,~15mi zone,True,95,Tee Box,
9c70e99a-c74c-4a78-a25f-e6beb6e33834,Carrier Academy of Learning,(860) 470-3736,https://www.carrieracademyoflearning.com/,4.4,7,"740 Plainville Ave, Farmington, CT 06032, USA",Women-Owned,~15mi zone,True,95,Tee Box,
d0bce6fc-78da-4c30-836a-0163a21894de,Bristol Head Start South ST,(860) 584-9307,https://www.headstartprogram.us/,3.7,3,"55 South St, Bristol, CT 06010, USA",Women-Owned,~15mi zone,True,95,Tee Box,
43ebeed3-b5fe-42a0-8fe9-fef8dc2de30b,Play and Learn Child Development Center,(860) 283-0791,https://playandlearncdc.com/daycare-locations/thomaston/?y_source=1_MjAxOTM0Njg0MC03MTUtbG9jYXRpb24ud2Vic2l0ZQ%3D%3D,5.0,4,"30 N Main St, Thomaston, CT 06787, USA",Women-Owned,~15mi zone,True,95,Tee Box,
2cf5cfc5-e735-4c65-b77f-2f1c7a36b9f3,YMCA Learning Center - Southington,(860) 621-8130,http://www.sccymca.org/,4.3,3,"30 High St, Southington, CT 06489, USA",Women-Owned,~15mi zone,True,95,Tee Box,
e40a8c28-9a0f-4af7-a0e0-ae5c7ce60845,Children's Village,(203) 879-5300,https://childrensvillagect.com/daycare-locations/wolcott/?y_source=1_MTA5MTA3MjAyMy03MTUtbG9jYXRpb24ud2Vic2l0ZQ%3D%3D,4.5,33,"545 Bound Line Rd, Wolcott, CT 06716, USA",Women-Owned,~15mi zone,True,95,Tee Box,
1dbec912-f25e-421e-b967-25f6fb90b4e8,It Takes A Village Child Care,(203) 527-6779,http://www.itavcc.com/,4.3,16,"102 Meriline Ave, Waterbury, CT 06705, USA",Women-Owned,~15mi zone,True,95,Tee Box,
e57676da-eedc-470d-946e-764974fa008c,The Generali School of Literature and the Arts,(203) 577-6900,http://www.generalischool.com/,4.3,16,"1625 Straits Turnpike Suite 111, Middlebury, CT 06762, USA",Women-Owned,~15mi zone,True,95,Tee Box,
55908871-4e30-4951-af94-6815356c484b,BrightPath Cheshire Child Care Center,(860) 580-5328,https://brightpathkids.com/us/locations/cheshire,4.5,30,"1430 Highland Ave, Cheshire, CT 06410, USA",Women-Owned,~15mi zone,True,95,Tee Box,
73cc503d-7261-4de8-8042-a485ab73687e,CUB Academy,(860) 276-0123,https://www.southingtoncubacademy.com/,4.2,17,"316 N Main St, Southington, CT 06489, USA",Women-Owned,~15mi zone,True,95,Tee Box,
0ae5ee6a-677e-4356-a39a-9bcc023a00f6,Cheshire KinderCare,(203) 574-2892,https://www.kindercare.com/our-centers/cheshire/ct/070220?utm_campaign=kc-lg&utm_source=yext&utm_medium=pro&utm_keyword=&utm_platform=&utm_matchtype=&utm_adgroupid=&utm_content=gmb&y_source=1_NTA3MDA0LTcxNS1sb2NhdGlvbi53ZWJzaXRl,4.5,33,"1544 Byam Rd, Cheshire, CT 06410, USA",Women-Owned,~15mi zone,True,95,Tee Box,
8931e180-29e0-4a33-8f3b-0b72fa397397,Easterseals Children's Center,(203) 437-8969,https://www.easterseals.com/waterburyct/programs-and-services/childrens-services/child-care.html,3.5,11,"172 Grandview Ave, Waterbury, CT 06708, USA",Women-Owned,~15mi zone,True,95,Tee Box,
ce17adb6-76c0-46dc-a4a8-92be7be969cd,Jack & Jill II Daycare Center,(860) 426-3766,http://www.jackandjillchildcare.com/,4.3,6,"1593 Meriden-Waterbury Turnpike, Plantsville, CT 06479, USA",Women-Owned,~15mi zone,True,95,Tee Box,
c37d6adb-25dc-4672-843f-ba7807c9dd87,Keilanny Family Daycare,(347) 797-8253,,4.9,34,"50 Sagamore Ave, Waterbury, CT 06708, USA",Women-Owned,~15mi zone,True,95,Tee Box,
a9ce5ef7-a23a-4836-b511-5ee1fede76e9,The CRiB,(860) 583-9391,https://sites.google.com/view/thecribct/home,4.3,6,"271 Enterprise Dr, Bristol, CT 06010, USA",Women-Owned,~15mi zone,True,95,Tee Box,
6248619f-2d83-4fc7-889b-e72a6c89da0b,Stork Club - Southington,(860) 276-1031,https://storkclubs.com/location/southington/,3.4,5,"1348 West St, Southington, CT 06489, USA",Women-Owned,~15mi zone,True,95,Tee Box,
486c9d4a-f193-462d-9738-d3e47cb2b5e1,Isa's Rainbow Daycare,(914) 565-5565,,4.0,4,"114 Russell St, Waterbury, CT 06708, USA",Women-Owned,~15mi zone,True,95,Tee Box,
64c941bf-1731-4e29-b931-2cb48c034dc8,Margaret C Griffin Child Development Center of Southington,(860) 621-5885,http://www.griffinchildcenter.org/,5.0,4,"240 Main St, Southington, CT 06489, USA",Women-Owned,~15mi zone,True,95,Tee Box,
4d7f277d-5a11-4436-a48f-ac5b85b288e9,The Children's Space,(959) 212-9393,,5.0,9,"115 Town Hill Rd, Terryville, CT 06786, USA",Women-Owned,~15mi zone,True,95,Tee Box,
74a2f842-18ea-49b0-bb3e-2fd3e4d728ac,Bright Kidz Family Daycare LLC,(844) 927-5439,https://www.brightkidzct.com/,5.0,19,"250 Capitol Ave, Waterbury, CT 06705, USA",Women-Owned,~15mi zone,True,95,Tee Box,
b227bab2-f613-44e8-af02-4b10eddded02,My Little Rascals Too,(860) 426-9933,http://www.mylittlerascalsdaycare.com/,4.4,52,"1850 West St, Southington, CT 06489, USA",Women-Owned,~15mi zone,True,95,Tee Box,
61fda724-c7a2-4368-9e33-28e833c780c0,Village Green Nursery School,(860) 628-6958,http://www.villagegreennurseryschool.org/,4.2,5,"37 Main St, Southington, CT 06489, USA",Women-Owned,~15mi zone,True,95,Tee Box,
37a6afc1-1c6b-4cf3-89f9-8831e0aa3dbc,Over The Rainbow,(203) 699-9900,http://overtherainbowkids.com/,4.4,14,"1481 Highland Ave, Cheshire, CT 06410, USA",Women-Owned,~15mi zone,True,95,Tee Box,
12399e92-d601-479b-831e-0445f0c5f6c7,The Goddard School of Farmington,(860) 674-4323,https://www.goddardschool.com/schools/ct/farmington/farmington?utm_source=google&utm_medium=business_listings&utm_campaign=school&utm_content=main_button,4.3,33,"6 Bridgewater Rd, Farmington, CT 06032, USA",Women-Owned,~15mi zone,True,95,Tee Box,
53b9f8a8-b09d-4f82-a29e-7f75aa302179,Kids Kollege Daycare,(917) 674-4413,http://www.kidskollegect.com/,4.5,8,"2 Woodcrest Dr, Waterbury, CT 06708, USA",Women-Owned,~15mi zone,True,95,Tee Box,
dc82e75e-b2a3-44ba-838e-6e52d76e20fe,The Learning Tree Early Childhood Center of Mishkan Israel,(203) 288-2375,https://www.learningtreehamden.org/,5.0,11,"785 Ridge Rd, Hamden, CT 06517, USA",Women-Owned,~15mi zone,True,95,Tee Box,
64be51bc-92c5-459e-ac7f-064b6750d63c,West Haven Child Development Center,(203) 932-2939,http://www.whcdc.info/,5.0,5,"201 Noble St # 3, West Haven, CT 06516, USA",Women-Owned,~15mi zone,True,95,Tee Box,
088a0527-2d2d-4bb9-8fdc-52cd4dc16dd9,Yale New Haven Hospital Early Learning Center,(203) 497-1022,https://child-care-preschool.brighthorizons.com/ct/newhaven/yalenewhavenhealth?utm_source=google&utm_medium=organic&utm_campaign=gmb&utm_term=weblink&utm_content=centerwebsite&IMS_SOURCE_SPECIFY=google%7Corganic%7Cgmb%7Cweblink%7Ccenterwebsite,3.4,7,"501 George St, New Haven, CT 06511, USA",Women-Owned,~15mi zone,True,95,Tee Box,
a25ef4fc-eb62-4439-931f-8c5bfcef7d60,Building Blocks Early Learning Center in Hamden,(203) 281-6602,https://blockslearning.com/locations/hamden/?utm_source=google_my_business&utm_medium=dir&utm_campaign=dir_GMB&utm_content=Hamden,4.9,42,"40 London Dr, Hamden, CT 06517, USA",Women-Owned,~15mi zone,True,95,Tee Box,
9fb1250f-f341-442e-b402-10fdaad5fe7c,Mountain View Learning LLC,(475) 221-3298,https://winnie.com/place/ivette-reyes-east-haven,4.5,15,"14 Mountain View Terrace, East Haven, CT 06513, USA",Women-Owned,~15mi zone,True,95,Tee Box,
d4e34f03-7638-4f59-8b82-9ae72eed3d4c,North Haven Child Development Center,(203) 234-2334,http://www.nhcdcenter.com/,4.4,11,"20 Peck St, North Haven, CT 06473, USA",Women-Owned,~15mi zone,True,95,Tee Box,
249bc70a-b1a7-4efd-9225-75c01befa504,Whitneyville Innovative Learning Center,(203) 530-8997,http://www.whitneyvilleinnovative.org/,4.0,4,"1825 Whitney Ave, Hamden, CT 06517, USA",Women-Owned,~15mi zone,True,95,Tee Box,
c0e4a022-a444-4786-88d5-4b88ab93293b,The Nest Schools Hamden,(475) 447-1740,https://thenestschool.com/hamden-coming-soon/,4.7,15,"1315 Dixwell Ave, Hamden, CT 06514, USA",Women-Owned,~15mi zone,True,95,Tee Box,
1bd4f730-3dda-41fd-be9c-bba8d4b7ec39,The Smart Start Preschool & Learning Center,(203) 660-7158,http://www.thesmartstart.org/,4.3,10,"4137 Whitney Ave, Hamden, CT 06518, USA",Women-Owned,~15mi zone,True,95,Tee Box,
004d60e0-77ee-41bf-8754-4956e1c8f7ad,Gianelli's Early Learning Center,(860) 740-5169,http://www.gianelliselc.org/,4.8,13,"67 Round Hill Rd, Middletown, CT 06457, USA",Women-Owned,~15mi zone,True,95,Tee Box,
b6d39b29-55ec-4357-9fc2-8033eb92d6f2,Building Blocks Early Learning Center in Middletown,(860) 632-2014,https://blockslearning.com/locations/middletown/?utm_source=google_my_business&utm_medium=dir&utm_campaign=dir_GMB&utm_content=Middletown,4.7,51,"800 East St, Middletown, CT 06457, USA",Women-Owned,~15mi zone,True,95,Tee Box,
0ea02446-4ef2-490c-ad05-7c6c788bfed4,Building Blocks Learning Center,(203) 269-2266,http://www.mybblc.com/,2.8,9,"911 N Farms Rd, Wallingford, CT 06492, USA",Women-Owned,~15mi zone,True,95,Tee Box,
ddfc087b-6885-46ec-aceb-a3f9e42d4195,"Bright Years Middletown, CT",(860) 846-4022,https://brightyears.com/middletown/,4.5,28,"861 Middle St, Middletown, CT 06457, USA",Women-Owned,~15mi zone,True,95,Tee Box,
00b48765-6aea-46f4-b455-2edbfe1f3f41,Northwest Children's Center,(860) 635-3485,http://www.northwestchildrenscenter.com/,4.5,10,"34 Coles Rd, Cromwell, CT 06416, USA",Women-Owned,~15mi zone,True,95,Tee Box,
c182c68c-adf6-480a-ae35-5556f3bc7d43,Bunny Village Child Development Center,(203) 272-3090,http://www.bunnyvillage.com/,4.4,7,"510 Cornwall Ave, Cheshire, CT 06410, USA",Women-Owned,~15mi zone,True,95,Tee Box,
26d7a71b-69d5-4b0a-9551-fa68ba87887c,Kinder Garden Learning Center,(203) 686-1586,https://www.kinder-garden.net/,4.6,12,"20 S Broad Terrace, Meriden, CT 06450, USA",Women-Owned,~15mi zone,True,95,Tee Box,
11b07440-892c-4f60-8a2a-310768052401,The Nest Schools Wallingford,(475) 471-1322,https://thenestschool.com/locations/wallingford/,5.0,15,"7 Research Pkwy, Wallingford, CT 06492, USA",Women-Owned,~15mi zone,True,95,Tee Box,
4173f2fc-572d-4966-815a-06df3aab3210,YMCA Learning Community at Masonicare,(203) 269-4497,http://www.wallingfordymca.org/,5.0,2,"22 Masonic Ave, Wallingford, CT 06492, USA",Women-Owned,~15mi zone,True,95,Tee Box,
6bebf72a-0b07-46db-b9c3-1c868c548a23,BrightPath Wallingford Child Care Center,(860) 580-5328,https://brightpathkids.com/us/locations/wallingford,4.9,48,"15 N Plains Industrial Rd, Wallingford, CT 06492, USA",Women-Owned,~15mi zone,True,95,Tee Box,
ef87d917-446e-46d2-8d2a-93398fb87b19,Meriden YMCA Headstart,(203) 238-9166,https://www.meridenymca.org/programs/Child-Care/PreSchool/Meriden-YMCA-Head-Start/,4.1,21,"398 Liberty St, Meriden, CT 06450, USA",Women-Owned,~15mi zone,True,95,Tee Box,
52611128-8f42-4ca0-8efe-beae570edaae,Neighborhood Preschool,(860) 685-3710,https://npswesleyan.org/,3.9,7,"60 Long Ln, Middletown, CT 06457, USA",Women-Owned,~15mi zone,True,95,Tee Box,
6504a8b5-c87c-421b-9419-490d39625585,Kids Care Child Dev Center,(203) 265-5111,https://www.kidscarecdc.com/,4.6,10,"951 N Main Street Ext, Wallingford, CT 06492, USA",Women-Owned,~15mi zone,True,95,Tee Box,
4222fcb1-4881-42da-93f5-e81d8120d7e1,See Us Grow Childcare & Learning Center of Wallingford LLC,(203) 590-8381,http://www.seeusgrow.org/,4.6,5,"1052 S Colony St, Wallingford, CT 06492, USA",Women-Owned,~15mi zone,True,95,Tee Box,
adbeb62f-bc06-4dc4-a50b-a8174b233a6a,KLA Schools of Wallingford,(475) 262-8559,https://www.klaschools.com/wallingford?utm_source=google&utm_medium=organic&utm_campaign=gbp-listing-wallingford,4.9,14,"3 Technology Dr, Wallingford, CT 06492, USA",Women-Owned,~15mi zone,True,95,Tee Box,
23c10553-e32c-421d-a26f-a9295a39b0a4,Blossoming Minds Early Childhood Learning Center,(203) 707-9855,https://blossomingmindscenter.com/,4.9,52,"690 Main St S Suite 8ll, Southbury, CT 06488, USA",Women-Owned,~15mi zone,True,95,Tee Box,
c3cac084-32d8-40a4-94f1-ece309ba2125,Wesley Learning Center,(203) 426-6149,https://www.wesleylearningcenter.org/,4.6,10,"92 Church Hill Rd, Sandy Hook, CT 06482, USA",Women-Owned,~15mi zone,True,95,Tee Box,
ac1e2b63-dc70-4e34-987a-97f018461573,Child's World Preschool-Child Cr,(203) 263-0063,https://childsworldpreschoolandchildcare.com/,5.0,3,"449 Grassy Hill Rd, Woodbury, CT 06798, USA",Women-Owned,~15mi zone,True,95,Tee Box,
752ed30f-9896-4755-8625-6b3792dc39a6,Kid's Club Learning Center,(203) 888-1547,http://www.kidsclubpreschool.com/,5.0,3,"91 W Church St, Seymour, CT 06483, USA",Women-Owned,~15mi zone,True,95,Tee Box,
316f0e33-047f-4a31-8eac-f578cc4c7491,Tender Years Too Child Development Center,(203) 262-6426,http://tenderyearstoo.com/,4.2,5,"41 Poverty Rd #76g, Southbury, CT 06488, USA",Women-Owned,~15mi zone,True,95,Tee Box,
e97696dd-35aa-43b1-873f-cf5d46381b8d,Kokopelli Discovery Center,(203) 881-2400,https://www.kokopellidiscovery.com/,5.0,5,"44 Smith St, Seymour, CT 06483, USA",Women-Owned,~15mi zone,True,95,Tee Box,
0340b66e-d5c6-42aa-bed2-2e17a9f09004,Kids Castle Child Care Learning Center,(203) 350-9280,https://newtownchildcare.com/,5.0,3,"10 Commerce Rd, Newtown, CT 06470, USA",Women-Owned,~15mi zone,True,95,Tee Box,
b1828a72-c2fe-46bd-959b-dba65e867e90,"Bright Years Southbury, CT",(475) 335-8665,https://brightyears.com/southbury/,5.0,5,"1486 Southford Rd, Southbury, CT 06488, USA",Women-Owned,~15mi zone,True,95,Tee Box,
4b3fb927-298b-47aa-a7af-24fae048f4c4,Creative Starts Learning Center,(203) 888-1020,http://creativestartslc.com/,4.6,18,"35 Old State Rd 67, Oxford, CT 06478, USA",Women-Owned,~15mi zone,True,95,Tee Box,
6004c450-9c88-4c4a-ac05-7982def75714,Merryhill Child Care Center,(203) 426-9847,https://www.merryhillcenter.com/,5.0,7,"49 Queen St, Newtown, CT 06470, USA",Women-Owned,~15mi zone,True,95,Tee Box,
ac0b3422-2ffd-4c3f-bdeb-2e986092a032,"The Learning Barn Childcare Center & Preschool, LLC.",(203) 489-0227,http://thelearningbarnchildcare.com/,3.9,21,"980 Rubber Ave, Naugatuck, CT 06770, USA",Women-Owned,~15mi zone,True,95,Tee Box,
891b8007-5034-4c20-96c5-1098f83ef3e9,Cadence Academy Preschool,(203) 721-7400,https://www.cadence-education.com/locations/ct/middlebury/547/?utm_source=google&utm_medium=local_listing&utm_campaign=local_seo,3.4,29,"984 Southford Rd # 984, Middlebury, CT 06762, USA",Women-Owned,~15mi zone,True,95,Tee Box,
2c052482-6be8-4a61-bb6a-f168328a03f6,BrightPath Oxford Child Care Center,(860) 580-5328,https://brightpathkids.com/us/locations/oxford,4.5,59,"290 Main St, Oxford, CT 06478, USA",Women-Owned,~15mi zone,True,95,Tee Box,
14fe5e2f-177e-4593-8656-d915475ece84,Children's Adventure Center,(203) 426-3018,http://www.childrensadventurecenter.com/,4.6,5,"14 Riverside Rd, Sandy Hook, CT 06482, USA",Women-Owned,~15mi zone,True,95,Tee Box,
9b4b231b-c4b6-4711-88fd-d596088fb335,Misty Morning Children's Center,(203) 270-6771,,5.0,4,"10 Commerce Rd, Newtown, CT 06470, USA",Women-Owned,~15mi zone,True,95,Tee Box,
7ee525d9-f095-471d-973d-fdaaa8e364ee,Hyland Early Learning Center,(860) 722-6564,https://www.hartfordct.gov/Government/Departments/DFCYR/DFCYR_Early-Learning/DFCYR_HtfdELC,5.0,3,"355 New Britain Ave, Hartford, CT 06106, USA",Women-Owned,~15mi zone,True,95,Tee Box,
c3ae3717-fc3a-451a-8986-20cb2e065df6,The Learning Experience - Cromwell-Rocky Hill,(860) 316-2766,https://thelearningexperience.com/centers/cromwell-rocky-hill/?utm_source=google&utm_medium=organic&utm_campaign=gbp_listing,4.5,100,"181 Shunpike Rd, Cromwell, CT 06416, USA",Women-Owned,~15mi zone,True,95,Tee Box,
e42c840b-625f-413e-9815-5d49a99246ee,The Learning Experience - Newington,(860) 500-7031,https://thelearningexperience.com/centers/newington/?utm_source=google&utm_medium=organic&utm_campaign=gbp_listing,3.9,43,"395 Willard Ave, Newington, CT 06111, USA",Women-Owned,~15mi zone,True,95,Tee Box,
abd3e03a-469a-42ae-b5f1-076e0acf415e,Learn 'N Play Childcare,(860) 259-4286,https://www.facebook.com/4learnnplaychildcare/?ref=bookmarks,4.7,27,"357 Allen St Unit A, New Britain, CT 06053, USA",Women-Owned,~15mi zone,True,95,Tee Box,
8506893c-073e-4671-a0d7-82c5cc857b02,Newington KinderCare,(860) 665-0729,https://www.kindercare.com/our-centers/newington/ct/301383?utm_campaign=kc-lg&utm_source=yext&utm_medium=pro&utm_keyword=&utm_platform=&utm_matchtype=&utm_adgroupid=&utm_content=gmb&y_source=1_NTA3ODE5LTcxNS1sb2NhdGlvbi53ZWJzaXRl,4.8,78,"143 Pascone Pl, Newington, CT 06111, USA",Women-Owned,~15mi zone,True,95,Tee Box,
8eb8faf4-6283-4039-9b24-b5c03940ccc0,Nevi's Learning Corner LLC,(860) 818-2904,http://nevislearningcorner.com/,5.0,6,"27 Judd Rd, Wethersfield, CT 06109, USA",Women-Owned,~15mi zone,True,95,Tee Box,
ab22c2d7-9a7b-40cc-b662-09b16e2979ba,BrightPath Berlin Child Care Center,(860) 580-5328,https://brightpathkids.com/us/locations/berlin,4.5,83,"9 High Rd, Berlin, CT 06037, USA",Women-Owned,~15mi zone,True,95,Tee Box,
eb7797b3-11fa-47a1-88bf-91e5617326b1,The Goddard School of Newington,(860) 969-1313,https://www.goddardschool.com/schools/ct/newington/newington?utm_source=google&utm_medium=business_listings&utm_campaign=school&utm_content=main_button,4.7,29,"320 Alumni Rd, Newington, CT 06111, USA",Women-Owned,~15mi zone,True,95,Tee Box,
0b66000a-49e6-4759-8c0b-c69a6d555d23,The Goddard School of Rocky Hill,(860) 969-0300,https://www.goddardschool.com/schools/ct/rocky-hill/rocky-hill?utm_source=google&utm_medium=business_listings&utm_campaign=school&utm_content=main_button,4.5,38,"1155 Elm St Ext, Rocky Hill, CT 06067, USA",Women-Owned,~15mi zone,True,95,Tee Box,
d764dffc-fb44-49c2-b1bd-4f0f3d14158e,Mimi's Little Academy,(860) 978-1321,https://mimislittleacademy.com/,5.0,4,"31 Bingham St, New Britain, CT 06051, USA",Women-Owned,~15mi zone,True,95,Tee Box,
b1f9976c-88c1-4159-8948-f5b8afcde6cf,Kangaroo's Korner Early Learning,(860) 945-6628,https://www.kangarooskorner.org/,4.8,5,"120 French Mountain Rd, Watertown, CT 06795, USA",Women-Owned,~15mi zone,True,95,Tee Box,
798e76df-bb1c-4c93-aa9c-8627e6e5873f,First Step Child Care & Learning Center,(203) 498-0812,http://www.firststepct.com/,4.7,32,"95 Hamilton St, New Haven, CT 06511, USA",Women-Owned,~15mi zone,True,95,Tee Box,
d371533e-621f-4b8e-a316-4e83347bb0ea,Branford Early Learning Center,(203) 488-4512,https://www.branfordearlylearningcenter.com/,5.0,9,"16 Birch Rd, Branford, CT 06405, USA",Women-Owned,~15mi zone,True,95,Tee Box,
9972a233-82dd-4374-a5a6-17d88188c897,The Learning Experience - New Haven,(203) 507-2405,https://thelearningexperience.com/centers/new-haven/?utm_source=google&utm_medium=organic&utm_campaign=gbp_listing,4.1,57,"520 Rev Dr M L King Jr Blvd, New Haven, CT 06519, USA",Women-Owned,~15mi zone,True,95,Tee Box,
4ff97c2b-4037-4d02-879f-f38dfeff4e2b,Sunny Side Up Early Care Learning Center,(203) 239-7395,http://sunnysideupearlycare.com/,4.4,7,"76 Maple Ave, North Haven, CT 06473, USA",Women-Owned,~15mi zone,True,95,Tee Box,
94c84709-c952-4a94-b328-2bb867bcfd35,Educare Learning Academy Connecticut,(203) 553-7926,http://www.educarect.org/,5.0,10,"1911 State St, Hamden, CT 06517, USA",Women-Owned,~15mi zone,True,95,Tee Box,
788adf02-9bb3-4cd3-9d4a-2641a476d7f3,The Learning Curve Daycare - TLCdaycare,(203) 296-3440,http://www.tlcdaycarect.com/,4.3,29,"60 Connolly Pkwy building 18, Hamden, CT 06514, USA",Women-Owned,~15mi zone,True,95,Tee Box,
8d2af85c-6bc5-4232-a776-0f70ffe4b92b,Friends Center For Children,(203) 468-1966,http://friendscenterforchildren.org/,4.3,19,"227 E Grand Ave, New Haven, CT 06513, USA",Women-Owned,~15mi zone,True,95,Tee Box,
49ab3a6c-a460-49f0-981a-889b7e84f59c,The Learning Center,(475) 655-2488,https://www.131learningcenter.com/,3.8,9,"131 Leeder Hill Dr, Hamden, CT 06517, USA",Women-Owned,~15mi zone,True,95,Tee Box,
9bd7fc89-836f-4885-9d8a-0685c4300b60,Sunshine Pre-School LLC,(203) 562-5840,http://www.sunshinepreschool-hamden.com/,5.0,17,"20 Augur St, Hamden, CT 06517, USA",Women-Owned,~15mi zone,True,95,Tee Box,
af6ed163-637e-42ed-8442-06ca6aba1789,New Haven KinderCare,(203) 865-0020,https://www.kindercare.com/our-centers/new-haven/ct/070294?utm_campaign=kc-lg&utm_source=yext&utm_medium=pro&utm_keyword=&utm_platform=&utm_matchtype=&utm_adgroupid=&utm_content=gmb&y_source=1_NTA3MDEzLTcxNS1sb2NhdGlvbi53ZWJzaXRl,4.2,24,"555 Long Wharf Dr, New Haven, CT 06511, USA",Women-Owned,~15mi zone,True,95,Tee Box,
81e5a9be-9f23-4105-93fc-65f11c3843a2,Guilford Center for Children,(203) 453-8050,http://guilfordcenterforchildren.com/,4.6,11,"47 Stone House Ln, Guilford, CT 06437, USA",Women-Owned,~15mi zone,True,95,Tee Box,
b1b41463-c025-4b23-8695-e17333419b67,Hope Child Development Center,(203) 865-4673,http://hope4nhv.org/,4.6,9,"81 Olive St, New Haven, CT 06511, USA",Women-Owned,~15mi zone,True,95,Tee Box,
08a85179-8129-454d-91c6-a17334c1610a,See Us Grow Childcare & Learning Center LLC,(203) 896-8916,http://seeusgrow.org/,4.8,21,"221 W Main St, Branford, CT 06405, USA",Women-Owned,~15mi zone,True,95,Tee Box,
ad60dd9f-9a50-4dcd-8974-ae52cd136b9d,Calvin Hill Daycare,(203) 764-9350,http://calvinhilldaycare.org/,4.2,5,"150 Highland St, New Haven, CT 06511, USA",Women-Owned,~15mi zone,True,95,Tee Box,
8af945f3-8c94-4e2a-b17e-5ff312c91c79,Mt. Carmel KinderCare,(203) 248-8262,https://www.kindercare.com/our-centers/hamden/ct/301764?utm_campaign=kc-lg&utm_source=yext&utm_medium=pro&utm_keyword=&utm_platform=&utm_matchtype=&utm_adgroupid=&utm_content=gmb&y_source=1_NTA4MTAzLTcxNS1sb2NhdGlvbi53ZWJzaXRl,4.7,38,"3025 Dixwell Ave, Hamden, CT 06518, USA",Women-Owned,~15mi zone,True,95,Tee Box,
0a55ad99-19eb-4f9a-a575-321b2e190c5f,The Nest at Alphabet Academy,(203) 436-2378,http://thenestct.com/,5.0,4,"Curtis Hall, 350 Canner St, New Haven, CT 06511, USA",Women-Owned,~15mi zone,True,95,Tee Box,
bb62a9bc-f166-4675-bb91-fa9aff2737fe,Leila Day Nursery,(203) 624-1374,http://www.leiladay.org/,3.9,16,"100 Cold Spring St, New Haven, CT 06511, USA",Women-Owned,~15mi zone,True,95,Tee Box,
bd1ef7e1-08ac-466c-a279-2776ce7511ac,"Alphabet Academy, North Campus",(203) 361-3340,http://thealphabetacademy.com/,5.0,5,"2389 Dixwell Ave, Hamden, CT 06514, USA",Women-Owned,~15mi zone,True,95,Tee Box,
4418bf9a-84bb-40b2-b508-9e4364ab1533,"Bright Years Guilford, CT",(475) 335-8330,https://brightyears.com/guilford/,5.0,5,"441 Boston St, Guilford, CT 06437, USA",Women-Owned,~15mi zone,True,95,Tee Box,
2aed8992-ce34-4840-856e-e3cad01b612f,"Bright Years North Branford, CT",(475) 265-6566,https://brightyears.com/north-branford/,4.7,6,"274 Branford Rd, North Branford, CT 06471, USA",Women-Owned,~15mi zone,True,95,Tee Box,
a2f5737b-5aa4-4739-a9d0-fe7f9612db5f,Duck Pond Day Care Branford,(203) 481-8170,http://duckpondlearningcenter.com/,5.0,9,"30 Jefferson Rd, Branford, CT 06405, USA",Women-Owned,~15mi zone,True,95,Tee Box,
3cc99e38-e487-4de9-ad60-4497fe2505cf,Pine Orchard Nursery School,(203) 488-3769,http://www.pineorchardnurseryschool.org/,4.7,9,"149 S Montowese St, Branford, CT 06405, USA",Women-Owned,~15mi zone,True,95,Tee Box,
ce5bca57-bad0-4b7a-9f2f-9cbc2286a3a0,Bethesda Nursery School,(203) 787-5439,http://www.bethesdanurseryschool.org/,5.0,13,"305 St Ronan St, New Haven, CT 06511, USA",Women-Owned,~15mi zone,True,95,Tee Box,
8a98db92-ead4-4be9-b96f-0e6adbb7ad8e,Phyllis Bodel Child Care Center,(203) 785-3829,https://medicine.yale.edu/bodelchildcare/,3.8,17,"367 Cedar St, New Haven, CT 06510, USA",Women-Owned,~15mi zone,True,95,Tee Box,
8289761f-181d-4e0b-ad05-c1d40f53c0f9,Old Stone Church Playschool,(203) 467-0661,https://oldstonechurchucc.org/early-learning-center/,3.4,5,"251 Main St, East Haven, CT 06512, USA",Women-Owned,~15mi zone,True,95,Tee Box,
940c20a0-4e25-4c5b-985f-b5392301dae9,Over the Rainbow Hamden,(203) 230-8449,http://overtherainbowkids.com/,4.8,24,"700 Hartford Tpke, Hamden, CT 06517, USA",Women-Owned,~15mi zone,True,95,Tee Box,
ca8731e3-866b-4350-bbbd-ad7000b4608a,Edith B Jackson Child Care,(203) 764-9416,https://ebjchildcare.org/,5.0,2,"405 Canner St, New Haven, CT 06511, USA",Women-Owned,~15mi zone,True,95,Tee Box,
8be1ac0f-d0ce-4f7f-aa65-a974cf4755ae,LEARN & PLAY CHRISTIAN EARLY LEARNING CENTER,(203) 488-4028,https://www.learnandplaychristian.org/,4.4,5,"811 E Main St, Branford, CT 06405, USA",Women-Owned,~15mi zone,True,95,Tee Box,
08383d9f-54f7-40da-9628-8405d48e3443,North Haven KinderCare,(203) 239-7474,https://www.kindercare.com/our-centers/north-haven/ct/300767?utm_campaign=kc-lg&utm_source=yext&utm_medium=pro&utm_keyword=&utm_platform=&utm_matchtype=&utm_adgroupid=&utm_content=gmb&y_source=1_NTA3MzQ0LTcxNS1sb2NhdGlvbi53ZWJzaXRl,4.8,24,"70A Washington Ave, North Haven, CT 06473, USA",Women-Owned,~15mi zone,True,95,Tee Box,
c80dd25e-a28b-4c8d-ad3f-9f1b38f84b7c,"Shelton Strong Start Early Care & Education, LLC",(203) 307-5500,https://www.astrongstart.com/shelton/,4.5,33,"901 Bridgeport Ave, Shelton, CT 06484, USA",Women-Owned,~15mi zone,True,95,Tee Box,
211738f3-cb50-4b72-bded-64e775ff5701,Pieces of the Puzzle Early Learning Center LLC,(475) 269-2405,http://piecesofthepuzzleelc.com/,4.9,47,"917 Bridgeport Ave, Shelton, CT 06484, USA",Women-Owned,~15mi zone,True,95,Tee Box,
5adaa531-c861-4d33-a680-41bf7d35c6ee,Building Blocks Early Learning Center in Monroe,(203) 261-6330,https://blockslearning.com/locations/monroe/?utm_source=google_my_business&utm_medium=dir&utm_campaign=dir_GMB&utm_content=Monroe,5.0,44,"477 Main St, Monroe, CT 06468, USA",Women-Owned,~15mi zone,True,95,Tee Box,
7de80d59-56c8-4630-8867-6021a2d53ae7,Cadence Academy Preschool,(203) 836-8100,https://www.cadence-education.com/locations/ct/orange/539/?utm_source=google&utm_medium=local_listing&utm_campaign=local_seo,4.6,43,"801 Baldwin Rd, Orange, CT 06477, USA",Women-Owned,~15mi zone,True,95,Tee Box,
272fdba0-1c75-4f68-b9d7-3147b4fc5623,The Goddard School of Shelton,(203) 263-1234,https://goddardschool.com/schools/ct/shelton/shelton?utm_source=google&utm_medium=business_listings&utm_campaign=school&utm_content=main_button,5.0,12,"749 Bridgeport Ave, Shelton, CT 06484, USA",Women-Owned,~15mi zone,True,95,Tee Box,
8fadb129-e77f-453c-b76d-b7b834b43ebe,Explorers Learning Center,(203) 881-5437,http://www.explorerslearning.com/,4.1,15,"30C Progress Ave, Seymour, CT 06483, USA",Women-Owned,~15mi zone,True,95,Tee Box,
152286a7-05bd-4c37-8b30-814b01f047ca,Miss Nicole's Creative Learning Center,(203) 298-4660,http://www.missnicoles.com/,5.0,42,"460 Racebrook Rd, Orange, CT 06477, USA",Women-Owned,~15mi zone,True,95,Tee Box,
9e8f417c-d673-427f-88a8-4fe741584e11,A Child's Garden,(203) 402-0334,http://www.achildsgarden.net/,3.9,21,"20 Ivy Brook Rd, Shelton, CT 06484, USA",Women-Owned,~15mi zone,True,95,Tee Box,
3c27d309-d1a6-49c6-bf01-fbcf088c9515,Stepaway Preschool,(203) 261-4717,http://stepaway.org/,5.0,10,"423 Main St, Monroe, CT 06468, USA",Women-Owned,~15mi zone,True,95,Tee Box,
a65d65b6-ba54-42bc-a971-dfb48920b201,Teddy Bear Treehouse Learning Center,(203) 888-2900,http://www.teddybear-tlc.com,3.7,3,"200 S Main St, Seymour, CT 06483, USA",Women-Owned,~15mi zone,True,95,Tee Box,
